provider_player_id,player_name,season,competition,club,position_raw,position,matches,minutes,goals,xg,non_penalty_goals,non_penalty_xg,assists,xa,shots,key_passes,xg_chain,xg_buildup,goals_p90,xg_p90,assists_p90,xa_p90,shots_p90,key_passes_p90,xg_chain_p90,xg_buildup_p90,source_provider
534,Aaron Cresswell,2021-2022,ENG-Premier League,West Ham,D,Defender,31,2734,2.0,0.9124,2.0,0.9124,3.0,3.6706,18.0,31.0,10.5437,9.6247,0.0658,0.03,0.0988,0.1208,0.5925,1.0205,0.3471,0.3168,understat
7699,Adam Webster,2021-2022,ENG-Premier League,Brighton,D S,Defender,22,1419,2.0,1.4867,2.0,1.4867,0.0,0.0369,8.0,1.0,3.1694,3.1523,0.1268,0.0943,0.0,0.0023,0.5074,0.0634,0.201,0.1999,understat
1828,Alex Telles,2021-2022,ENG-Premier League,Manchester United,D S,Defender,21,1659,0.0,0.4515,0.0,0.4515,4.0,2.167,10.0,26.0,7.5149,6.4593,0.0,0.0245,0.217,0.1176,0.5425,1.4105,0.4077,0.3504,understat
200,Andreas Christensen,2021-2022,ENG-Premier League,Chelsea,D S,Defender,19,1499,0.0,0.799,0.0,0.799,0.0,0.1927,5.0,6.0,8.3028,8.2916,0.0,0.048,0.0,0.0116,0.3002,0.3602,0.4985,0.4978,understat
1688,Andrew Robertson,2021-2022,ENG-Premier League,Liverpool,D,Defender,29,2550,3.0,2.2712,3.0,2.2712,10.0,6.1975,19.0,55.0,18.6197,14.2774,0.1059,0.0802,0.3529,0.2187,0.6706,1.9412,0.6572,0.5039,understat
528,Angelo Ogbonna,2021-2022,ENG-Premier League,West Ham,D,Defender,11,921,1.0,0.6117,1.0,0.6117,0.0,0.0,3.0,0.0,1.0062,0.9552,0.0977,0.0598,0.0,0.0,0.2932,0.0,0.0983,0.0933,understat
1822,Antonio Rüdiger,2021-2022,ENG-Premier League,Chelsea,D,Defender,34,3036,3.0,2.6755,3.0,2.6755,0.0,0.7367,48.0,12.0,17.8128,17.0052,0.0889,0.0793,0.0,0.0218,1.4229,0.3557,0.528,0.5041,understat
934,Axel Tuanzebe,2021-2022,ENG-Premier League,Aston Villa,D S,Defender,9,507,0.0,0.1549,0.0,0.1549,0.0,0.0,2.0,0.0,0.8888,0.8888,0.0,0.0275,0.0,0.0,0.355,0.0,0.1578,0.1578,understat
2498,Aymeric Laporte,2021-2022,ENG-Premier League,Manchester City,D,Defender,33,2848,4.0,4.4545,4.0,4.4545,0.0,0.6116,35.0,9.0,18.6375,18.2206,0.1264,0.1408,0.0,0.0193,1.106,0.2844,0.589,0.5758,understat
660,Ben Davies,2021-2022,ENG-Premier League,Tottenham,D S,Defender,29,2542,1.0,2.4761,1.0,2.4761,1.0,0.6462,18.0,11.0,13.4935,12.4854,0.0354,0.0877,0.0354,0.0229,0.6373,0.3895,0.4777,0.442,understat
1707,Ben Gibson,2021-2022,ENG-Premier League,Norwich,D,Defender,28,2496,0.0,1.3601,0.0,1.3601,0.0,0.1156,8.0,3.0,4.1141,4.0749,0.0,0.049,0.0,0.0042,0.2885,0.1082,0.1483,0.1469,understat
7689,Ben Godfrey,2021-2022,ENG-Premier League,Everton,D,Defender,23,2034,0.0,1.3013,0.0,1.3013,0.0,0.707,18.0,12.0,2.7757,2.2781,0.0,0.0576,0.0,0.0313,0.7965,0.531,0.1228,0.1008,understat
6424,Ben Johnson,2021-2022,ENG-Premier League,West Ham,D S,Defender,20,1402,1.0,0.1485,1.0,0.1485,0.0,0.5554,5.0,9.0,4.078,3.7417,0.0642,0.0095,0.0,0.0357,0.321,0.5777,0.2618,0.2402,understat
1654,Ben Mee,2021-2022,ENG-Premier League,Burnley,D,Defender,21,1839,3.0,2.5611,3.0,2.5611,0.0,1.275,19.0,5.0,2.5687,2.48,0.1468,0.1253,0.0,0.0624,0.9299,0.2447,0.1257,0.1214,understat
7298,Ben White,2021-2022,ENG-Premier League,Arsenal,D,Defender,32,2880,0.0,0.6877,0.0,0.6877,0.0,1.1922,12.0,13.0,10.001,9.3364,0.0,0.0215,0.0,0.0373,0.375,0.4062,0.3125,0.2918,understat
8075,Brandon Williams,2021-2022,ENG-Premier League,Norwich,D S,Defender,26,2120,0.0,0.1553,0.0,0.1553,1.0,1.9217,4.0,21.0,4.284,3.1663,0.0,0.0066,0.0425,0.0816,0.1698,0.8915,0.1819,0.1344,understat
5264,Caglar Söyüncü,2021-2022,ENG-Premier League,Leicester,D,Defender,28,2500,1.0,1.0081,1.0,1.0081,0.0,0.0874,8.0,3.0,5.9092,5.8219,0.036,0.0363,0.0,0.0031,0.288,0.108,0.2127,0.2096,understat
6044,Charlie Taylor,2021-2022,ENG-Premier League,Burnley,D S,Defender,31,2729,0.0,0.1939,0.0,0.1939,3.0,3.4197,7.0,20.0,6.8722,4.5548,0.0,0.0064,0.0989,0.1128,0.2309,0.6596,0.2266,0.1502,understat
1725,Christian Kabasele,2021-2022,ENG-Premier League,Watford,D S,Defender,16,1188,0.0,1.3147,0.0,1.3147,0.0,0.1767,7.0,2.0,0.7724,0.7071,0.0,0.0996,0.0,0.0134,0.5303,0.1515,0.0585,0.0536,understat
875,Ciaran Clark,2021-2022,ENG-Premier League,Newcastle United,D S,Defender,13,1011,0.0,1.0102,0.0,1.0102,1.0,0.1965,7.0,4.0,1.7617,1.6704,0.0,0.0899,0.089,0.0175,0.6231,0.3561,0.1568,0.1487,understat
5568,Connor Roberts,2021-2022,ENG-Premier League,Burnley,D S,Defender,21,1686,1.0,0.2226,1.0,0.2226,1.0,1.1593,6.0,13.0,3.6432,2.4139,0.0534,0.0119,0.0534,0.0619,0.3203,0.694,0.1945,0.1289,understat
6851,Conor Coady,2021-2022,ENG-Premier League,Wolverhampton Wanderers,D,Defender,38,3369,4.0,2.3265,4.0,2.3265,0.0,0.0783,12.0,3.0,5.3487,5.3224,0.1069,0.0621,0.0,0.0021,0.3206,0.0801,0.1429,0.1422,understat
581,Craig Cathcart,2021-2022,ENG-Premier League,Watford,D S,Defender,31,2395,0.0,0.1615,0.0,0.1615,1.0,1.4213,3.0,3.0,1.9475,1.9475,0.0,0.0061,0.0376,0.0534,0.1127,0.1127,0.0732,0.0732,understat
804,Craig Dawson,2021-2022,ENG-Premier League,West Ham,D S,Defender,34,2760,2.0,2.9424,2.0,2.9424,2.0,1.0429,25.0,5.0,5.0172,4.9214,0.0652,0.0959,0.0652,0.034,0.8152,0.163,0.1636,0.1605,understat
7218,Cristian Romero,2021-2022,ENG-Premier League,Tottenham,D S,Defender,22,1850,1.0,0.4115,1.0,0.4115,0.0,0.3777,6.0,6.0,9.463,9.0533,0.0486,0.02,0.0,0.0184,0.2919,0.2919,0.4604,0.4404,understat
847,Cédric Soares,2021-2022,ENG-Premier League,Arsenal,D S,Defender,21,1483,1.0,0.4897,1.0,0.4897,1.0,1.5193,12.0,18.0,5.3501,4.6193,0.0607,0.0297,0.0607,0.0922,0.7283,1.0924,0.3247,0.2803,understat
7382,Dan Burn,2021-2022,ENG-Premier League,"Brighton,Newcastle United",D S,Defender,29,2465,1.0,1.6115,1.0,1.6115,1.0,1.4532,18.0,6.0,2.9699,2.9461,0.0365,0.0588,0.0365,0.0531,0.6572,0.2191,0.1084,0.1076,understat
759,Daniel Amartey,2021-2022,ENG-Premier League,Leicester,D S,Defender,28,2111,0.0,0.0229,0.0,0.0229,0.0,0.2451,2.0,4.0,4.305,4.2821,0.0,0.001,0.0,0.0104,0.0853,0.1705,0.1835,0.1826,understat
641,Danny Rose,2021-2022,ENG-Premier League,Watford,D S,Defender,8,692,0.0,0.1566,0.0,0.1566,0.0,0.6318,4.0,5.0,1.551,0.8792,0.0,0.0204,0.0,0.0822,0.5202,0.6503,0.2017,0.1143,understat
6249,Davinson Sánchez,2021-2022,ENG-Premier League,Tottenham,D S,Defender,23,1618,2.0,2.0042,2.0,2.0042,0.0,0.292,13.0,5.0,7.7106,7.4833,0.1112,0.1115,0.0,0.0162,0.7231,0.2781,0.4289,0.4163,understat
2163,Diego Llorente,2021-2022,ENG-Premier League,Leeds,D,Defender,28,2351,3.0,1.9779,3.0,1.9779,0.0,0.0478,10.0,2.0,2.1757,2.1757,0.1148,0.0757,0.0,0.0018,0.3828,0.0766,0.0833,0.0833,understat
9745,Dimitris Giannoulis,2021-2022,ENG-Premier League,Norwich,D S,Defender,18,1170,0.0,0.1043,0.0,0.1043,1.0,0.5381,2.0,9.0,2.3208,1.8955,0.0,0.008,0.0769,0.0414,0.1538,0.6923,0.1785,0.1458,understat
7281,Diogo Dalot,2021-2022,ENG-Premier League,Manchester United,D S,Defender,24,1790,0.0,0.6603,0.0,0.6603,0.0,0.8457,13.0,16.0,7.871,6.7551,0.0,0.0332,0.0,0.0425,0.6536,0.8045,0.3957,0.3396,understat
7430,Emerson,2021-2022,ENG-Premier League,Tottenham,D S,Defender,31,2296,1.0,2.0201,1.0,2.0201,1.0,2.4506,15.0,28.0,12.5767,9.2611,0.0392,0.0792,0.0392,0.0961,0.588,1.0976,0.493,0.363,understat
1545,Emil Krafth,2021-2022,ENG-Premier League,Newcastle United,D S,Defender,20,1636,0.0,0.2296,0.0,0.2296,1.0,1.0393,6.0,6.0,3.7981,3.6668,0.0,0.0126,0.055,0.0572,0.3301,0.3301,0.2089,0.2017,understat
643,Eric Dier,2021-2022,ENG-Premier League,Tottenham,D,Defender,35,3071,0.0,1.5635,0.0,1.5635,0.0,1.3193,14.0,8.0,15.4362,14.8242,0.0,0.0458,0.0,0.0387,0.4103,0.2345,0.4524,0.4344,understat
887,Erik Pieters,2021-2022,ENG-Premier League,Burnley,D S,Defender,12,722,0.0,0.1499,0.0,0.1499,1.0,0.7618,7.0,2.0,2.1208,1.2565,0.0,0.0187,0.1247,0.095,0.8726,0.2493,0.2644,0.1566,understat
9678,Ethan Pinnock,2021-2022,ENG-Premier League,Brentford,D,Defender,32,2701,1.0,1.7465,1.0,1.7465,1.0,1.7245,16.0,12.0,6.1848,4.2751,0.0333,0.0582,0.0333,0.0575,0.5331,0.3999,0.2061,0.1425,understat
7726,Ezri Konsa Ngoyo,2021-2022,ENG-Premier League,Aston Villa,D,Defender,29,2494,2.0,1.2069,2.0,1.2069,0.0,0.2707,14.0,4.0,4.5428,4.2916,0.0722,0.0436,0.0,0.0098,0.5052,0.1443,0.1639,0.1549,understat
76,Fabian Schär,2021-2022,ENG-Premier League,Newcastle United,D,Defender,25,2167,2.0,0.8395,2.0,0.8395,2.0,1.4793,20.0,9.0,3.3704,2.8303,0.0831,0.0349,0.0831,0.0614,0.8306,0.3738,0.14,0.1175,understat
708,Federico Fernández,2021-2022,ENG-Premier League,Newcastle United,D S,Defender,7,523,0.0,0.3371,0.0,0.3371,0.0,0.2842,6.0,1.0,0.5563,0.272,0.0,0.058,0.0,0.0489,1.0325,0.1721,0.0957,0.0468,understat
5708,Fernando Marçal,2021-2022,ENG-Premier League,Wolverhampton Wanderers,D S,Defender,18,1468,0.0,0.6045,0.0,0.6045,0.0,0.7217,11.0,10.0,3.9283,3.2729,0.0,0.0371,0.0,0.0442,0.6744,0.6131,0.2408,0.2007,understat
5613,Gabriel,2021-2022,ENG-Premier League,Arsenal,D,Defender,35,3075,5.0,3.5427,5.0,3.5427,0.0,0.2485,29.0,8.0,11.8042,11.4124,0.1463,0.1037,0.0,0.0073,0.8488,0.2341,0.3455,0.334,understat
7690,Grant Hanley,2021-2022,ENG-Premier League,Norwich,D,Defender,33,2899,1.0,1.6962,1.0,1.6962,0.0,0.3979,20.0,6.0,3.5522,3.4606,0.031,0.0527,0.0,0.0124,0.6209,0.1863,0.1103,0.1074,understat
1687,Harry Maguire,2021-2022,ENG-Premier League,Manchester United,D S,Defender,30,2518,1.0,2.2377,1.0,2.2377,0.0,0.1432,23.0,4.0,7.958,7.6964,0.0357,0.08,0.0,0.0051,0.8221,0.143,0.2844,0.2751,understat
3729,Hassane Kamara,2021-2022,ENG-Premier League,Watford,D S,Defender,19,1627,1.0,0.1644,1.0,0.1644,0.0,0.6611,5.0,10.0,3.0576,2.6923,0.0553,0.0091,0.0,0.0366,0.2766,0.5532,0.1691,0.1489,understat
6326,Ibrahima Konaté,2021-2022,ENG-Premier League,Liverpool,D,Defender,11,990,0.0,0.2052,0.0,0.2052,0.0,0.0,4.0,0.0,3.7583,3.7583,0.0,0.0187,0.0,0.0,0.3636,0.0,0.3417,0.3417,understat
3203,Issa Diop,2021-2022,ENG-Premier League,West Ham,D S,Defender,13,964,0.0,0.0563,0.0,0.0563,1.0,0.2918,2.0,1.0,2.0276,1.7358,0.0,0.0053,0.0934,0.0272,0.1867,0.0934,0.1893,0.1621,understat
1735,Jack Stephens,2021-2022,ENG-Premier League,Southampton,D S,Defender,11,806,0.0,0.0,0.0,0.0,0.0,0.2443,0.0,4.0,1.7434,1.6893,0.0,0.0,0.0,0.0273,0.0,0.4467,0.1947,0.1886,understat
766,Jamaal Lascelles,2021-2022,ENG-Premier League,Newcastle United,D S,Defender,26,2052,1.0,1.3373,1.0,1.3373,0.0,0.2317,17.0,4.0,1.4466,1.4466,0.0439,0.0587,0.0,0.0102,0.7456,0.1754,0.0634,0.0634,understat
7753,James Justin,2021-2022,ENG-Premier League,Leicester,D S,Defender,13,993,0.0,0.5318,0.0,0.5318,0.0,0.8498,5.0,9.0,5.4323,4.5367,0.0,0.0482,0.0,0.077,0.4532,0.8157,0.4923,0.4112,understat
1665,James Tarkowski,2021-2022,ENG-Premier League,Burnley,D,Defender,35,3108,1.0,2.9871,1.0,2.9871,2.0,0.4877,22.0,10.0,5.5695,5.2581,0.029,0.0865,0.0579,0.0141,0.6371,0.2896,0.1613,0.1523,understat
530,James Tomkins,2021-2022,ENG-Premier League,Crystal Palace,D S,Defender,8,540,1.0,0.6891,1.0,0.6891,0.0,0.3528,4.0,2.0,0.4859,0.4057,0.1667,0.1148,0.0,0.0588,0.6667,0.3333,0.081,0.0676,understat
6042,Jan Bednarek,2021-2022,ENG-Premier League,Southampton,D S,Defender,31,2637,4.0,2.7923,4.0,2.7923,0.0,0.3659,19.0,6.0,6.6218,6.355,0.1365,0.0953,0.0,0.0125,0.6485,0.2048,0.226,0.2169,understat
111,Jannik Vestergaard,2021-2022,ENG-Premier League,Leicester,D S,Defender,10,561,0.0,0.0388,0.0,0.0388,0.0,0.0673,1.0,1.0,3.7836,3.7836,0.0,0.0062,0.0,0.0108,0.1604,0.1604,0.607,0.607,understat
8222,Japhet Tanganga,2021-2022,ENG-Premier League,Tottenham,D S,Defender,11,751,0.0,0.4486,0.0,0.4486,0.0,0.2456,7.0,2.0,1.5058,1.3856,0.0,0.0538,0.0,0.0294,0.8389,0.2397,0.1805,0.1661,understat
1719,Javier Manquillo,2021-2022,ENG-Premier League,Newcastle United,D S,Defender,19,1273,1.0,0.378,1.0,0.378,2.0,0.471,4.0,4.0,1.6461,0.8073,0.0707,0.0267,0.1414,0.0333,0.2828,0.2828,0.1164,0.0571,understat
8235,Jeremy Ngakia,2021-2022,ENG-Premier League,Watford,D S,Defender,16,895,0.0,0.0931,0.0,0.0931,0.0,0.8598,5.0,4.0,2.3215,2.1997,0.0,0.0094,0.0,0.0865,0.5028,0.4022,0.2334,0.2212,understat
6314,Joachim Andersen,2021-2022,ENG-Premier League,Crystal Palace,D S,Defender,34,2917,0.0,0.4842,0.0,0.4842,3.0,1.3832,8.0,18.0,8.2105,8.0001,0.0,0.0149,0.0926,0.0427,0.2468,0.5554,0.2533,0.2468,understat
332,Joel Matip,2021-2022,ENG-Premier League,Liverpool,D,Defender,31,2790,3.0,2.7208,3.0,2.7208,3.0,2.0788,34.0,12.0,15.5037,13.8098,0.0968,0.0878,0.0968,0.0671,1.0968,0.3871,0.5001,0.4455,understat
510,Joel Ward,2021-2022,ENG-Premier League,Crystal Palace,D S,Defender,28,2487,0.0,0.3406,0.0,0.3406,0.0,0.3251,10.0,6.0,8.6862,8.2208,0.0,0.0123,0.0,0.0118,0.3619,0.2171,0.3143,0.2975,understat
586,John Stones,2021-2022,ENG-Premier League,Manchester City,D S,Defender,14,1114,1.0,1.2149,1.0,1.2149,0.0,0.1626,9.0,4.0,6.5914,6.4356,0.0808,0.0982,0.0,0.0131,0.7271,0.3232,0.5325,0.5199,understat
1084,Jonjoe Kenny,2021-2022,ENG-Premier League,Everton,D S,Defender,15,1014,0.0,0.1626,0.0,0.1626,1.0,0.5759,5.0,11.0,1.7378,1.1256,0.0,0.0144,0.0888,0.0511,0.4438,0.9763,0.1542,0.0999,understat
2280,Jonny,2021-2022,ENG-Premier League,Wolverhampton Wanderers,D S,Defender,13,1020,2.0,0.8669,2.0,0.8669,0.0,1.1286,10.0,11.0,3.1495,1.7416,0.1765,0.0765,0.0,0.0996,0.8824,0.9706,0.2779,0.1537,understat
807,Jonny Evans,2021-2022,ENG-Premier League,Leicester,D S,Defender,18,1355,1.0,1.2848,1.0,1.2848,1.0,0.9207,3.0,4.0,4.2091,4.1138,0.0664,0.0853,0.0664,0.0612,0.1993,0.2657,0.2796,0.2732,understat
2379,João Cancelo,2021-2022,ENG-Premier League,Manchester City,D,Defender,36,3233,1.0,4.5441,1.0,4.5441,7.0,6.0093,81.0,39.0,26.8875,21.1521,0.0278,0.1265,0.1949,0.1673,2.2549,1.0857,0.7485,0.5888,understat
8089,Kieran Tierney,2021-2022,ENG-Premier League,Arsenal,D,Defender,22,1926,1.0,0.6145,1.0,0.6145,3.0,1.2466,15.0,20.0,6.7282,5.2738,0.0467,0.0287,0.1402,0.0583,0.7009,0.9346,0.3144,0.2464,understat
5043,Kiko Femenía,2021-2022,ENG-Premier League,Watford,D S,Defender,27,2157,0.0,0.0617,0.0,0.0617,5.0,3.5832,3.0,23.0,3.984,3.0229,0.0,0.0026,0.2086,0.1495,0.1252,0.9597,0.1662,0.1261,understat
8852,Konstantinos Tsimikas,2021-2022,ENG-Premier League,Liverpool,D S,Defender,13,866,0.0,0.6706,0.0,0.6706,2.0,2.131,8.0,25.0,6.5047,5.5752,0.0,0.0697,0.2079,0.2215,0.8314,2.5982,0.676,0.5794,understat
9677,Kristoffer Ajer,2021-2022,ENG-Premier League,Brentford,D S,Defender,24,2012,1.0,1.0656,1.0,1.0656,3.0,2.2112,7.0,8.0,5.5533,3.8359,0.0447,0.0477,0.1342,0.0989,0.3131,0.3579,0.2484,0.1716,understat
935,Kurt Zouma,2021-2022,ENG-Premier League,West Ham,D,Defender,24,2083,1.0,0.8131,1.0,0.8131,0.0,0.0839,6.0,2.0,4.4502,4.3194,0.0432,0.0351,0.0,0.0036,0.2592,0.0864,0.1923,0.1866,understat
638,Kyle Walker,2021-2022,ENG-Premier League,Manchester City,D,Defender,20,1759,0.0,0.2225,0.0,0.2225,2.0,1.4552,8.0,11.0,9.6612,8.5141,0.0,0.0114,0.1023,0.0745,0.4093,0.5628,0.4943,0.4356,understat
6048,Lewis Dunk,2021-2022,ENG-Premier League,Brighton,D,Defender,29,2574,1.0,1.4921,1.0,1.4921,0.0,0.4056,19.0,3.0,6.8479,6.8327,0.035,0.0522,0.0,0.0142,0.6643,0.1049,0.2394,0.2389,understat
8816,Liam Cooper,2021-2022,ENG-Premier League,Leeds,D,Defender,21,1814,0.0,0.2801,0.0,0.2801,1.0,0.1322,6.0,4.0,3.402,3.324,0.0,0.0139,0.0496,0.0066,0.2977,0.1985,0.1688,0.1649,understat
1823,Lucas Digne,2021-2022,ENG-Premier League,"Aston Villa,Everton",D,Defender,29,2446,0.0,0.8612,0.0,0.8612,4.0,3.5198,18.0,52.0,7.2711,5.3052,0.0,0.0317,0.1472,0.1295,0.6623,1.9133,0.2675,0.1952,understat
6252,Lyanco,2021-2022,ENG-Premier League,Southampton,D S,Defender,15,898,0.0,0.2555,0.0,0.2555,0.0,0.1741,6.0,3.0,1.7962,1.7198,0.0,0.0256,0.0,0.0174,0.6013,0.3007,0.18,0.1724,understat
9683,Mads Bech Sørensen,2021-2022,ENG-Premier League,Brentford,D S,Defender,11,841,0.0,0.0719,0.0,0.0719,0.0,0.3418,2.0,7.0,1.5663,1.2245,0.0,0.0077,0.0,0.0366,0.214,0.7491,0.1676,0.131,understat
9685,Mads Roerslev,2021-2022,ENG-Premier League,Brentford,D S,Defender,21,1240,1.0,0.2831,1.0,0.2831,1.0,0.9667,5.0,7.0,1.3582,0.4799,0.0726,0.0206,0.0726,0.0702,0.3629,0.5081,0.0986,0.0348,understat
5648,Malang Sarr,2021-2022,ENG-Premier League,Chelsea,D S,Defender,8,549,0.0,0.0207,0.0,0.0207,0.0,0.3876,1.0,3.0,1.3374,0.9394,0.0,0.0034,0.0,0.0635,0.1639,0.4918,0.2192,0.154,understat
7603,Marc Guehi,2021-2022,ENG-Premier League,Crystal Palace,D,Defender,36,3227,2.0,2.4918,2.0,2.4918,1.0,1.2006,19.0,6.0,7.8243,7.7756,0.0558,0.0695,0.0279,0.0335,0.5299,0.1673,0.2182,0.2169,understat
461,Matt Ritchie,2021-2022,ENG-Premier League,Newcastle United,D S,Defender,18,1335,0.0,0.3663,0.0,0.3663,2.0,1.9647,10.0,29.0,2.9606,2.4115,0.0,0.0247,0.1348,0.1325,0.6742,1.9551,0.1996,0.1626,understat
1652,Matthew Lowton,2021-2022,ENG-Premier League,Burnley,D S,Defender,25,1788,1.0,0.7789,1.0,0.7789,2.0,2.1353,10.0,17.0,4.2349,3.1735,0.0503,0.0392,0.1007,0.1075,0.5034,0.8557,0.2132,0.1597,understat
7688,Max Aarons,2021-2022,ENG-Premier League,Norwich,D S,Defender,34,2882,0.0,0.8394,0.0,0.8394,2.0,1.7876,13.0,20.0,4.7625,2.4843,0.0,0.0262,0.0625,0.0558,0.406,0.6246,0.1487,0.0776,understat
7332,Max Kilman,2021-2022,ENG-Premier League,Wolverhampton Wanderers,D,Defender,30,2693,1.0,1.3776,1.0,1.3776,0.0,0.1449,13.0,3.0,5.2326,5.0623,0.0334,0.046,0.0,0.0048,0.4345,0.1003,0.1749,0.1692,understat
1653,Michael Keane,2021-2022,ENG-Premier League,Everton,D S,Defender,32,2799,3.0,1.2031,3.0,1.2031,2.0,1.3396,19.0,8.0,3.248,2.6485,0.0965,0.0387,0.0643,0.0431,0.6109,0.2572,0.1044,0.0852,understat
6923,Mohammed Salisu,2021-2022,ENG-Premier League,Southampton,D S,Defender,34,2972,0.0,1.793,0.0,1.793,0.0,0.5445,24.0,9.0,7.811,7.5806,0.0,0.0543,0.0,0.0165,0.7268,0.2725,0.2365,0.2296,understat
579,Nathan Aké,2021-2022,ENG-Premier League,Manchester City,D S,Defender,14,920,2.0,1.3035,2.0,1.3035,0.0,0.6173,5.0,2.0,4.6342,4.6342,0.1957,0.1275,0.0,0.0604,0.4891,0.1957,0.4533,0.4533,understat
9733,Nathan Collins,2021-2022,ENG-Premier League,Burnley,D S,Defender,19,1671,2.0,1.6455,2.0,1.6455,0.0,1.4841,15.0,5.0,1.536,1.1278,0.1077,0.0886,0.0,0.0799,0.8079,0.2693,0.0827,0.0607,understat
603,Nathaniel Clyne,2021-2022,ENG-Premier League,Crystal Palace,D S,Defender,16,1351,0.0,0.067,0.0,0.067,1.0,0.3154,3.0,6.0,1.6975,1.4626,0.0,0.0045,0.0666,0.021,0.1999,0.3997,0.1131,0.0974,understat
9691,Nuno Tavares,2021-2022,ENG-Premier League,Arsenal,D S,Defender,22,1162,1.0,1.7563,1.0,1.7563,1.0,1.0645,23.0,10.0,6.0609,3.7577,0.0775,0.136,0.0775,0.0825,1.7814,0.7745,0.4694,0.291,understat
6163,Nélson Semedo,2021-2022,ENG-Premier League,Wolverhampton Wanderers,D,Defender,25,2151,0.0,1.3902,0.0,1.3902,1.0,1.3629,19.0,18.0,5.2917,2.8526,0.0,0.0582,0.0418,0.057,0.795,0.7531,0.2214,0.1194,understat
2958,Oleksandr Zinchenko,2021-2022,ENG-Premier League,Manchester City,D S,Defender,15,1026,0.0,0.4875,0.0,0.4875,4.0,2.31,12.0,16.0,12.0968,9.8313,0.0,0.0428,0.3509,0.2026,1.0526,1.4035,1.0611,0.8624,understat
7376,Ozan Kabak,2021-2022,ENG-Premier League,Norwich,D,Defender,11,926,0.0,0.5807,0.0,0.5807,0.0,0.0303,5.0,2.0,0.9166,0.8188,0.0,0.0564,0.0,0.0029,0.486,0.1944,0.0891,0.0796,understat
1801,Pontus Jansson,2021-2022,ENG-Premier League,Brentford,D,Defender,37,3325,3.0,4.5934,3.0,4.5934,1.0,0.5606,22.0,5.0,5.3875,3.8859,0.0812,0.1243,0.0271,0.0152,0.5955,0.1353,0.1458,0.1052,understat
2245,Raphael Varane,2021-2022,ENG-Premier League,Manchester United,D S,Defender,22,1823,1.0,0.7495,1.0,0.7495,1.0,0.214,9.0,4.0,5.6729,5.4604,0.0494,0.037,0.0494,0.0106,0.4443,0.1975,0.2801,0.2696,understat
6674,Rayan Ait Nouri,2021-2022,ENG-Premier League,Wolverhampton Wanderers,D S,Defender,23,1820,1.0,0.5461,1.0,0.5461,2.0,1.6456,13.0,17.0,4.4613,3.4813,0.0495,0.027,0.0989,0.0814,0.6429,0.8407,0.2206,0.1722,understat
1749,Rob Holding,2021-2022,ENG-Premier League,Arsenal,D S,Defender,15,824,1.0,0.5606,1.0,0.5606,0.0,0.0,4.0,0.0,2.1674,2.1674,0.1092,0.0612,0.0,0.0,0.4369,0.0,0.2367,0.2367,understat
3491,Romain Saiss,2021-2022,ENG-Premier League,Wolverhampton Wanderers,D,Defender,31,2721,2.0,3.1988,2.0,3.1988,0.0,0.3213,18.0,7.0,5.6408,5.4336,0.0662,0.1058,0.0,0.0106,0.5954,0.2315,0.1866,0.1797,understat
8961,Rúben Dias,2021-2022,ENG-Premier League,Manchester City,D S,Defender,29,2403,2.0,2.535,2.0,2.535,4.0,3.158,18.0,16.0,16.9405,16.118,0.0749,0.0949,0.1498,0.1183,0.6742,0.5993,0.6345,0.6037,understat
902,Sam Byram,2021-2022,ENG-Premier League,Norwich,D S,Defender,15,1019,0.0,0.3631,0.0,0.3631,0.0,0.2559,7.0,4.0,1.2248,1.042,0.0,0.0321,0.0,0.0226,0.6183,0.3533,0.1082,0.092,understat
1142,Samir,2021-2022,ENG-Premier League,Watford,D,Defender,19,1682,0.0,0.3859,0.0,0.3859,0.0,0.1427,8.0,2.0,1.6489,1.5581,0.0,0.0206,0.0,0.0076,0.4281,0.107,0.0882,0.0834,understat
585,Seamus Coleman,2021-2022,ENG-Premier League,Everton,D,Defender,30,2663,1.0,1.1748,1.0,1.1748,0.0,0.7962,9.0,13.0,5.3798,3.7578,0.0338,0.0397,0.0,0.0269,0.3042,0.4394,0.1818,0.127,understat
7187,Sergio Reguilón,2021-2022,ENG-Premier League,Tottenham,D S,Defender,25,1929,2.0,2.9717,2.0,2.9717,3.0,3.5309,21.0,28.0,9.4592,4.9193,0.0933,0.1386,0.14,0.1647,0.9798,1.3064,0.4413,0.2295,understat
6047,Shane Duffy,2021-2022,ENG-Premier League,Brighton,D S,Defender,18,1432,1.0,0.9077,1.0,0.9077,0.0,0.103,22.0,4.0,3.5175,3.4393,0.0628,0.057,0.0,0.0065,1.3827,0.2514,0.2211,0.2162,understat
7931,Takehiro Tomiyasu,2021-2022,ENG-Premier League,Arsenal,D S,Defender,21,1688,0.0,0.3872,0.0,0.3872,1.0,0.9992,11.0,12.0,8.3407,7.4792,0.0,0.0206,0.0533,0.0533,0.5865,0.6398,0.4447,0.3988,understat
3288,Thiago Silva,2021-2022,ENG-Premier League,Chelsea,D S,Defender,32,2638,3.0,1.0738,3.0,1.0738,0.0,0.2539,18.0,7.0,18.0459,17.8471,0.1024,0.0366,0.0,0.0087,0.6141,0.2388,0.6157,0.6089,understat
1791,Trent Alexander-Arnold,2021-2022,ENG-Premier League,Liverpool,D,Defender,32,2856,2.0,2.1921,2.0,2.1921,12.0,12.6876,51.0,90.0,21.0913,11.9889,0.063,0.0691,0.3782,0.3998,1.6071,2.8361,0.6646,0.3778,understat
8214,Tyrick Mitchell,2021-2022,ENG-Premier League,Crystal Palace,D S,Defender,36,3100,0.0,0.2214,0.0,0.2214,2.0,1.915,4.0,21.0,8.9756,7.2545,0.0,0.0064,0.0581,0.0556,0.1161,0.6097,0.2606,0.2106,understat
1024,Tyrone Mings,2021-2022,ENG-Premier League,Aston Villa,D S,Defender,36,3186,1.0,1.3756,1.0,1.3756,3.0,1.4287,21.0,10.0,8.2341,7.5347,0.0282,0.0389,0.0847,0.0404,0.5932,0.2825,0.2326,0.2128,understat
9512,Valentino Livramento,2021-2022,ENG-Premier League,Southampton,D S,Defender,28,2202,1.0,1.1456,1.0,1.1456,1.0,2.96,12.0,20.0,7.6374,4.8812,0.0409,0.0468,0.0409,0.121,0.4905,0.8174,0.3122,0.1995,understat
6080,Victor Lindelöf,2021-2022,ENG-Premier League,Manchester United,D S,Defender,28,2349,0.0,0.1898,0.0,0.1898,2.0,0.6558,3.0,4.0,6.806,6.7877,0.0,0.0073,0.0766,0.0251,0.1149,0.1533,0.2608,0.2601,understat
833,Virgil van Dijk,2021-2022,ENG-Premier League,Liverpool,D,Defender,34,3060,3.0,2.1696,3.0,2.1696,1.0,1.5573,35.0,9.0,16.2676,16.1876,0.0882,0.0638,0.0294,0.0458,1.0294,0.2647,0.4785,0.4761,understat
10291,Vitalii Mykolenko,2021-2022,ENG-Premier League,Everton,D S,Defender,13,1059,1.0,0.5453,1.0,0.5453,0.0,0.497,8.0,8.0,1.9283,1.1917,0.085,0.0463,0.0,0.0422,0.6799,0.6799,0.1639,0.1013,understat
8965,Vladimir Coufal,2021-2022,ENG-Premier League,West Ham,D S,Defender,28,2211,0.0,0.5572,0.0,0.5572,4.0,2.7112,11.0,21.0,10.2709,8.4293,0.0,0.0227,0.1628,0.1104,0.4478,0.8548,0.4181,0.3431,understat
7589,Wesley Fofana,2021-2022,ENG-Premier League,Leicester,D,Defender,7,630,0.0,0.568,0.0,0.568,0.0,0.036,3.0,2.0,2.9998,2.9805,0.0,0.0811,0.0,0.0051,0.4286,0.2857,0.4285,0.4258,understat
6996,William Troost-Ekong,2021-2022,ENG-Premier League,Watford,D S,Defender,17,1381,0.0,0.1042,0.0,0.1042,0.0,0.0706,2.0,1.0,2.1512,2.0683,0.0,0.0068,0.0,0.0046,0.1303,0.0652,0.1402,0.1348,understat
6850,Willy Boly,2021-2022,ENG-Premier League,Wolverhampton Wanderers,D,Defender,10,900,0.0,0.0889,0.0,0.0889,0.0,0.063,2.0,1.0,2.55,2.55,0.0,0.0089,0.0,0.0063,0.2,0.1,0.255,0.255,understat
6521,Yerry Mina,2021-2022,ENG-Premier League,Everton,D S,Defender,13,842,0.0,0.2368,0.0,0.2368,0.0,0.0256,6.0,1.0,0.9665,0.8686,0.0,0.0253,0.0,0.0027,0.6413,0.1069,0.1033,0.0928,understat
6030,Zanka,2021-2022,ENG-Premier League,Brentford,D S,Defender,8,514,1.0,0.1422,1.0,0.1422,0.0,0.0768,2.0,2.0,1.8502,1.8272,0.1751,0.0249,0.0,0.0134,0.3502,0.3502,0.324,0.3199,understat
4419,Adam Armstrong,2021-2022,ENG-Premier League,Southampton,F S,Forward,23,1412,2.0,4.2381,2.0,4.2381,2.0,1.6246,47.0,13.0,6.2176,0.7942,0.1275,0.2701,0.1275,0.1036,2.9958,0.8286,0.3963,0.0506,understat
8384,Armando Broja,2021-2022,ENG-Premier League,Southampton,F S,Forward,32,1986,6.0,5.8937,6.0,5.8937,0.0,1.4607,45.0,10.0,8.2789,2.0139,0.2719,0.2671,0.0,0.0662,2.0393,0.4532,0.3752,0.0913,understat
4422,Ashley Barnes,2021-2022,ENG-Premier League,Burnley,F S,Forward,23,787,1.0,1.6828,0.0,0.9216,0.0,0.9943,16.0,8.0,2.7828,0.9423,0.1144,0.1924,0.0,0.1137,1.8297,0.9149,0.3182,0.1078,understat
468,Callum Wilson,2021-2022,ENG-Premier League,Newcastle United,F S,Forward,18,1401,8.0,7.0418,6.0,5.5195,0.0,0.5302,35.0,10.0,5.0633,0.632,0.5139,0.4524,0.0,0.0341,2.2484,0.6424,0.3253,0.0406,understat
4456,Chris Wood,2021-2022,ENG-Premier League,"Burnley,Newcastle United",F S,Forward,34,2734,5.0,8.2135,4.0,7.4523,0.0,1.366,51.0,19.0,8.7723,2.9238,0.1646,0.2704,0.0,0.045,1.6789,0.6255,0.2888,0.0962,understat
606,Christian Benteke,2021-2022,ENG-Premier League,Crystal Palace,F S,Forward,25,1112,4.0,4.7194,4.0,4.7194,1.0,1.6652,38.0,14.0,6.5974,1.3307,0.3237,0.382,0.0809,0.1348,3.0755,1.1331,0.534,0.1077,understat
2371,Cristiano Ronaldo,2021-2022,ENG-Premier League,Manchester United,F S,Forward,30,2468,18.0,17.2128,15.0,14.9293,3.0,4.425,110.0,26.0,23.2537,7.7206,0.6564,0.6277,0.1094,0.1614,4.0113,0.9481,0.848,0.2815,understat
986,Danny Ings,2021-2022,ENG-Premier League,Aston Villa,F S,Forward,30,1920,7.0,6.8467,6.0,6.0855,6.0,1.4445,49.0,15.0,7.9994,2.109,0.3281,0.3209,0.2812,0.0677,2.2969,0.7031,0.375,0.0989,understat
6854,Diogo Jota,2021-2022,ENG-Premier League,Liverpool,F S,Forward,35,2401,15.0,17.348,15.0,17.348,4.0,5.8746,90.0,40.0,25.7784,6.9192,0.5623,0.6503,0.1499,0.2202,3.3736,1.4994,0.9663,0.2594,understat
5555,Dominic Calvert-Lewin,2021-2022,ENG-Premier League,Everton,F S,Forward,17,1297,5.0,6.2184,3.0,3.9349,2.0,1.6598,33.0,10.0,5.951,1.9579,0.347,0.4315,0.1388,0.1152,2.2899,0.6939,0.4129,0.1359,understat
6482,Eddie Nketiah,2021-2022,ENG-Premier League,Arsenal,F S,Forward,21,803,5.0,4.9937,5.0,4.9937,1.0,1.6652,28.0,13.0,7.6774,2.16,0.5604,0.5597,0.1121,0.1866,3.1382,1.457,0.8605,0.2421,understat
3294,Edinson Cavani,2021-2022,ENG-Premier League,Manchester United,F S,Forward,15,745,2.0,3.7253,2.0,3.7253,1.0,1.2471,18.0,7.0,4.9042,0.6424,0.2416,0.45,0.1208,0.1507,2.1745,0.8456,0.5925,0.0776,understat
8778,Fabio Silva,2021-2022,ENG-Premier League,Wolverhampton Wanderers,F S,Forward,22,558,0.0,2.7408,0.0,2.7408,0.0,0.4092,19.0,3.0,3.1684,0.3688,0.0,0.4421,0.0,0.066,3.0645,0.4839,0.511,0.0595,understat
998,Ivan Toney,2021-2022,ENG-Premier League,Brentford,F S,Forward,33,2905,12.0,12.0486,7.0,8.2428,5.0,7.3435,88.0,43.0,12.1691,2.3934,0.3718,0.3733,0.1549,0.2275,2.7263,1.3322,0.377,0.0741,understat
755,Jamie Vardy,2021-2022,ENG-Premier League,Leicester,F S,Forward,25,1807,15.0,9.992,15.0,9.992,2.0,1.6055,54.0,18.0,12.636,1.9983,0.7471,0.4977,0.0996,0.08,2.6895,0.8965,0.6294,0.0995,understat
5735,Jean-Philippe Mateta,2021-2022,ENG-Premier League,Crystal Palace,F S,Forward,22,1153,5.0,5.847,5.0,5.847,1.0,0.7185,37.0,7.0,6.8726,2.1352,0.3903,0.4564,0.0781,0.0561,2.8881,0.5464,0.5365,0.1667,understat
9339,Joe Gelhardt,2021-2022,ENG-Premier League,Leeds,F S,Forward,20,700,2.0,3.8046,2.0,3.8046,2.0,1.8083,23.0,9.0,5.5065,0.7225,0.2571,0.4892,0.2571,0.2325,2.9571,1.1571,0.708,0.0929,understat
620,Kelechi Iheanacho,2021-2022,ENG-Premier League,Leicester,F S,Forward,26,1236,4.0,3.6333,4.0,3.6333,5.0,2.7091,31.0,17.0,7.7176,1.7873,0.2913,0.2646,0.3641,0.1973,2.2573,1.2379,0.562,0.1301,understat
10408,Luis Díaz,2021-2022,ENG-Premier League,Liverpool,F S,Forward,13,962,4.0,4.2768,4.0,4.2768,3.0,2.176,38.0,20.0,8.9613,3.4492,0.3742,0.4001,0.2807,0.2036,3.5551,1.8711,0.8384,0.3227,understat
1017,Matej Vydra,2021-2022,ENG-Premier League,Burnley,F S,Forward,22,634,2.0,1.9706,2.0,1.9706,3.0,0.7523,19.0,6.0,2.7296,0.2564,0.2839,0.2797,0.4259,0.1068,2.6972,0.8517,0.3875,0.0364,understat
531,Michail Antonio,2021-2022,ENG-Premier League,West Ham,F S,Forward,36,2994,10.0,12.7886,10.0,12.0275,8.0,5.7671,83.0,46.0,21.074,6.6519,0.3006,0.3844,0.2405,0.1734,2.495,1.3828,0.6335,0.2,understat
1250,Mohamed Salah,2021-2022,ENG-Premier League,Liverpool,F S,Forward,35,2757,23.0,24.3643,18.0,19.7973,13.0,9.7908,139.0,62.0,32.1588,11.222,0.7508,0.7954,0.4244,0.3196,4.5375,2.0239,1.0498,0.3663,understat
3621,Neal Maupay,2021-2022,ENG-Premier League,Brighton,F S,Forward,32,2271,8.0,8.2421,7.0,6.7197,2.0,2.4426,61.0,23.0,13.3306,5.4621,0.317,0.3266,0.0793,0.0968,2.4174,0.9115,0.5283,0.2165,understat
8865,Ollie Watkins,2021-2022,ENG-Premier League,Aston Villa,F S,Forward,35,2970,11.0,11.4982,10.0,10.737,2.0,2.9976,77.0,35.0,17.1485,5.5389,0.3333,0.3484,0.0606,0.0908,2.3333,1.0606,0.5197,0.1678,understat
822,Patrick Bamford,2021-2022,ENG-Premier League,Leeds,F S,Forward,9,558,2.0,2.9974,2.0,2.9974,2.0,1.0315,20.0,5.0,3.7153,0.4154,0.3226,0.4835,0.3226,0.1664,3.2258,0.8065,0.5992,0.067,understat
9738,Patson Daka,2021-2022,ENG-Premier League,Leicester,F S,Forward,23,1164,5.0,5.1098,5.0,5.1098,3.0,1.8195,26.0,13.0,7.5039,2.1624,0.3866,0.3951,0.232,0.1407,2.0103,1.0052,0.5802,0.1672,understat
318,Pierre-Emerick Aubameyang,2021-2022,ENG-Premier League,Arsenal,F S,Forward,14,1047,4.0,6.8932,4.0,5.3709,1.0,0.8014,34.0,9.0,5.4394,0.9637,0.3438,0.5925,0.086,0.0689,2.9226,0.7736,0.4676,0.0828,understat
482,Roberto Firmino,2021-2022,ENG-Premier League,Liverpool,F S,Forward,20,979,5.0,5.2533,5.0,5.2533,4.0,2.2188,30.0,16.0,11.9972,5.7074,0.4597,0.4829,0.3677,0.204,2.7579,1.4709,1.1029,0.5247,understat
594,Romelu Lukaku,2021-2022,ENG-Premier League,Chelsea,F S,Forward,26,1571,8.0,7.0204,7.0,6.2593,0.0,3.3628,43.0,24.0,12.0356,3.9994,0.4583,0.4022,0.0,0.1926,2.4634,1.3749,0.6895,0.2291,understat
838,Sadio Mané,2021-2022,ENG-Premier League,Liverpool,F S,Forward,34,2833,16.0,16.8296,16.0,16.8296,2.0,5.2692,98.0,39.0,28.4481,11.073,0.5083,0.5347,0.0635,0.1674,3.1133,1.239,0.9038,0.3518,understat
813,Salomón Rondón,2021-2022,ENG-Premier League,Everton,F S,Forward,20,764,1.0,2.6404,1.0,2.6404,1.0,0.6124,21.0,8.0,3.7154,0.6351,0.1178,0.311,0.1178,0.0721,2.4738,0.9424,0.4377,0.0748,understat
7696,Teemu Pukki,2021-2022,ENG-Premier League,Norwich,F,Forward,37,3278,11.0,11.4495,8.0,9.1661,3.0,4.0628,71.0,27.0,11.9742,1.0434,0.302,0.3144,0.0824,0.1115,1.9494,0.7413,0.3288,0.0286,understat
7052,Wout Weghorst,2021-2022,ENG-Premier League,Burnley,F S,Forward,20,1459,2.0,5.3983,2.0,5.3983,3.0,1.8519,30.0,14.0,6.1373,1.1788,0.1234,0.333,0.1851,0.1142,1.8506,0.8636,0.3786,0.0727,understat
5584,Aaron Wan-Bissaka,2021-2022,ENG-Premier League,Manchester United,D M,Midfielder,20,1795,0.0,0.2879,0.0,0.2879,0.0,0.9214,5.0,14.0,5.1049,4.2222,0.0,0.0144,0.0,0.0462,0.2507,0.7019,0.256,0.2117,understat
1726,Abdoulaye Doucouré,2021-2022,ENG-Premier League,Everton,M S,Midfielder,30,2540,2.0,2.6539,2.0,2.6539,4.0,2.4187,34.0,20.0,8.2306,3.8372,0.0709,0.094,0.1417,0.0857,1.2047,0.7087,0.2916,0.136,understat
1711,Adam Forshaw,2021-2022,ENG-Premier League,Leeds,M S,Midfielder,22,1524,0.0,0.4842,0.0,0.4842,1.0,1.0407,14.0,13.0,6.1915,4.899,0.0,0.0286,0.0591,0.0615,0.8268,0.7677,0.3656,0.2893,understat
1441,Adam Masina,2021-2022,ENG-Premier League,Watford,D M S,Midfielder,15,1073,0.0,0.265,0.0,0.265,1.0,0.8211,5.0,7.0,2.2647,1.6265,0.0,0.0222,0.0839,0.0689,0.4194,0.5871,0.19,0.1364,understat
9689,Albert Sambi Lokonga,2021-2022,ENG-Premier League,Arsenal,M S,Midfielder,19,1125,0.0,0.5853,0.0,0.5853,0.0,0.8354,20.0,18.0,5.4479,4.6921,0.0,0.0468,0.0,0.0668,1.6,1.44,0.4358,0.3754,understat
500,Alex Iwobi,2021-2022,ENG-Premier League,Everton,D M S,Midfielder,28,2041,2.0,2.403,2.0,2.403,2.0,3.0657,24.0,36.0,9.434,5.0917,0.0882,0.106,0.0882,0.1352,1.0583,1.5875,0.416,0.2245,understat
1379,Allan,2021-2022,ENG-Premier League,Everton,M S,Midfielder,28,2196,0.0,0.241,0.0,0.241,2.0,0.6515,7.0,14.0,5.8096,5.0906,0.0,0.0099,0.082,0.0267,0.2869,0.5738,0.2381,0.2086,understat
2383,André Gomes,2021-2022,ENG-Premier League,Everton,M S,Midfielder,14,621,0.0,0.99,0.0,0.99,1.0,0.1564,14.0,4.0,1.5199,0.4982,0.0,0.1435,0.1449,0.0227,2.029,0.5797,0.2203,0.0722,understat
1760,Arthur Masuaku,2021-2022,ENG-Premier League,West Ham,D M S,Midfielder,13,626,1.0,0.067,1.0,0.067,1.0,0.7584,4.0,2.0,1.4823,1.4535,0.1438,0.0096,0.1438,0.109,0.5751,0.2875,0.2131,0.209,understat
669,Ashley Westwood,2021-2022,ENG-Premier League,Burnley,M S,Midfielder,27,2292,0.0,0.4903,0.0,0.4903,3.0,4.257,14.0,32.0,5.9896,4.206,0.0,0.0193,0.1178,0.1672,0.5497,1.2565,0.2352,0.1652,understat
782,Ben Chilwell,2021-2022,ENG-Premier League,Chelsea,D M S,Midfielder,7,541,3.0,1.2983,3.0,1.2983,1.0,0.833,13.0,10.0,4.4634,3.4082,0.4991,0.216,0.1664,0.1386,2.1627,1.6636,0.7425,0.567,understat
7988,Billy Gilmour,2021-2022,ENG-Premier League,Norwich,M S,Midfielder,24,1864,0.0,0.84,0.0,0.84,1.0,1.0503,18.0,25.0,4.4318,3.5529,0.0,0.0406,0.0483,0.0507,0.8691,1.2071,0.214,0.1715,understat
6310,Boubakary Soumare,2021-2022,ENG-Premier League,Leicester,M S,Midfielder,19,1102,0.0,0.3298,0.0,0.3298,1.0,0.2857,6.0,6.0,3.371,3.0025,0.0,0.0269,0.0817,0.0233,0.49,0.49,0.2753,0.2452,understat
8327,Bruno Guimarães,2021-2022,ENG-Premier League,Newcastle United,M S,Midfielder,17,1031,5.0,4.0932,5.0,4.0932,1.0,1.7429,23.0,12.0,5.3164,2.5851,0.4365,0.3573,0.0873,0.1521,2.0078,1.0475,0.4641,0.2257,understat
508,Calum Chambers,2021-2022,ENG-Premier League,"Arsenal,Aston Villa",D M S,Midfielder,13,1001,1.0,0.2656,1.0,0.2656,0.0,0.1769,5.0,3.0,2.5815,2.4069,0.0899,0.0239,0.0,0.0159,0.4496,0.2697,0.2321,0.2164,understat
532,Cheikhou Kouyaté,2021-2022,ENG-Premier League,Crystal Palace,D M S,Midfielder,27,1991,0.0,0.22,0.0,0.22,1.0,0.7035,7.0,4.0,2.8494,2.6751,0.0,0.0099,0.0452,0.0318,0.3164,0.1808,0.1288,0.1209,understat
646,Christian Eriksen,2021-2022,ENG-Premier League,Brentford,M S,Midfielder,11,935,1.0,1.4038,1.0,1.4038,4.0,3.731,22.0,30.0,4.9875,2.9095,0.0963,0.1351,0.385,0.3591,2.1176,2.8877,0.4801,0.2801,understat
7083,Christian Nørgaard,2021-2022,ENG-Premier League,Brentford,M,Midfielder,35,3068,3.0,4.969,3.0,4.969,4.0,4.0478,27.0,29.0,13.3463,7.8954,0.088,0.1458,0.1173,0.1187,0.792,0.8507,0.3915,0.2316,understat
9040,Conor Gallagher,2021-2022,ENG-Premier League,Crystal Palace,M S,Midfielder,34,2863,8.0,7.673,8.0,7.673,3.0,4.1432,52.0,39.0,14.212,5.3891,0.2515,0.2412,0.0943,0.1302,1.6346,1.226,0.4468,0.1694,understat
6665,Curtis Jones,2021-2022,ENG-Premier League,Liverpool,M S,Midfielder,15,869,1.0,0.8281,1.0,0.8281,1.0,0.6779,20.0,11.0,4.3408,3.2195,0.1036,0.0858,0.1036,0.0702,2.0713,1.1392,0.4496,0.3334,understat
681,César Azpilicueta,2021-2022,ENG-Premier League,Chelsea,D M S,Midfielder,27,2084,1.0,1.2616,1.0,1.2616,2.0,2.0758,11.0,17.0,12.7881,10.7111,0.0432,0.0545,0.0864,0.0896,0.475,0.7342,0.5523,0.4626,understat
5553,Declan Rice,2021-2022,ENG-Premier League,West Ham,M S,Midfielder,36,3175,1.0,1.0443,1.0,1.0443,4.0,1.5559,26.0,23.0,15.5821,14.2475,0.0283,0.0296,0.1134,0.0441,0.737,0.652,0.4417,0.4039,understat
645,Dele Alli,2021-2022,ENG-Premier League,"Everton,Tottenham",M S,Midfielder,21,978,1.0,1.5325,0.0,0.7713,0.0,1.1271,7.0,9.0,2.9642,1.5364,0.092,0.141,0.0,0.1037,0.6442,0.8282,0.2728,0.1414,understat
8821,Donny van de Beek,2021-2022,ENG-Premier League,"Everton,Manchester United",M S,Midfielder,15,545,2.0,1.511,2.0,1.511,0.0,0.4375,7.0,5.0,2.9159,1.0413,0.3303,0.2495,0.0,0.0723,1.156,0.8257,0.4815,0.172,understat
6122,Douglas Luiz,2021-2022,ENG-Premier League,Aston Villa,M S,Midfielder,34,2733,2.0,2.2204,2.0,2.2204,3.0,2.4431,23.0,36.0,10.2347,8.4375,0.0659,0.0731,0.0988,0.0805,0.7574,1.1855,0.337,0.2779,understat
6756,Dwight McNeil,2021-2022,ENG-Premier League,Burnley,M S,Midfielder,38,3130,0.0,2.4432,0.0,2.4432,1.0,5.0148,52.0,47.0,10.0903,4.5459,0.0,0.0703,0.0288,0.1442,1.4952,1.3514,0.2901,0.1307,understat
10290,Edo Kayembe,2021-2022,ENG-Premier League,Watford,M S,Midfielder,13,793,0.0,0.1362,0.0,0.1362,0.0,0.4215,6.0,6.0,1.8325,1.4052,0.0,0.0155,0.0,0.0478,0.681,0.681,0.208,0.1595,understat
876,Fabian Delph,2021-2022,ENG-Premier League,Everton,M S,Midfielder,11,663,0.0,0.0352,0.0,0.0352,0.0,0.0792,2.0,4.0,1.1042,1.054,0.0,0.0048,0.0,0.0107,0.2715,0.543,0.1499,0.1431,understat
3420,Fabinho,2021-2022,ENG-Premier League,Liverpool,M S,Midfielder,29,2320,5.0,5.0335,3.0,3.5112,1.0,1.2622,21.0,17.0,10.5673,9.5016,0.194,0.1953,0.0388,0.049,0.8147,0.6595,0.4099,0.3686,understat
614,Fernandinho,2021-2022,ENG-Premier League,Manchester City,D M S,Midfielder,19,943,2.0,1.6061,2.0,1.6061,1.0,1.3411,18.0,10.0,6.3242,5.7828,0.1909,0.1533,0.0954,0.128,1.7179,0.9544,0.6036,0.5519,understat
9681,Frank Onyeka,2021-2022,ENG-Premier League,Brentford,M S,Midfielder,20,1056,0.0,0.7654,0.0,0.7654,0.0,0.1635,16.0,4.0,1.592,0.9404,0.0,0.0652,0.0,0.0139,1.3636,0.3409,0.1357,0.0801,understat
6817,Fred,2021-2022,ENG-Premier League,Manchester United,M S,Midfielder,28,2038,4.0,1.0861,4.0,1.0861,4.0,2.3315,14.0,28.0,8.3651,5.8683,0.1766,0.048,0.1766,0.103,0.6183,1.2365,0.3694,0.2591,understat
204,Granit Xhaka,2021-2022,ENG-Premier League,Arsenal,D M,Midfielder,27,2338,1.0,1.1075,1.0,1.1075,2.0,2.4247,27.0,32.0,13.4805,10.9907,0.0385,0.0426,0.077,0.0933,1.0393,1.2318,0.5189,0.4231,understat
971,Harry Winks,2021-2022,ENG-Premier League,Tottenham,M S,Midfielder,19,896,0.0,0.0676,0.0,0.0676,1.0,1.5235,3.0,10.0,7.7358,6.401,0.0,0.0068,0.1004,0.153,0.3013,1.0045,0.777,0.643,understat
6736,Ibrahima Diallo,2021-2022,ENG-Premier League,Southampton,M S,Midfielder,23,1008,0.0,0.3366,0.0,0.3366,2.0,1.0429,8.0,16.0,3.8568,2.6417,0.0,0.0301,0.1786,0.0931,0.7143,1.4286,0.3444,0.2359,understat
314,Ilkay Gündogan,2021-2022,ENG-Premier League,Manchester City,M S,Midfielder,27,1852,8.0,9.7207,8.0,9.7207,4.0,4.721,55.0,37.0,21.3292,8.7634,0.3888,0.4724,0.1944,0.2294,2.6728,1.7981,1.0365,0.4259,understat
7278,Imran Louza,2021-2022,ENG-Premier League,Watford,M S,Midfielder,20,1443,0.0,1.1728,0.0,1.1728,0.0,0.8328,17.0,15.0,3.5508,2.6552,0.0,0.0732,0.0,0.0519,1.0603,0.9356,0.2215,0.1656,understat
6062,Isaac Hayden,2021-2022,ENG-Premier League,Newcastle United,D M S,Midfielder,14,1008,1.0,0.2894,1.0,0.2894,0.0,0.0594,5.0,2.0,1.066,0.9371,0.0893,0.0258,0.0,0.0053,0.4464,0.1786,0.0952,0.0837,understat
712,Jack Cork,2021-2022,ENG-Premier League,Burnley,M,Midfielder,20,1689,1.0,0.7343,1.0,0.7343,0.0,0.1922,7.0,6.0,3.6798,3.4212,0.0533,0.0391,0.0,0.0102,0.373,0.3197,0.1961,0.1823,understat
9748,Jacob Sørensen,2021-2022,ENG-Premier League,Norwich,D M S,Midfielder,10,595,0.0,0.1916,0.0,0.1916,0.0,0.0,5.0,0.0,0.5175,0.5074,0.0,0.029,0.0,0.0,0.7563,0.0,0.0783,0.0768,understat
633,James McArthur,2021-2022,ENG-Premier League,Crystal Palace,M S,Midfielder,21,1433,0.0,0.3072,0.0,0.3072,3.0,1.2702,9.0,16.0,4.8525,3.7392,0.0,0.0193,0.1884,0.0798,0.5652,1.0049,0.3048,0.2348,understat
489,James Milner,2021-2022,ENG-Premier League,Liverpool,D M S,Midfielder,24,836,0.0,0.3447,0.0,0.3447,1.0,2.1824,10.0,22.0,7.4145,6.5168,0.0,0.0371,0.1077,0.235,1.0766,2.3684,0.7982,0.7016,understat
843,James Ward-Prowse,2021-2022,ENG-Premier League,Southampton,M,Midfielder,36,3222,10.0,5.0895,6.0,2.0448,5.0,6.3957,55.0,71.0,11.1296,9.2455,0.2793,0.1422,0.1397,0.1787,1.5363,1.9832,0.3109,0.2583,understat
8721,Jamie Shackleton,2021-2022,ENG-Premier League,Leeds,D M S,Midfielder,14,692,0.0,0.1673,0.0,0.1673,0.0,0.0133,4.0,1.0,1.5213,1.3406,0.0,0.0218,0.0,0.0017,0.5202,0.1301,0.1979,0.1744,understat
6630,Joe Willock,2021-2022,ENG-Premier League,Newcastle United,M S,Midfielder,29,2063,2.0,3.6774,2.0,3.6774,0.0,1.1284,35.0,18.0,7.4965,3.5577,0.0873,0.1604,0.0,0.0492,1.5269,0.7853,0.327,0.1552,understat
1663,Johann Berg Gudmundsson,2021-2022,ENG-Premier League,Burnley,M S,Midfielder,18,1110,0.0,1.6903,0.0,1.6903,1.0,0.6488,19.0,6.0,2.9045,1.3835,0.0,0.1371,0.0811,0.0526,1.5405,0.4865,0.2355,0.1122,understat
7723,John McGinn,2021-2022,ENG-Premier League,Aston Villa,M,Midfielder,35,3099,3.0,1.8281,3.0,1.8281,4.0,5.3592,43.0,53.0,12.8404,8.2027,0.0871,0.0531,0.1162,0.1556,1.2488,1.5392,0.3729,0.2382,understat
769,Jonjo Shelvey,2021-2022,ENG-Premier League,Newcastle United,M S,Midfielder,24,1987,2.0,0.8791,2.0,0.8791,1.0,1.0608,30.0,16.0,3.9505,2.9192,0.0906,0.0398,0.0453,0.048,1.3588,0.7247,0.1789,0.1322,understat
605,Jordan Henderson,2021-2022,ENG-Premier League,Liverpool,M S,Midfielder,35,2616,2.0,1.3727,2.0,1.3727,5.0,4.1951,31.0,37.0,18.9828,15.4535,0.0688,0.0472,0.172,0.1443,1.0665,1.2729,0.6531,0.5317,understat
1389,Jorginho,2021-2022,ENG-Premier League,Chelsea,M S,Midfielder,29,2285,6.0,5.9133,0.0,0.5851,2.0,2.8927,16.0,27.0,16.2018,15.1935,0.2363,0.2329,0.0788,0.1139,0.6302,1.0635,0.6381,0.5984,understat
3422,João Moutinho,2021-2022,ENG-Premier League,Wolverhampton Wanderers,M S,Midfielder,35,2987,2.0,1.1245,2.0,1.1245,1.0,2.7696,20.0,39.0,10.4695,8.5269,0.0603,0.0339,0.0301,0.0835,0.6026,1.1751,0.3155,0.2569,understat
8780,Joël Veltman,2021-2022,ENG-Premier League,Brighton,D M S,Midfielder,34,2895,1.0,0.715,1.0,0.715,1.0,1.5886,12.0,17.0,7.8952,6.9201,0.0311,0.0222,0.0311,0.0494,0.3731,0.5285,0.2454,0.2151,understat
1123,Juraj Kucka,2021-2022,ENG-Premier League,Watford,M S,Midfielder,26,1928,1.0,2.5135,1.0,2.5135,1.0,1.0616,46.0,10.0,6.4731,4.1908,0.0467,0.1173,0.0467,0.0496,2.1473,0.4668,0.3022,0.1956,understat
6485,Júnior Firpo,2021-2022,ENG-Premier League,Leeds,D M S,Midfielder,24,1735,0.0,0.9361,0.0,0.9361,2.0,2.5231,11.0,22.0,4.8368,2.7177,0.0,0.0486,0.1037,0.1309,0.5706,1.1412,0.2509,0.141,understat
8719,Kalvin Phillips,2021-2022,ENG-Premier League,Leeds,D M S,Midfielder,20,1598,0.0,0.7692,0.0,0.7692,1.0,1.1643,15.0,9.0,3.8629,3.5436,0.0,0.0433,0.0563,0.0656,0.8448,0.5069,0.2176,0.1996,understat
7693,Kenny McLean,2021-2022,ENG-Premier League,Norwich,M S,Midfielder,31,2710,1.0,1.9171,1.0,1.9171,0.0,1.0888,33.0,10.0,5.8139,3.8686,0.0332,0.0637,0.0,0.0362,1.0959,0.3321,0.1931,0.1285,understat
447,Kevin De Bruyne,2021-2022,ENG-Premier League,Manchester City,M S,Midfielder,30,2214,15.0,5.95,15.0,5.95,8.0,11.2602,78.0,87.0,20.3178,9.4139,0.6098,0.2419,0.3252,0.4577,3.1707,3.5366,0.8259,0.3827,understat
9739,Kiernan Dewsbury-Hall,2021-2022,ENG-Premier League,Leicester,M S,Midfielder,28,2101,1.0,1.2946,1.0,1.2946,2.0,3.0291,20.0,34.0,9.6957,6.9315,0.0428,0.0555,0.0857,0.1298,0.8567,1.4564,0.4153,0.2969,understat
885,Kyle Walker-Peters,2021-2022,ENG-Premier League,Southampton,D M S,Midfielder,32,2631,1.0,1.3275,1.0,1.3275,2.0,3.3271,26.0,24.0,9.2206,6.4482,0.0342,0.0454,0.0684,0.1138,0.8894,0.821,0.3154,0.2206,understat
7236,Leander Dendoncker,2021-2022,ENG-Premier League,Wolverhampton Wanderers,M S,Midfielder,30,1941,2.0,2.4548,2.0,2.4548,2.0,0.9651,23.0,11.0,5.3461,3.2436,0.0927,0.1138,0.0927,0.0448,1.0665,0.51,0.2479,0.1504,understat
5549,Luka Milivojevic,2021-2022,ENG-Premier League,Crystal Palace,M S,Midfielder,15,776,0.0,0.2894,0.0,0.2894,0.0,0.6419,8.0,10.0,2.9156,2.5945,0.0,0.0336,0.0,0.0744,0.9278,1.1598,0.3382,0.3009,understat
62,Lukas Rupp,2021-2022,ENG-Premier League,Norwich,M S,Midfielder,19,744,0.0,0.4663,0.0,0.4663,0.0,1.3048,12.0,9.0,2.5541,1.5203,0.0,0.0564,0.0,0.1578,1.4516,1.0887,0.309,0.1839,understat
8716,Luke Ayling,2021-2022,ENG-Premier League,Leeds,D M,Midfielder,26,2276,2.0,1.0373,2.0,1.0373,2.0,2.3595,19.0,10.0,5.3404,4.7539,0.0791,0.041,0.0791,0.0933,0.7513,0.3954,0.2112,0.188,understat
1006,Luke Shaw,2021-2022,ENG-Premier League,Manchester United,D M S,Midfielder,20,1609,0.0,0.166,0.0,0.166,3.0,3.6936,6.0,39.0,7.591,5.7372,0.0,0.0093,0.1678,0.2066,0.3356,2.1815,0.4246,0.3209,understat
8562,Luke Thomas,2021-2022,ENG-Premier League,Leicester,D M S,Midfielder,22,1915,0.0,0.1825,0.0,0.1825,1.0,1.4152,4.0,12.0,5.8384,4.691,0.0,0.0086,0.047,0.0665,0.188,0.564,0.2744,0.2205,understat
535,Manuel Lanzini,2021-2022,ENG-Premier League,West Ham,M S,Midfielder,30,1801,5.0,3.3751,2.0,1.0916,3.0,2.5941,16.0,23.0,8.1811,7.2561,0.2499,0.1687,0.1499,0.1296,0.7996,1.1494,0.4088,0.3626,understat
7134,Marc Cucurella,2021-2022,ENG-Premier League,Brighton,D M,Midfielder,35,3102,1.0,0.7293,1.0,0.7293,1.0,2.8716,18.0,42.0,11.1118,9.0697,0.029,0.0212,0.029,0.0833,0.5222,1.2186,0.3224,0.2631,understat
1621,Marcos Alonso,2021-2022,ENG-Premier League,Chelsea,D M S,Midfielder,28,2185,4.0,3.4943,4.0,3.4943,4.0,5.0429,43.0,44.0,13.5816,9.7493,0.1648,0.1439,0.1648,0.2077,1.7712,1.8124,0.5594,0.4016,understat
2517,Martin Odegaard,2021-2022,ENG-Premier League,Arsenal,M S,Midfielder,36,2803,7.0,4.2236,7.0,4.2236,4.0,6.602,53.0,75.0,18.2351,10.9133,0.2248,0.1356,0.1284,0.212,1.7017,2.4081,0.5855,0.3504,understat
8040,Marvelous Nakamba,2021-2022,ENG-Premier League,Aston Villa,M S,Midfielder,16,905,0.0,0.0,0.0,0.0,0.0,0.0454,0.0,2.0,1.7518,1.7518,0.0,0.0,0.0,0.0045,0.0,0.1989,0.1742,0.1742,understat
985,Mason Holgate,2021-2022,ENG-Premier League,Everton,D M S,Midfielder,25,2137,2.0,1.6604,2.0,1.6604,1.0,0.1046,7.0,3.0,1.572,1.5206,0.0842,0.0699,0.0421,0.0044,0.2948,0.1263,0.0662,0.064,understat
2254,Mateo Kovacic,2021-2022,ENG-Premier League,Chelsea,M S,Midfielder,25,1541,2.0,1.6888,2.0,1.6888,5.0,4.1181,22.0,27.0,12.8514,9.8737,0.1168,0.0986,0.292,0.2405,1.2849,1.5769,0.7506,0.5767,understat
4381,Mateusz Klich,2021-2022,ENG-Premier League,Leeds,M S,Midfielder,33,2117,1.0,2.702,1.0,2.702,2.0,1.9126,42.0,32.0,8.9654,5.3768,0.0425,0.1149,0.085,0.0813,1.7855,1.3604,0.3811,0.2286,understat
7166,Mathias Jensen,2021-2022,ENG-Premier League,Brentford,M S,Midfielder,31,1598,0.0,2.7017,0.0,2.7017,1.0,3.161,19.0,35.0,7.237,2.9725,0.0,0.1522,0.0563,0.178,1.0701,1.9712,0.4076,0.1674,understat
7470,Mathias Normann,2021-2022,ENG-Premier League,Norwich,M S,Midfielder,23,1661,1.0,0.8355,1.0,0.8355,2.0,2.2901,26.0,13.0,3.409,1.408,0.0542,0.0453,0.1084,0.1241,1.4088,0.7044,0.1847,0.0763,understat
6852,Matt Doherty,2021-2022,ENG-Premier League,Tottenham,D M S,Midfielder,15,864,2.0,3.0914,2.0,3.0914,4.0,2.0253,16.0,15.0,7.8824,4.2577,0.2083,0.322,0.4167,0.211,1.6667,1.5625,0.8211,0.4435,understat
884,Matt Targett,2021-2022,ENG-Premier League,"Aston Villa,Newcastle United",D M,Midfielder,33,2880,1.0,1.0151,1.0,1.0151,1.0,3.8638,13.0,41.0,7.151,3.8941,0.0312,0.0317,0.0312,0.1207,0.4062,1.2812,0.2235,0.1217,understat
8864,Matthew Cash,2021-2022,ENG-Premier League,Aston Villa,D M,Midfielder,38,3386,4.0,2.4833,4.0,2.4833,3.0,2.9023,37.0,28.0,11.0087,7.5639,0.1063,0.066,0.0797,0.0771,0.9835,0.7442,0.2926,0.201,understat
496,Mohamed Elneny,2021-2022,ENG-Premier League,Arsenal,M S,Midfielder,14,785,0.0,0.1566,0.0,0.1566,2.0,0.3958,8.0,9.0,3.1711,2.8564,0.0,0.018,0.2293,0.0454,0.9172,1.0318,0.3636,0.3275,understat
9453,Moisés Caicedo,2021-2022,ENG-Premier League,Brighton,M,Midfielder,8,673,1.0,0.6394,1.0,0.6394,1.0,0.2321,10.0,4.0,3.0862,2.3639,0.1337,0.0855,0.1337,0.031,1.3373,0.5349,0.4127,0.3161,understat
772,Moussa Sissoko,2021-2022,ENG-Premier League,Watford,M,Midfielder,36,3222,2.0,4.1838,2.0,4.1838,1.0,2.605,25.0,36.0,8.5713,3.9167,0.0559,0.1169,0.0279,0.0728,0.6983,1.0056,0.2394,0.1094,understat
751,N&#039;Golo Kanté,2021-2022,ENG-Premier League,Chelsea,M S,Midfielder,26,1787,2.0,1.765,2.0,1.765,4.0,2.201,17.0,24.0,12.6552,8.9793,0.1007,0.0889,0.2015,0.1108,0.8562,1.2087,0.6374,0.4522,understat
5247,Naby Keita,2021-2022,ENG-Premier League,Liverpool,M S,Midfielder,23,1181,3.0,2.1448,3.0,2.1448,1.0,1.8124,26.0,15.0,7.7876,5.4042,0.2286,0.1634,0.0762,0.1381,1.9814,1.1431,0.5935,0.4118,understat
1785,Nampalys Mendy,2021-2022,ENG-Premier League,Leicester,M S,Midfielder,14,1041,0.0,0.0224,0.0,0.0224,0.0,0.0272,1.0,1.0,2.4793,2.4793,0.0,0.0019,0.0,0.0024,0.0865,0.0865,0.2144,0.2144,understat
697,Nemanja Matic,2021-2022,ENG-Premier League,Manchester United,M S,Midfielder,23,1386,0.0,0.2044,0.0,0.2044,4.0,1.8546,6.0,13.0,7.1762,5.4846,0.0,0.0133,0.2597,0.1204,0.3896,0.8442,0.466,0.3561,understat
5656,Nicolas Pepe,2021-2022,ENG-Premier League,Arsenal,M S,Midfielder,20,646,1.0,3.4486,1.0,3.4486,2.0,1.3309,23.0,12.0,5.508,1.4027,0.1393,0.4805,0.2786,0.1854,3.2043,1.6718,0.7674,0.1954,understat
6276,Nikola Vlasic,2021-2022,ENG-Premier League,West Ham,M S,Midfielder,19,548,1.0,0.9057,1.0,0.9057,0.0,0.6066,7.0,9.0,2.3433,1.2692,0.1642,0.1487,0.0,0.0996,1.1496,1.4781,0.3849,0.2085,understat
7198,Oliver Skipp,2021-2022,ENG-Premier League,Tottenham,M S,Midfielder,18,1340,0.0,0.1464,0.0,0.1464,0.0,0.7629,4.0,8.0,6.2787,5.4488,0.0,0.0098,0.0,0.0512,0.2687,0.5373,0.4217,0.366,understat
842,Oriol Romeu,2021-2022,ENG-Premier League,Southampton,M S,Midfielder,36,2905,2.0,1.5032,2.0,1.5032,2.0,3.0381,24.0,37.0,10.6937,8.4132,0.062,0.0466,0.062,0.0941,0.7435,1.1463,0.3313,0.2606,understat
8717,Pascal Struijk,2021-2022,ENG-Premier League,Leeds,D M S,Midfielder,29,2052,1.0,2.2997,1.0,2.2997,0.0,0.4315,11.0,11.0,5.5354,5.0301,0.0439,0.1009,0.0,0.0189,0.4825,0.4825,0.2428,0.2206,understat
1740,Paul Pogba,2021-2022,ENG-Premier League,Manchester United,M S,Midfielder,20,1371,1.0,2.1891,1.0,2.1891,9.0,3.8411,33.0,24.0,7.5612,3.9273,0.0656,0.1437,0.5908,0.2522,2.1663,1.5755,0.4964,0.2578,understat
5619,Pierre Lees-Melou,2021-2022,ENG-Premier League,Norwich,M S,Midfielder,33,2293,1.0,1.3565,1.0,1.3565,0.0,1.8593,33.0,25.0,5.121,3.3383,0.0392,0.0532,0.0,0.073,1.2952,0.9812,0.201,0.131,understat
343,Pierre-Emile Højbjerg,2021-2022,ENG-Premier League,Tottenham,M,Midfielder,36,3202,2.0,2.6445,2.0,2.6445,2.0,2.5382,31.0,25.0,24.1132,20.0762,0.0562,0.0743,0.0562,0.0713,0.8713,0.7027,0.6778,0.5643,understat
8067,Reece James,2021-2022,ENG-Premier League,Chelsea,D M S,Midfielder,26,1866,5.0,2.5435,5.0,2.5435,9.0,7.0303,37.0,48.0,15.9819,11.9406,0.2412,0.1227,0.4341,0.3391,1.7846,2.3151,0.7708,0.5759,understat
3303,Ricardo Pereira,2021-2022,ENG-Premier League,Leicester,D M S,Midfielder,14,1000,1.0,0.5782,1.0,0.5782,3.0,1.4026,10.0,10.0,5.1048,4.2578,0.09,0.052,0.27,0.1262,0.9,0.9,0.4594,0.3832,understat
9679,Rico Henry,2021-2022,ENG-Premier League,Brentford,D M S,Midfielder,34,2796,3.0,1.8999,3.0,1.8999,0.0,1.8724,14.0,18.0,9.1282,6.3019,0.0966,0.0612,0.0,0.0603,0.4506,0.5794,0.2938,0.2028,understat
6273,Robin Koch,2021-2022,ENG-Premier League,Leeds,D M S,Midfielder,20,1573,0.0,1.0864,0.0,1.0864,0.0,0.2803,13.0,5.0,4.0281,3.2361,0.0,0.0622,0.0,0.016,0.7438,0.2861,0.2305,0.1852,understat
2496,Rodri,2021-2022,ENG-Premier League,Manchester City,M,Midfielder,33,2901,7.0,2.7183,7.0,2.7183,2.0,1.5522,45.0,27.0,26.2598,23.9559,0.2172,0.0843,0.062,0.0482,1.3961,0.8376,0.8147,0.7432,understat
6108,Rodrigo Bentancur,2021-2022,ENG-Premier League,Tottenham,M S,Midfielder,17,1376,0.0,0.5785,0.0,0.5785,4.0,3.093,14.0,15.0,12.1661,10.8268,0.0,0.0378,0.2616,0.2023,0.9157,0.9811,0.7957,0.7082,understat
6500,Romain Perraud,2021-2022,ENG-Premier League,Southampton,D M S,Midfielder,20,1630,0.0,0.7306,0.0,0.7306,1.0,0.4041,19.0,8.0,3.158,2.5399,0.0,0.0403,0.0552,0.0223,1.0491,0.4417,0.1744,0.1402,understat
688,Ruben Loftus-Cheek,2021-2022,ENG-Premier League,Chelsea,M S,Midfielder,24,1378,0.0,0.942,0.0,0.942,2.0,2.5564,19.0,18.0,8.0961,6.9345,0.0,0.0615,0.1306,0.167,1.2409,1.1756,0.5288,0.4529,understat
6837,Ryan Sessegnon,2021-2022,ENG-Premier League,Tottenham,D M S,Midfielder,15,1065,0.0,0.3844,0.0,0.3844,2.0,3.2756,6.0,14.0,7.3211,4.775,0.0,0.0325,0.169,0.2768,0.507,1.1831,0.6187,0.4035,understat
6853,Rúben Neves,2021-2022,ENG-Premier League,Wolverhampton Wanderers,M S,Midfielder,33,2674,4.0,1.1209,4.0,1.1209,2.0,2.2436,42.0,25.0,8.2498,6.5163,0.1346,0.0377,0.0673,0.0755,1.4136,0.8414,0.2777,0.2193,understat
2266,Saúl Ñíguez,2021-2022,ENG-Premier League,Chelsea,D M S,Midfielder,10,477,0.0,0.1445,0.0,0.1445,0.0,0.1898,5.0,3.0,4.0233,3.7069,0.0,0.0273,0.0,0.0358,0.9434,0.566,0.7591,0.6994,understat
5560,Scott McTominay,2021-2022,ENG-Premier League,Manchester United,M S,Midfielder,30,2410,1.0,1.4769,1.0,1.4769,1.0,1.6853,27.0,23.0,8.3955,6.7151,0.0373,0.0552,0.0373,0.0629,1.0083,0.8589,0.3135,0.2508,understat
7078,Sean Longstaff,2021-2022,ENG-Premier League,Newcastle United,M S,Midfielder,24,1459,1.0,0.7775,1.0,0.7775,1.0,0.4642,15.0,7.0,3.9194,2.9818,0.0617,0.048,0.0617,0.0286,0.9253,0.4318,0.2418,0.1839,understat
9914,Shandon Baptiste,2021-2022,ENG-Premier League,Brentford,M S,Midfielder,22,909,1.0,0.5784,1.0,0.5784,0.0,0.5454,12.0,9.0,2.336,1.4912,0.099,0.0573,0.0,0.054,1.1881,0.8911,0.2313,0.1476,understat
8718,Stuart Dallas,2021-2022,ENG-Premier League,Leeds,D M,Midfielder,34,2929,1.0,1.8355,1.0,1.8355,1.0,3.3796,30.0,31.0,9.4957,6.7076,0.0307,0.0564,0.0307,0.1038,0.9218,0.9525,0.2918,0.2061,understat
5962,Tanguy NDombele Alvaro,2021-2022,ENG-Premier League,Tottenham,M S,Midfielder,9,490,1.0,0.5444,1.0,0.5444,1.0,0.6209,9.0,4.0,2.4391,1.578,0.1837,0.1,0.1837,0.114,1.6531,0.7347,0.448,0.2898,understat
229,Thiago Alcántara,2021-2022,ENG-Premier League,Liverpool,M S,Midfielder,25,1531,1.0,1.6294,1.0,1.6294,4.0,2.576,25.0,29.0,12.8669,10.5484,0.0588,0.0958,0.2351,0.1514,1.4696,1.7048,0.7564,0.6201,understat
2328,Thomas Partey,2021-2022,ENG-Premier League,Arsenal,M S,Midfielder,24,2045,2.0,3.0227,2.0,3.0227,1.0,0.868,44.0,16.0,9.6391,8.3666,0.088,0.133,0.044,0.0382,1.9364,0.7042,0.4242,0.3682,understat
6157,Timothy Castagne,2021-2022,ENG-Premier League,Leicester,D M S,Midfielder,27,2118,1.0,0.9405,1.0,0.9405,0.0,1.0865,7.0,14.0,5.5022,4.3507,0.0425,0.04,0.0,0.0462,0.2975,0.5949,0.2338,0.1849,understat
596,Tom Cleverley,2021-2022,ENG-Premier League,Watford,M S,Midfielder,28,1644,0.0,0.7093,0.0,0.7093,2.0,1.4272,12.0,19.0,5.9005,4.4899,0.0,0.0388,0.1095,0.0781,0.6569,1.0401,0.323,0.2458,understat
8288,Tomas Soucek,2021-2022,ENG-Premier League,West Ham,M S,Midfielder,35,3062,5.0,5.5039,5.0,5.5039,1.0,2.1672,44.0,21.0,9.5457,5.4336,0.147,0.1618,0.0294,0.0637,1.2933,0.6172,0.2806,0.1597,understat
6615,Trevoh Chalobah,2021-2022,ENG-Premier League,Chelsea,D M S,Midfielder,20,1459,3.0,1.1776,3.0,1.1776,1.0,0.266,9.0,4.0,7.6829,7.4315,0.1851,0.0726,0.0617,0.0164,0.5552,0.2467,0.4739,0.4584,understat
9680,Vitaly Janelt,2021-2022,ENG-Premier League,Brentford,D M S,Midfielder,31,2328,4.0,2.9898,4.0,2.9898,0.0,1.8168,30.0,23.0,7.3721,3.2414,0.1546,0.1156,0.0,0.0702,1.1598,0.8892,0.285,0.1253,understat
5545,Wilfred Ndidi,2021-2022,ENG-Premier League,Leicester,D M S,Midfielder,19,1621,0.0,0.5836,0.0,0.5836,0.0,0.0764,14.0,2.0,4.5095,4.1858,0.0,0.0324,0.0,0.0042,0.7773,0.111,0.2504,0.2324,understat
6104,Will Hughes,2021-2022,ENG-Premier League,Crystal Palace,M S,Midfielder,16,1071,0.0,0.1357,0.0,0.1357,1.0,0.9568,6.0,9.0,3.0649,2.7064,0.0,0.0114,0.084,0.0804,0.5042,0.7563,0.2576,0.2274,understat
5956,Youri Tielemans,2021-2022,ENG-Premier League,Leicester,M S,Midfielder,32,2638,6.0,4.2665,4.0,2.7441,4.0,4.3066,59.0,37.0,14.2593,8.5469,0.2047,0.1456,0.1365,0.1469,2.0129,1.2623,0.4865,0.2916,understat
5609,Yves Bissouma,2021-2022,ENG-Premier League,Brighton,M S,Midfielder,26,2134,1.0,1.0501,1.0,1.0501,2.0,0.8448,21.0,8.0,8.4609,6.9457,0.0422,0.0443,0.0843,0.0356,0.8857,0.3374,0.3568,0.2929,understat
593,Aaron Lennon,2021-2022,ENG-Premier League,Burnley,F M S,Winger,28,1538,2.0,1.0377,2.0,1.0377,0.0,0.4255,12.0,9.0,3.1641,1.9789,0.117,0.0607,0.0,0.0249,0.7022,0.5267,0.1852,0.1158,understat
8021,Adam Idah,2021-2022,ENG-Premier League,Norwich,F M S,Winger,17,611,1.0,1.9293,1.0,1.9293,1.0,0.4609,14.0,5.0,2.4035,0.511,0.1473,0.2842,0.1473,0.0679,2.0622,0.7365,0.354,0.0753,understat
486,Adam Lallana,2021-2022,ENG-Premier League,Brighton,F M S,Winger,24,1568,0.0,0.8801,0.0,0.8801,1.0,0.9318,19.0,8.0,5.6879,5.0481,0.0,0.0505,0.0574,0.0535,1.0906,0.4592,0.3265,0.2898,understat
900,Adama Traoré,2021-2022,ENG-Premier League,Wolverhampton Wanderers,F M S,Winger,20,1047,1.0,2.8342,1.0,2.8342,0.0,1.3371,23.0,18.0,4.7575,0.9077,0.086,0.2436,0.0,0.1149,1.9771,1.5473,0.409,0.078,understat
5556,Ademola Lookman,2021-2022,ENG-Premier League,Leicester,F M S,Winger,26,1470,6.0,4.7814,6.0,4.7814,0.0,1.8124,26.0,23.0,11.4091,5.6401,0.3673,0.2927,0.0,0.111,1.5918,1.4082,0.6985,0.3453,understat
966,Alex Oxlade-Chamberlain,2021-2022,ENG-Premier League,Liverpool,F M S,Winger,17,783,2.0,1.181,2.0,1.181,1.0,1.2663,21.0,10.0,5.643,3.5401,0.2299,0.1357,0.1149,0.1456,2.4138,1.1494,0.6486,0.4069,understat
3277,Alexandre Lacazette,2021-2022,ENG-Premier League,Arsenal,F M S,Winger,30,1800,4.0,7.6258,2.0,5.3423,7.0,3.255,46.0,29.0,9.1499,3.0976,0.2,0.3813,0.35,0.1628,2.3,1.45,0.4575,0.1549,understat
8379,Alexis Mac Allister,2021-2022,ENG-Premier League,Brighton,F M S,Winger,33,2102,5.0,6.8326,3.0,4.5491,2.0,2.1257,60.0,31.0,10.8627,6.3584,0.2141,0.2925,0.0856,0.091,2.569,1.3273,0.4651,0.2722,understat
101,Allan Saint-Maximin,2021-2022,ENG-Premier League,Newcastle United,F M S,Winger,35,2825,5.0,5.6637,5.0,5.6637,5.0,5.261,64.0,50.0,14.3778,3.8986,0.1593,0.1804,0.1593,0.1676,2.0389,1.5929,0.4581,0.1242,understat
775,Andros Townsend,2021-2022,ENG-Premier League,Everton,D F M S,Winger,21,1463,3.0,2.2626,2.0,1.5014,2.0,2.8491,21.0,31.0,5.3176,2.7568,0.1846,0.1392,0.123,0.1753,1.2919,1.907,0.3271,0.1696,understat
9524,Anthony Elanga,2021-2022,ENG-Premier League,Manchester United,F M S,Winger,21,1218,2.0,2.9812,2.0,2.9812,2.0,1.9335,21.0,9.0,5.9695,2.2017,0.1478,0.2203,0.1478,0.1429,1.5517,0.665,0.4411,0.1627,understat
8150,Anthony Gordon,2021-2022,ENG-Premier League,Everton,D F M S,Winger,35,2288,4.0,3.4603,4.0,3.4603,2.0,3.7769,44.0,36.0,7.9695,3.0103,0.1573,0.1361,0.0787,0.1486,1.7308,1.4161,0.3135,0.1184,understat
631,Ashley Young,2021-2022,ENG-Premier League,Aston Villa,D F M S,Winger,24,1232,0.0,0.4037,0.0,0.4037,2.0,0.7783,10.0,13.0,3.3931,2.479,0.0,0.0295,0.1461,0.0569,0.7305,0.9497,0.2479,0.1811,understat
3635,Bernardo Silva,2021-2022,ENG-Premier League,Manchester City,F M S,Winger,35,2865,8.0,7.772,8.0,7.772,4.0,6.5671,48.0,59.0,25.9842,14.3622,0.2513,0.2441,0.1257,0.2063,1.5079,1.8534,0.8163,0.4512,understat
1228,Bruno Fernandes,2021-2022,ENG-Premier League,Manchester United,F M S,Winger,36,3135,10.0,9.2853,10.0,7.763,6.0,8.8119,89.0,88.0,22.9867,11.1423,0.2871,0.2666,0.1722,0.253,2.555,2.5263,0.6599,0.3199,understat
6552,Bryan Mbeumo,2021-2022,ENG-Premier League,Brentford,F M S,Winger,35,2934,4.0,9.8053,3.0,9.0441,7.0,3.9572,77.0,34.0,17.7869,6.4787,0.1227,0.3008,0.2147,0.1214,2.362,1.0429,0.5456,0.1987,understat
7322,Bukayo Saka,2021-2022,ENG-Premier League,Arsenal,F M S,Winger,38,3034,11.0,9.9059,9.0,8.3836,7.0,7.6314,97.0,68.0,19.4499,9.0586,0.3263,0.2938,0.2076,0.2264,2.8774,2.0171,0.577,0.2687,understat
6456,Callum Hudson-Odoi,2021-2022,ENG-Premier League,Chelsea,D F M S,Winger,15,971,1.0,2.7757,1.0,2.7757,2.0,2.639,18.0,25.0,6.9306,2.4325,0.0927,0.2573,0.1854,0.2446,1.6684,2.3172,0.6424,0.2255,understat
7700,Che Adams,2021-2022,ENG-Premier League,Southampton,F M S,Winger,30,2039,7.0,8.2893,7.0,8.2893,3.0,2.8459,49.0,25.0,10.3009,1.4006,0.309,0.3659,0.1324,0.1256,2.1628,1.1035,0.4547,0.0618,understat
2662,Christian Pulisic,2021-2022,ENG-Premier League,Chelsea,D F M S,Winger,22,1276,6.0,6.0951,6.0,6.0951,2.0,1.2933,28.0,15.0,8.8577,2.1258,0.4232,0.4299,0.1411,0.0912,1.9749,1.058,0.6248,0.1499,understat
5595,Daniel James,2021-2022,ENG-Premier League,"Leeds,Manchester United",F M S,Winger,34,2516,4.0,7.7106,4.0,7.7106,4.0,4.2782,54.0,27.0,12.3084,1.3779,0.1431,0.2758,0.1431,0.153,1.9316,0.9658,0.4403,0.0493,understat
8291,Daniel Podence,2021-2022,ENG-Premier League,Wolverhampton Wanderers,F M S,Winger,26,1491,2.0,1.9968,2.0,1.9968,3.0,4.2459,35.0,36.0,6.1779,1.5524,0.1207,0.1205,0.1811,0.2563,2.1127,2.173,0.3729,0.0937,understat
501,Danny Welbeck,2021-2022,ENG-Premier League,Brighton,F M S,Winger,25,1464,6.0,8.2852,6.0,8.2852,1.0,0.895,43.0,17.0,11.309,2.8017,0.3689,0.5093,0.0615,0.055,2.6434,1.0451,0.6952,0.1722,understat
6691,Dejan Kulusevski,2021-2022,ENG-Premier League,Tottenham,F M S,Winger,18,1276,5.0,3.0239,5.0,3.0239,8.0,4.1464,26.0,25.0,12.6061,7.696,0.3527,0.2133,0.5643,0.2925,1.8339,1.7633,0.8891,0.5428,understat
762,Demarai Gray,2021-2022,ENG-Premier League,Everton,F M S,Winger,34,2366,5.0,4.3364,5.0,4.3364,4.0,4.4293,65.0,42.0,10.401,3.4286,0.1902,0.165,0.1522,0.1685,2.4725,1.5976,0.3956,0.1304,understat
8706,Eberechi Eze,2021-2022,ENG-Premier League,Crystal Palace,F M S,Winger,13,597,1.0,0.4567,1.0,0.4567,1.0,0.9694,10.0,11.0,1.7386,1.2302,0.1508,0.0688,0.1508,0.1461,1.5075,1.6583,0.2621,0.1855,understat
7230,Emile Smith-Rowe,2021-2022,ENG-Premier League,Arsenal,F M S,Winger,33,1928,10.0,5.3638,10.0,5.3638,2.0,3.033,40.0,30.0,10.8741,4.7885,0.4668,0.2504,0.0934,0.1416,1.8672,1.4004,0.5076,0.2235,understat
2203,Emiliano Buendía,2021-2022,ENG-Premier League,Aston Villa,F M S,Winger,35,1907,4.0,3.0539,4.0,3.0539,6.0,4.653,44.0,47.0,10.5736,5.3183,0.1888,0.1441,0.2832,0.2196,2.0766,2.2181,0.499,0.251,understat
9301,Emmanuel Dennis,2021-2022,ENG-Premier League,Watford,F M S,Winger,33,2612,10.0,7.0068,10.0,7.0068,6.0,3.9592,60.0,33.0,12.3453,4.4163,0.3446,0.2414,0.2067,0.1364,2.0674,1.1371,0.4254,0.1522,understat
9734,Enock Mwepu,2021-2022,ENG-Premier League,Brighton,F M S,Winger,18,1009,2.0,1.9993,2.0,1.9993,4.0,1.5842,19.0,9.0,3.6124,2.08,0.1784,0.1783,0.3568,0.1413,1.6947,0.8028,0.3222,0.1855,understat
5543,Gabriel Jesus,2021-2022,ENG-Premier League,Manchester City,F M S,Winger,28,1885,8.0,10.1536,7.0,9.3924,8.0,5.9137,64.0,38.0,19.4912,6.3472,0.382,0.4848,0.382,0.2823,3.0557,1.8143,0.9306,0.303,understat
7752,Gabriel Martinelli,2021-2022,ENG-Premier League,Arsenal,F M S,Winger,29,1877,6.0,8.8643,5.0,8.1031,6.0,4.0847,51.0,34.0,10.5286,2.5605,0.2877,0.425,0.2877,0.1959,2.4454,1.6303,0.5048,0.1228,understat
8992,Hakim Ziyech,2021-2022,ENG-Premier League,Chelsea,F M S,Winger,23,1304,4.0,3.0387,4.0,3.0387,3.0,3.9269,52.0,30.0,10.7148,5.6629,0.2761,0.2097,0.2071,0.271,3.589,2.0706,0.7395,0.3908,understat
647,Harry Kane,2021-2022,ENG-Premier League,Tottenham,F M S,Winger,37,3229,17.0,20.6851,13.0,17.6404,9.0,9.8183,133.0,48.0,31.8922,9.8084,0.4738,0.5765,0.2509,0.2737,3.707,1.3379,0.8889,0.2734,understat
6681,Harvey Barnes,2021-2022,ENG-Premier League,Leicester,F M S,Winger,32,2108,6.0,6.2157,6.0,6.2157,10.0,4.481,66.0,28.0,12.5585,3.7295,0.2562,0.2654,0.4269,0.1913,2.8178,1.1954,0.5362,0.1592,understat
8845,Hee-Chan Hwang,2021-2022,ENG-Premier League,Wolverhampton Wanderers,F M S,Winger,30,1804,5.0,4.1964,5.0,4.1964,1.0,1.6057,27.0,15.0,8.4803,3.6126,0.2494,0.2094,0.0499,0.0801,1.347,0.7483,0.4231,0.1802,understat
5675,Ismaila Sarr,2021-2022,ENG-Premier League,Watford,F M S,Winger,22,1872,5.0,4.2518,5.0,3.4907,2.0,2.924,39.0,21.0,7.5957,2.0602,0.2404,0.2044,0.0962,0.1406,1.875,1.0096,0.3652,0.099,understat
675,Jack Grealish,2021-2022,ENG-Premier League,Manchester City,F M S,Winger,26,1929,3.0,5.5324,3.0,5.5324,3.0,5.4562,44.0,52.0,18.3981,9.6336,0.14,0.2581,0.14,0.2546,2.0529,2.4261,0.8584,0.4495,understat
8720,Jack Harrison,2021-2022,ENG-Premier League,Leeds,F M S,Winger,35,2660,8.0,5.1547,8.0,5.1547,1.0,3.449,43.0,42.0,9.2159,4.4225,0.2707,0.1744,0.0338,0.1167,1.4549,1.4211,0.3118,0.1496,understat
6063,Jacob Murphy,2021-2022,ENG-Premier League,Newcastle United,D F M S,Winger,33,1418,1.0,2.5882,1.0,2.5882,2.0,2.3862,27.0,20.0,6.9659,2.7635,0.0635,0.1643,0.1269,0.1514,1.7137,1.2694,0.4421,0.1754,understat
8941,Jacob Ramsey,2021-2022,ENG-Premier League,Aston Villa,F M S,Winger,34,2493,6.0,3.8229,6.0,3.8229,1.0,2.037,34.0,21.0,11.2466,6.3339,0.2166,0.138,0.0361,0.0735,1.2274,0.7581,0.406,0.2287,understat
6345,Jadon Sancho,2021-2022,ENG-Premier League,Manchester United,F M S,Winger,29,1891,3.0,4.233,3.0,4.233,3.0,4.0787,26.0,42.0,12.3609,5.4445,0.1428,0.2015,0.1428,0.1941,1.2374,1.9989,0.5883,0.2591,understat
9284,Jakub Moder,2021-2022,ENG-Premier League,Brighton,D F M S,Winger,28,1709,0.0,3.1035,0.0,3.1035,3.0,2.5827,28.0,16.0,7.956,3.4272,0.0,0.1634,0.158,0.136,1.4745,0.8426,0.419,0.1805,understat
6818,James Maddison,2021-2022,ENG-Premier League,Leicester,F M S,Winger,35,2480,12.0,6.4967,12.0,6.4967,8.0,5.6742,72.0,48.0,14.6068,5.8269,0.4355,0.2358,0.2903,0.2059,2.6129,1.7419,0.5301,0.2115,understat
1776,Jarrod Bowen,2021-2022,ENG-Premier League,West Ham,F M S,Winger,36,3003,12.0,12.9294,12.0,12.9294,10.0,5.8197,80.0,41.0,21.7007,6.5497,0.3596,0.3875,0.2997,0.1744,2.3976,1.2288,0.6504,0.1963,understat
844,Jay Rodriguez,2021-2022,ENG-Premier League,Burnley,F M S,Winger,29,1356,2.0,4.8552,2.0,4.8552,2.0,1.9019,41.0,12.0,5.373,1.0447,0.1327,0.3222,0.1327,0.1262,2.7212,0.7965,0.3566,0.0693,understat
757,Jeffrey Schlupp,2021-2022,ENG-Premier League,Crystal Palace,F M S,Winger,32,1836,4.0,3.6296,4.0,3.6296,1.0,2.0315,33.0,18.0,7.0597,2.9349,0.1961,0.1779,0.049,0.0996,1.6176,0.8824,0.3461,0.1439,understat
87,Joelinton,2021-2022,ENG-Premier League,Newcastle United,F M S,Winger,35,2554,4.0,3.8163,4.0,3.8163,1.0,1.8803,45.0,29.0,6.5164,2.5586,0.141,0.1345,0.0352,0.0663,1.5857,1.0219,0.2296,0.0902,understat
672,Jordan Ayew,2021-2022,ENG-Premier League,Crystal Palace,F M S,Winger,31,2036,3.0,4.2904,3.0,4.2904,3.0,3.0359,35.0,23.0,9.3388,3.0739,0.1326,0.1897,0.1326,0.1342,1.5472,1.0167,0.4128,0.1359,understat
8323,Josh Brownhill,2021-2022,ENG-Premier League,Burnley,F M S,Winger,35,2953,2.0,1.2015,2.0,1.2015,3.0,2.3539,29.0,40.0,5.9908,4.4112,0.061,0.0366,0.0914,0.0717,0.8838,1.2191,0.1826,0.1344,understat
465,Joshua King,2021-2022,ENG-Premier League,Watford,F M S,Winger,32,2247,5.0,8.2843,4.0,7.5231,3.0,4.0025,49.0,35.0,12.0322,2.6615,0.2003,0.3318,0.1202,0.1603,1.9626,1.4019,0.4819,0.1066,understat
7295,Joshua Sargent,2021-2022,ENG-Premier League,Norwich,F M S,Winger,26,1578,2.0,2.0713,2.0,2.0713,1.0,0.5363,23.0,11.0,2.8161,0.5686,0.1141,0.1181,0.057,0.0306,1.3118,0.6274,0.1606,0.0324,understat
8272,João Pedro,2021-2022,ENG-Premier League,Watford,F M S,Winger,28,1619,3.0,4.4489,3.0,4.4489,1.0,2.0974,47.0,18.0,9.2635,4.3197,0.1668,0.2473,0.0556,0.1166,2.6127,1.0006,0.515,0.2401,understat
6954,Juan Camilo Hernández,2021-2022,ENG-Premier League,Watford,F M S,Winger,25,1125,5.0,2.6642,5.0,2.6642,2.0,1.6999,33.0,20.0,4.9425,2.0007,0.4,0.2131,0.16,0.136,2.64,1.6,0.3954,0.1601,understat
5220,Kai Havertz,2021-2022,ENG-Premier League,Chelsea,F M S,Winger,29,1829,8.0,10.6709,8.0,10.6709,3.0,2.5678,56.0,21.0,17.6188,5.0743,0.3937,0.5251,0.1476,0.1264,2.7556,1.0334,0.867,0.2497,understat
6841,Ken Sema,2021-2022,ENG-Premier League,Watford,F M S,Winger,18,835,0.0,0.1489,0.0,0.1489,0.0,1.589,3.0,12.0,1.7516,1.4123,0.0,0.016,0.0,0.1713,0.3234,1.2934,0.1888,0.1522,understat
1032,Kieran Dowell,2021-2022,ENG-Premier League,Norwich,F M S,Winger,19,912,1.0,1.2522,1.0,1.2522,1.0,1.24,8.0,16.0,2.7509,0.7944,0.0987,0.1236,0.0987,0.1224,0.7895,1.5789,0.2715,0.0784,understat
7698,Leandro Trossard,2021-2022,ENG-Premier League,Brighton,D F M S,Winger,34,2830,8.0,7.9616,7.0,7.2004,3.0,5.2779,73.0,47.0,16.1391,5.8569,0.2544,0.2532,0.0954,0.1678,2.3216,1.4947,0.5133,0.1863,understat
5221,Leon Bailey,2021-2022,ENG-Premier League,Aston Villa,F M S,Winger,18,723,1.0,1.4926,1.0,1.4926,2.0,0.6774,21.0,7.0,2.5109,0.6679,0.1245,0.1858,0.249,0.0843,2.6141,0.8714,0.3126,0.0831,understat
3293,Lucas Moura,2021-2022,ENG-Premier League,Tottenham,F M S,Winger,34,1770,2.0,3.3637,2.0,3.3637,6.0,5.3201,37.0,34.0,13.4666,6.767,0.1017,0.171,0.3051,0.2705,1.8814,1.7288,0.6847,0.3441,understat
753,Marc Albrighton,2021-2022,ENG-Premier League,Leicester,D F M S,Winger,17,1113,1.0,0.4876,1.0,0.4876,2.0,1.6947,4.0,11.0,4.0017,2.9702,0.0809,0.0394,0.1617,0.137,0.3235,0.8895,0.3236,0.2402,understat
556,Marcus Rashford,2021-2022,ENG-Premier League,Manchester United,F M S,Winger,25,1229,4.0,2.8204,4.0,2.8204,2.0,2.4275,22.0,9.0,6.9205,1.9815,0.2929,0.2065,0.1465,0.1778,1.6111,0.6591,0.5068,0.1451,understat
7490,Mason Greenwood,2021-2022,ENG-Premier League,Manchester United,F M S,Winger,18,1305,5.0,4.4807,5.0,4.4807,1.0,1.3291,48.0,17.0,6.1888,1.7467,0.3448,0.309,0.069,0.0917,3.3103,1.1724,0.4268,0.1205,understat
7768,Mason Mount,2021-2022,ENG-Premier League,Chelsea,F M S,Winger,32,2367,11.0,8.5224,10.0,7.7613,10.0,7.2129,76.0,58.0,18.2322,7.4732,0.4183,0.324,0.3802,0.2743,2.8897,2.2053,0.6932,0.2842,understat
3278,Maxwel Cornet,2021-2022,ENG-Premier League,Burnley,F M S,Winger,26,1790,9.0,6.714,9.0,5.9529,1.0,1.7581,47.0,15.0,8.5566,2.5906,0.4525,0.3376,0.0503,0.0884,2.3631,0.7542,0.4302,0.1303,understat
9948,Michael Olise,2021-2022,ENG-Premier League,Crystal Palace,F M S,Winger,26,1125,2.0,1.488,2.0,1.488,5.0,4.9626,19.0,24.0,7.7871,5.3071,0.16,0.119,0.4,0.397,1.52,1.92,0.623,0.4246,understat
7420,Miguel Almirón,2021-2022,ENG-Premier League,Newcastle United,F M S,Winger,30,1730,1.0,1.7121,1.0,1.7121,0.0,1.0018,32.0,17.0,5.6361,3.226,0.052,0.0891,0.0,0.0521,1.6647,0.8844,0.2932,0.1678,understat
6523,Milot Rashica,2021-2022,ENG-Premier League,Norwich,D F M S,Winger,31,2248,1.0,2.5697,1.0,2.5697,2.0,1.9146,44.0,36.0,4.7168,1.4208,0.04,0.1029,0.0801,0.0767,1.7616,1.4413,0.1888,0.0569,understat
6894,Mohamed Elyounoussi,2021-2022,ENG-Premier League,Southampton,F M S,Winger,30,2048,4.0,6.5801,4.0,6.5801,2.0,2.2279,43.0,28.0,8.9827,2.9429,0.1758,0.2892,0.0879,0.0979,1.8896,1.2305,0.3947,0.1293,understat
790,Nathan Redmond,2021-2022,ENG-Premier League,Southampton,D F M S,Winger,27,1829,1.0,1.6322,1.0,1.6322,5.0,4.0707,26.0,34.0,7.3788,3.2111,0.0492,0.0803,0.246,0.2003,1.2794,1.673,0.3631,0.158,understat
8456,Nathan Tella,2021-2022,ENG-Premier League,Southampton,D F M S,Winger,14,831,0.0,0.6767,0.0,0.6767,1.0,0.6299,12.0,8.0,1.3331,0.2193,0.0,0.0733,0.1083,0.0682,1.2996,0.8664,0.1444,0.0237,understat
3697,Odsonne Edouard,2021-2022,ENG-Premier League,Crystal Palace,F M S,Winger,28,1579,6.0,6.5336,5.0,5.7724,4.0,2.1719,40.0,21.0,10.2045,2.6027,0.342,0.3724,0.228,0.1238,2.2799,1.197,0.5816,0.1483,understat
2335,Pablo Fornals,2021-2022,ENG-Premier League,West Ham,F M S,Winger,36,2805,6.0,5.1374,6.0,5.1374,3.0,5.967,44.0,47.0,17.6746,8.3438,0.1925,0.1648,0.0963,0.1915,1.4118,1.508,0.5671,0.2677,understat
239,Pascal Groß,2021-2022,ENG-Premier League,Brighton,D F M S,Winger,29,2044,2.0,2.8653,2.0,2.1042,4.0,5.7903,23.0,60.0,9.9466,5.5466,0.0881,0.1262,0.1761,0.255,1.0127,2.6419,0.438,0.2442,understat
6382,Pedro Neto,2021-2022,ENG-Premier League,Wolverhampton Wanderers,F M S,Winger,13,451,1.0,1.6367,1.0,1.6367,1.0,1.4952,17.0,13.0,2.9315,0.7728,0.1996,0.3266,0.1996,0.2984,3.3925,2.5942,0.585,0.1542,understat
6055,Phil Foden,2021-2022,ENG-Premier League,Manchester City,F M S,Winger,28,2141,9.0,9.2632,9.0,9.2632,5.0,6.8337,57.0,40.0,19.2744,6.2185,0.3783,0.3894,0.2102,0.2873,2.3961,1.6815,0.8102,0.2614,understat
488,Philippe Coutinho,2021-2022,ENG-Premier League,Aston Villa,F M S,Winger,19,1364,5.0,3.367,5.0,3.367,3.0,2.9328,43.0,25.0,8.8688,4.4971,0.3299,0.2222,0.1979,0.1935,2.8372,1.6496,0.5852,0.2967,understat
10097,Przemyslaw Placheta,2021-2022,ENG-Premier League,Norwich,F M S,Winger,12,513,0.0,0.3959,0.0,0.3959,0.0,0.5885,8.0,4.0,0.9923,0.129,0.0,0.0695,0.0,0.1032,1.4035,0.7018,0.1741,0.0226,understat
618,Raheem Sterling,2021-2022,ENG-Premier League,Manchester City,F M S,Winger,30,2119,13.0,15.7781,11.0,13.4946,5.0,5.0249,58.0,42.0,23.0955,9.6656,0.5521,0.6701,0.2124,0.2134,2.4634,1.7839,0.9809,0.4105,understat
8026,Raphinha,2021-2022,ENG-Premier League,Leeds,F M S,Winger,35,2940,11.0,10.2305,7.0,7.1859,3.0,6.9391,87.0,64.0,17.0025,6.2886,0.3367,0.3132,0.0918,0.2124,2.6633,1.9592,0.5205,0.1925,understat
4105,Raúl Jiménez,2021-2022,ENG-Premier League,Wolverhampton Wanderers,F M S,Winger,34,2651,6.0,7.0714,5.0,6.3102,4.0,3.394,57.0,38.0,12.2903,4.0586,0.2037,0.2401,0.1358,0.1152,1.9351,1.2901,0.4172,0.1378,understat
6026,Richarlison,2021-2022,ENG-Premier League,Everton,F M S,Winger,30,2532,10.0,10.0138,7.0,7.7303,5.0,4.3838,74.0,29.0,11.7697,3.0044,0.3555,0.3559,0.1777,0.1558,2.6303,1.0308,0.4184,0.1068,understat
750,Riyad Mahrez,2021-2022,ENG-Premier League,Manchester City,F M S,Winger,28,1468,11.0,10.1236,7.0,6.3177,5.0,3.9328,61.0,40.0,14.3669,6.279,0.6744,0.6207,0.3065,0.2411,3.7398,2.4523,0.8808,0.385,understat
2381,Rodrigo,2021-2022,ENG-Premier League,Leeds,F M S,Winger,31,2280,6.0,5.6106,5.0,4.8495,1.0,3.6452,48.0,39.0,10.8515,3.6287,0.2368,0.2215,0.0395,0.1439,1.8947,1.5395,0.4283,0.1432,understat
1683,Ryan Fraser,2021-2022,ENG-Premier League,Newcastle United,F M S,Winger,27,1476,2.0,2.8667,2.0,2.8667,3.0,2.1547,24.0,25.0,6.5762,2.6878,0.122,0.1748,0.1829,0.1314,1.4634,1.5244,0.401,0.1639,understat
3585,Said Benrahma,2021-2022,ENG-Premier League,West Ham,F M S,Winger,32,2208,8.0,6.155,8.0,6.155,6.0,4.7721,63.0,32.0,13.8945,4.2172,0.3261,0.2509,0.2446,0.1945,2.5679,1.3043,0.5664,0.1719,understat
7069,Saman Ghoddos,2021-2022,ENG-Premier League,Brentford,D F M S,Winger,17,499,1.0,0.7121,1.0,0.7121,1.0,1.1907,8.0,6.0,3.1679,1.4298,0.1804,0.1284,0.1804,0.2148,1.4429,1.0822,0.5714,0.2579,understat
1078,Sergi Canos,2021-2022,ENG-Premier League,Brentford,D F M S,Winger,31,2128,3.0,3.4899,3.0,3.4899,2.0,2.1665,33.0,17.0,6.955,2.1818,0.1269,0.1476,0.0846,0.0916,1.3957,0.719,0.2942,0.0923,understat
6049,Solly March,2021-2022,ENG-Premier League,Brighton,D F M S,Winger,31,1723,0.0,1.453,0.0,1.453,2.0,2.9942,21.0,34.0,7.241,4.0957,0.0,0.0759,0.1045,0.1564,1.0969,1.776,0.3782,0.2139,understat
453,Son Heung-Min,2021-2022,ENG-Premier League,Tottenham,F M,Winger,35,3051,23.0,16.9922,23.0,16.9922,7.0,7.847,86.0,73.0,29.6248,10.3431,0.6785,0.5012,0.2065,0.2315,2.5369,2.1534,0.8739,0.3051,understat
8300,Steven Bergwijn,2021-2022,ENG-Premier League,Tottenham,F M S,Winger,25,518,3.0,3.3352,3.0,3.3352,1.0,0.8928,19.0,8.0,4.8093,0.8813,0.5212,0.5795,0.1737,0.1551,3.3012,1.39,0.8356,0.1531,understat
6893,Stuart Armstrong,2021-2022,ENG-Premier League,Southampton,F M S,Winger,25,1456,2.0,2.7619,2.0,2.7619,0.0,1.6202,38.0,25.0,6.5359,3.4634,0.1236,0.1707,0.0,0.1001,2.3489,1.5453,0.404,0.2141,understat
8226,Tariq Lamptey,2021-2022,ENG-Premier League,Brighton,D F M S,Winger,30,1543,0.0,0.9945,0.0,0.9945,2.0,2.8592,19.0,21.0,5.9264,3.0342,0.0,0.058,0.1167,0.1668,1.1082,1.2249,0.3457,0.177,understat
65,Timo Werner,2021-2022,ENG-Premier League,Chelsea,F M S,Winger,21,1291,4.0,6.1664,4.0,6.1664,1.0,0.3184,45.0,8.0,9.6938,3.6193,0.2789,0.4299,0.0697,0.0222,3.1371,0.5577,0.6758,0.2523,understat
8934,Trincão,2021-2022,ENG-Premier League,Wolverhampton Wanderers,F M S,Winger,28,1359,2.0,3.603,2.0,3.603,1.0,1.4856,32.0,14.0,6.4414,2.2612,0.1325,0.2386,0.0662,0.0984,2.1192,0.9272,0.4266,0.1498,understat
1014,Tyler Roberts,2021-2022,ENG-Premier League,Leeds,F M S,Winger,23,938,1.0,2.4348,1.0,2.4348,1.0,1.4725,30.0,15.0,4.4983,0.8,0.0959,0.2336,0.0959,0.1413,2.8785,1.4392,0.4316,0.0768,understat
522,Wilfried Zaha,2021-2022,ENG-Premier League,Crystal Palace,F M S,Winger,33,2762,14.0,10.1841,9.0,4.8559,1.0,4.8932,69.0,46.0,12.1009,3.8087,0.4562,0.3319,0.0326,0.1594,2.2484,1.4989,0.3943,0.1241,understat
5786,Yoane Wissa,2021-2022,ENG-Premier League,Brentford,F M S,Winger,30,1230,7.0,3.4018,7.0,3.4018,1.0,0.6706,32.0,9.0,4.4163,1.8253,0.5122,0.2489,0.0732,0.0491,2.3415,0.6585,0.3231,0.1336,understat
534,Aaron Cresswell,2022-2023,ENG-Premier League,West Ham,D S,Defender,28,2231,0.0,0.419,0.0,0.419,1.0,3.1739,9.0,40.0,6.4066,5.8137,0.0,0.0169,0.0403,0.128,0.3631,1.6136,0.2584,0.2345,understat
8942,Aaron Hickey,2022-2023,ENG-Premier League,Brentford,D S,Defender,26,1958,0.0,0.3167,0.0,0.3167,1.0,0.6221,11.0,6.0,2.5499,2.0008,0.0,0.0146,0.046,0.0286,0.5056,0.2758,0.1172,0.092,understat
5584,Aaron Wan-Bissaka,2022-2023,ENG-Premier League,Manchester United,D S,Defender,19,1436,0.0,1.1713,0.0,1.1713,0.0,1.1535,10.0,15.0,7.7553,6.9012,0.0,0.0734,0.0,0.0723,0.6267,0.9401,0.4861,0.4325,understat
7699,Adam Webster,2022-2023,ENG-Premier League,Brighton,D S,Defender,27,2000,0.0,1.534,0.0,1.534,0.0,0.5189,18.0,6.0,9.7151,9.19,0.0,0.069,0.0,0.0234,0.81,0.27,0.4372,0.4135,understat
1688,Andrew Robertson,2022-2023,ENG-Premier League,Liverpool,D S,Defender,34,2609,0.0,1.0899,0.0,1.0899,8.0,6.8209,13.0,52.0,13.1451,10.3435,0.0,0.0376,0.276,0.2353,0.4484,1.7938,0.4535,0.3568,understat
528,Angelo Ogbonna,2022-2023,ENG-Premier League,West Ham,D S,Defender,16,1235,0.0,0.2092,0.0,0.2092,0.0,0.4894,3.0,3.0,1.701,1.1259,0.0,0.0152,0.0,0.0357,0.2186,0.2186,0.124,0.0821,understat
8940,Antonee Robinson,2022-2023,ENG-Premier League,Fulham,D,Defender,35,3088,0.0,0.0579,0.0,0.0579,1.0,1.0236,3.0,21.0,8.3928,7.6353,0.0,0.0017,0.0291,0.0298,0.0874,0.612,0.2446,0.2225,understat
9710,Armel Bella Kotchap,2022-2023,ENG-Premier League,Southampton,D,Defender,24,1890,0.0,1.2703,0.0,1.2703,2.0,1.4631,14.0,6.0,4.8376,3.8972,0.0,0.0605,0.0952,0.0697,0.6667,0.2857,0.2304,0.1856,understat
631,Ashley Young,2022-2023,ENG-Premier League,Aston Villa,D S,Defender,29,2044,1.0,0.3949,1.0,0.3949,0.0,0.7812,15.0,14.0,6.3501,5.5857,0.044,0.0174,0.0,0.0344,0.6605,0.6164,0.2796,0.2459,understat
2498,Aymeric Laporte,2022-2023,ENG-Premier League,Manchester City,D S,Defender,12,993,0.0,0.7524,0.0,0.7524,0.0,0.2129,10.0,6.0,3.624,3.5256,0.0,0.0682,0.0,0.0193,0.9063,0.5438,0.3285,0.3195,understat
782,Ben Chilwell,2022-2023,ENG-Premier League,Chelsea,D S,Defender,23,1418,2.0,1.4651,2.0,1.4651,2.0,1.9937,16.0,21.0,4.494,3.5327,0.1269,0.093,0.1269,0.1265,1.0155,1.3329,0.2852,0.2242,understat
660,Ben Davies,2022-2023,ENG-Premier League,Tottenham,D S,Defender,31,2295,2.0,0.9934,2.0,0.9934,2.0,2.469,14.0,20.0,8.7328,7.6291,0.0784,0.039,0.0784,0.0968,0.549,0.7843,0.3425,0.2992,understat
7689,Ben Godfrey,2022-2023,ENG-Premier League,Everton,D S,Defender,13,799,0.0,0.7159,0.0,0.7159,1.0,0.1487,6.0,3.0,0.3838,0.1242,0.0,0.0806,0.1126,0.0167,0.6758,0.3379,0.0432,0.014,understat
6424,Ben Johnson,2022-2023,ENG-Premier League,West Ham,D S,Defender,17,845,0.0,0.0838,0.0,0.0838,0.0,0.2368,2.0,3.0,2.5189,2.1983,0.0,0.0089,0.0,0.0252,0.213,0.3195,0.2683,0.2341,understat
1654,Ben Mee,2022-2023,ENG-Premier League,Brentford,D,Defender,37,3278,3.0,3.2242,3.0,3.2242,1.0,1.6803,27.0,7.0,6.8339,4.6968,0.0824,0.0885,0.0275,0.0461,0.7413,0.1922,0.1876,0.129,understat
7298,Ben White,2022-2023,ENG-Premier League,Arsenal,D S,Defender,38,3094,2.0,0.9821,2.0,0.9821,5.0,4.2936,10.0,27.0,18.133,15.2885,0.0582,0.0286,0.1454,0.1249,0.2909,0.7854,0.5275,0.4447,understat
7240,Benoit Badiashile Mukinayi,2022-2023,ENG-Premier League,Chelsea,D S,Defender,11,901,1.0,1.2135,1.0,1.2135,0.0,0.6914,6.0,3.0,3.3061,3.1625,0.0999,0.1212,0.0,0.0691,0.5993,0.2997,0.3302,0.3159,understat
5264,Caglar Söyüncü,2022-2023,ENG-Premier League,Leicester,D S,Defender,7,527,1.0,0.3383,1.0,0.3383,0.0,0.1162,5.0,1.0,1.3646,1.3646,0.1708,0.0578,0.0,0.0198,0.8539,0.1708,0.233,0.233,understat
7384,Chris Mepham,2022-2023,ENG-Premier League,Bournemouth,D S,Defender,26,2197,0.0,0.501,0.0,0.501,0.0,0.2,8.0,4.0,1.9172,1.744,0.0,0.0205,0.0,0.0082,0.3277,0.1639,0.0785,0.0714,understat
5050,Clement Lenglet,2022-2023,ENG-Premier League,Tottenham,D S,Defender,26,2039,0.0,0.9608,0.0,0.9608,2.0,0.7074,13.0,6.0,8.32,8.1519,0.0,0.0424,0.0883,0.0312,0.5738,0.2648,0.3672,0.3598,understat
6851,Conor Coady,2022-2023,ENG-Premier League,Everton,D S,Defender,24,2096,1.0,0.6148,1.0,0.6148,1.0,0.4617,4.0,4.0,2.6964,2.2495,0.0429,0.0264,0.0429,0.0198,0.1718,0.1718,0.1158,0.0966,understat
804,Craig Dawson,2022-2023,ENG-Premier League,"West Ham,Wolverhampton Wanderers",D,Defender,25,2148,1.0,1.5214,1.0,1.5214,0.0,0.1079,17.0,2.0,3.3988,3.2467,0.0419,0.0637,0.0,0.0045,0.7123,0.0838,0.1424,0.136,understat
7218,Cristian Romero,2022-2023,ENG-Premier League,Tottenham,D S,Defender,27,2367,0.0,0.8597,0.0,0.8597,1.0,0.8884,11.0,8.0,11.6032,11.2027,0.0,0.0327,0.038,0.0338,0.4183,0.3042,0.4412,0.426,understat
7382,Dan Burn,2022-2023,ENG-Premier League,Newcastle United,D S,Defender,38,3130,1.0,2.2567,1.0,2.2567,0.0,2.0212,21.0,16.0,11.1692,10.7646,0.0288,0.0649,0.0,0.0581,0.6038,0.4601,0.3212,0.3095,understat
759,Daniel Amartey,2022-2023,ENG-Premier League,Leicester,D S,Defender,20,1615,0.0,1.054,0.0,1.054,0.0,0.465,6.0,5.0,3.9915,3.8187,0.0,0.0587,0.0,0.0259,0.3344,0.2786,0.2224,0.2128,understat
6249,Davinson Sánchez,2022-2023,ENG-Premier League,Tottenham,D S,Defender,18,845,0.0,0.3042,0.0,0.3042,0.0,0.1408,6.0,2.0,2.7924,2.643,0.0,0.0324,0.0,0.015,0.6391,0.213,0.2974,0.2815,understat
2163,Diego Llorente,2022-2023,ENG-Premier League,Leeds,D S,Defender,8,646,0.0,0.3012,0.0,0.3012,0.0,0.0,6.0,0.0,0.9054,0.9054,0.0,0.042,0.0,0.0,0.8359,0.0,0.1261,0.1261,understat
7281,Diogo Dalot,2022-2023,ENG-Premier League,Manchester United,D S,Defender,26,2164,1.0,2.2077,1.0,2.2077,2.0,1.9137,22.0,29.0,11.6909,8.9033,0.0416,0.0918,0.0832,0.0796,0.915,1.2061,0.4862,0.3703,understat
7007,Duje Caleta-Car,2022-2023,ENG-Premier League,Southampton,D S,Defender,13,947,1.0,1.0883,1.0,1.0883,0.0,0.0417,5.0,1.0,2.0971,2.0787,0.095,0.1034,0.0,0.004,0.4752,0.095,0.1993,0.1976,understat
7430,Emerson,2022-2023,ENG-Premier League,Tottenham,D S,Defender,26,1733,2.0,1.7453,2.0,1.7453,1.0,0.484,17.0,9.0,7.7816,5.6725,0.1039,0.0906,0.0519,0.0251,0.8829,0.4674,0.4041,0.2946,understat
643,Eric Dier,2022-2023,ENG-Premier League,Tottenham,D S,Defender,33,2815,2.0,1.4716,2.0,1.4716,1.0,1.6205,17.0,7.0,11.7469,11.0032,0.0639,0.047,0.032,0.0518,0.5435,0.2238,0.3756,0.3518,understat
5136,Estupiñán,2022-2023,ENG-Premier League,Brighton,D S,Defender,35,2707,1.0,2.3249,1.0,2.3249,5.0,5.6424,30.0,50.0,18.0867,12.6715,0.0332,0.0773,0.1662,0.1876,0.9974,1.6624,0.6013,0.4213,understat
9678,Ethan Pinnock,2022-2023,ENG-Premier League,Brentford,D,Defender,30,2700,3.0,3.5859,3.0,3.5859,0.0,0.6192,15.0,8.0,5.0262,4.3402,0.1,0.1195,0.0,0.0206,0.5,0.2667,0.1675,0.1447,understat
7726,Ezri Konsa Ngoyo,2022-2023,ENG-Premier League,Aston Villa,D S,Defender,38,3325,0.0,0.8061,0.0,0.8061,0.0,1.4513,8.0,8.0,10.9209,10.3465,0.0,0.0218,0.0,0.0393,0.2165,0.2165,0.2956,0.2801,understat
76,Fabian Schär,2022-2023,ENG-Premier League,Newcastle United,D,Defender,36,3223,1.0,5.0928,1.0,5.0928,3.0,2.4297,56.0,19.0,10.1845,8.899,0.0279,0.1422,0.0838,0.0678,1.5638,0.5306,0.2844,0.2485,understat
7921,Felipe,2022-2023,ENG-Premier League,Nottingham Forest,D S,Defender,16,1427,0.0,1.2465,0.0,1.2465,1.0,1.5024,13.0,7.0,2.3224,2.1818,0.0,0.0786,0.0631,0.0948,0.8199,0.4415,0.1465,0.1376,understat
5613,Gabriel,2022-2023,ENG-Premier League,Arsenal,D,Defender,38,3416,3.0,4.3356,3.0,4.3356,0.0,0.1663,32.0,5.0,13.8271,13.4422,0.079,0.1142,0.0,0.0044,0.8431,0.1317,0.3643,0.3542,understat
1687,Harry Maguire,2022-2023,ENG-Premier League,Manchester United,D S,Defender,16,750,0.0,0.1488,0.0,0.1488,0.0,0.3812,3.0,2.0,3.6848,3.6848,0.0,0.0179,0.0,0.0457,0.36,0.24,0.4422,0.4422,understat
6329,Harry Souttar,2022-2023,ENG-Premier League,Leicester,D S,Defender,12,991,0.0,1.3053,0.0,1.3053,1.0,0.1512,8.0,3.0,2.2867,2.095,0.0,0.1185,0.0908,0.0137,0.7265,0.2725,0.2077,0.1903,understat
10140,Hugo Bueno,2022-2023,ENG-Premier League,Wolverhampton Wanderers,D S,Defender,21,1320,0.0,0.1125,0.0,0.1125,1.0,1.0708,4.0,15.0,2.26,1.5996,0.0,0.0077,0.0682,0.073,0.2727,1.0227,0.1541,0.1091,understat
6326,Ibrahima Konaté,2022-2023,ENG-Premier League,Liverpool,D S,Defender,18,1545,0.0,1.561,0.0,1.561,0.0,0.2667,11.0,1.0,4.7838,4.1139,0.0,0.0909,0.0,0.0155,0.6408,0.0583,0.2787,0.2396,understat
3203,Issa Diop,2022-2023,ENG-Premier League,Fulham,D S,Defender,25,2004,1.0,0.1914,1.0,0.1914,0.0,0.5267,3.0,2.0,3.1699,3.1547,0.0449,0.0086,0.0,0.0237,0.1347,0.0898,0.1424,0.1417,understat
1735,Jack Stephens,2022-2023,ENG-Premier League,"Bournemouth,Southampton",D S,Defender,17,1215,0.0,0.2226,0.0,0.2226,0.0,0.2588,2.0,3.0,1.8634,1.6749,0.0,0.0165,0.0,0.0192,0.1481,0.2222,0.138,0.1241,understat
7753,James Justin,2022-2023,ENG-Premier League,Leicester,D,Defender,14,1257,0.0,0.1448,0.0,0.1448,0.0,0.3057,5.0,7.0,3.2727,2.8896,0.0,0.0104,0.0,0.0219,0.358,0.5012,0.2343,0.2069,understat
1665,James Tarkowski,2022-2023,ENG-Premier League,Everton,D,Defender,38,3420,1.0,3.0202,1.0,3.0202,1.0,3.4632,31.0,15.0,6.181,5.9731,0.0263,0.0795,0.0263,0.0911,0.8158,0.3947,0.1627,0.1572,understat
6042,Jan Bednarek,2022-2023,ENG-Premier League,"Aston Villa,Southampton",D S,Defender,23,1772,0.0,0.3442,0.0,0.3442,0.0,0.1473,8.0,3.0,1.4835,1.4708,0.0,0.0175,0.0,0.0075,0.4063,0.1524,0.0753,0.0747,understat
6314,Joachim Andersen,2022-2023,ENG-Premier League,Crystal Palace,D,Defender,32,2786,1.0,1.8503,1.0,1.8503,0.0,1.4228,22.0,12.0,5.7388,4.775,0.0323,0.0598,0.0,0.046,0.7107,0.3877,0.1854,0.1543,understat
10756,Joe Worrall,2022-2023,ENG-Premier League,Nottingham Forest,D S,Defender,30,2210,1.0,0.9123,1.0,0.9123,0.0,0.5672,7.0,4.0,4.2544,3.9606,0.0407,0.0372,0.0,0.0231,0.2851,0.1629,0.1733,0.1613,understat
332,Joel Matip,2022-2023,ENG-Premier League,Liverpool,D S,Defender,14,1095,1.0,0.6459,1.0,0.6459,0.0,0.3237,5.0,4.0,5.5423,5.4659,0.0822,0.0531,0.0,0.0266,0.411,0.3288,0.4555,0.4492,understat
510,Joel Ward,2022-2023,ENG-Premier League,Crystal Palace,D S,Defender,28,2251,1.0,1.4656,1.0,1.4656,0.0,0.3379,7.0,10.0,3.9749,3.7096,0.04,0.0586,0.0,0.0135,0.2799,0.3998,0.1589,0.1483,understat
2280,Jonny,2022-2023,ENG-Premier League,Wolverhampton Wanderers,D S,Defender,18,1257,1.0,0.1871,1.0,0.1871,0.0,0.5785,9.0,5.0,4.2366,3.6352,0.0716,0.0134,0.0,0.0414,0.6444,0.358,0.3033,0.2603,understat
807,Jonny Evans,2022-2023,ENG-Premier League,Leicester,D S,Defender,13,1057,0.0,0.0843,0.0,0.0843,0.0,0.0927,1.0,1.0,3.3804,3.2877,0.0,0.0072,0.0,0.0079,0.0851,0.0851,0.2878,0.2799,understat
987,Joseph Gomez,2022-2023,ENG-Premier League,Liverpool,D S,Defender,21,1443,0.0,0.1202,0.0,0.1202,0.0,0.0427,7.0,1.0,6.3059,6.2089,0.0,0.0075,0.0,0.0027,0.4366,0.0624,0.3933,0.3872,understat
8780,Joël Veltman,2022-2023,ENG-Premier League,Brighton,D S,Defender,31,2215,1.0,1.3416,1.0,1.3416,1.0,1.02,14.0,10.0,10.2634,9.9339,0.0406,0.0545,0.0406,0.0414,0.5688,0.4063,0.417,0.4036,understat
6485,Júnior Firpo,2022-2023,ENG-Premier League,Leeds,D S,Defender,19,1364,1.0,0.1414,1.0,0.1414,1.0,0.9512,2.0,8.0,2.467,2.0024,0.066,0.0093,0.066,0.0628,0.132,0.5279,0.1628,0.1321,understat
1376,Kalidou Koulibaly,2022-2023,ENG-Premier League,Chelsea,D S,Defender,23,1809,2.0,1.0541,2.0,1.0541,1.0,0.3051,11.0,7.0,7.3524,7.2545,0.0995,0.0524,0.0498,0.0152,0.5473,0.3483,0.3658,0.3609,understat
5973,Kenny Tete,2022-2023,ENG-Premier League,Fulham,D S,Defender,31,2589,1.0,0.7199,1.0,0.7199,5.0,2.3402,13.0,23.0,6.9487,4.7875,0.0348,0.025,0.1738,0.0814,0.4519,0.7995,0.2416,0.1664,understat
8089,Kieran Tierney,2022-2023,ENG-Premier League,Arsenal,D S,Defender,27,733,0.0,0.3038,0.0,0.3038,1.0,0.2898,7.0,4.0,3.4042,2.853,0.0,0.0373,0.1228,0.0356,0.8595,0.4911,0.418,0.3503,understat
652,Kieran Trippier,2022-2023,ENG-Premier League,Newcastle United,D,Defender,38,3368,1.0,0.872,1.0,0.872,7.0,13.4627,14.0,110.0,17.4708,14.6054,0.0267,0.0233,0.1871,0.3598,0.3741,2.9394,0.4669,0.3903,understat
8852,Konstantinos Tsimikas,2022-2023,ENG-Premier League,Liverpool,D S,Defender,20,754,0.0,0.6084,0.0,0.6084,4.0,1.3977,7.0,18.0,3.3795,2.6816,0.0,0.0726,0.4775,0.1668,0.8355,2.1485,0.4034,0.3201,understat
9677,Kristoffer Ajer,2022-2023,ENG-Premier League,Brentford,D,Defender,9,781,0.0,0.0231,0.0,0.0231,0.0,0.0165,1.0,1.0,1.5338,1.5338,0.0,0.0027,0.0,0.0019,0.1152,0.1152,0.1767,0.1767,understat
935,Kurt Zouma,2022-2023,ENG-Premier League,West Ham,D S,Defender,25,1990,2.0,2.1252,2.0,2.1252,0.0,0.0569,19.0,1.0,2.5968,2.47,0.0905,0.0961,0.0,0.0026,0.8593,0.0452,0.1174,0.1117,understat
10805,Levi Colwill,2022-2023,ENG-Premier League,Brighton,D S,Defender,17,1213,0.0,1.583,0.0,1.583,2.0,0.6099,8.0,7.0,5.2311,4.7883,0.0,0.1175,0.1484,0.0453,0.5936,0.5194,0.3881,0.3553,understat
6048,Lewis Dunk,2022-2023,ENG-Premier League,Brighton,D,Defender,36,3240,1.0,2.0407,1.0,2.0407,0.0,0.8655,22.0,9.0,14.3471,14.0969,0.0278,0.0567,0.0,0.024,0.6111,0.25,0.3985,0.3916,understat
8816,Liam Cooper,2022-2023,ENG-Premier League,Leeds,D S,Defender,18,1421,1.0,0.952,1.0,0.952,0.0,0.4225,10.0,5.0,3.1957,3.0356,0.0633,0.0603,0.0,0.0268,0.6334,0.3167,0.2024,0.1923,understat
10802,Lisandro Martínez,2022-2023,ENG-Premier League,Manchester United,D S,Defender,27,2123,1.0,0.5252,1.0,0.5252,0.0,0.2293,10.0,6.0,8.2521,8.1861,0.0424,0.0223,0.0,0.0097,0.4239,0.2544,0.3498,0.347,understat
8090,Lloyd Kelly,2022-2023,ENG-Premier League,Bournemouth,D,Defender,23,2044,0.0,0.1227,0.0,0.1227,2.0,0.3941,3.0,7.0,2.422,2.3362,0.0,0.0054,0.0881,0.0174,0.1321,0.3082,0.1066,0.1029,understat
1823,Lucas Digne,2022-2023,ENG-Premier League,Aston Villa,D S,Defender,28,1494,1.0,0.4971,1.0,0.4971,0.0,1.5675,8.0,18.0,4.5028,3.2011,0.0602,0.0299,0.0,0.0944,0.4819,1.0843,0.2713,0.1928,understat
8716,Luke Ayling,2022-2023,ENG-Premier League,Leeds,D S,Defender,29,2030,2.0,2.7126,2.0,2.7126,1.0,1.8192,24.0,12.0,7.1048,4.5207,0.0887,0.1203,0.0443,0.0807,1.064,0.532,0.315,0.2004,understat
1006,Luke Shaw,2022-2023,ENG-Premier League,Manchester United,D S,Defender,31,2570,1.0,0.974,1.0,0.974,2.0,3.8267,14.0,34.0,12.4648,10.297,0.035,0.0341,0.07,0.134,0.4903,1.1907,0.4365,0.3606,understat
8562,Luke Thomas,2022-2023,ENG-Premier League,Leicester,D S,Defender,17,1064,0.0,0.0826,0.0,0.0826,0.0,0.5999,3.0,4.0,3.1659,2.7838,0.0,0.007,0.0,0.0507,0.2538,0.3383,0.2678,0.2355,understat
6252,Lyanco,2022-2023,ENG-Premier League,Southampton,D S,Defender,21,1160,1.0,0.721,1.0,0.721,1.0,0.3902,11.0,4.0,1.9289,1.6362,0.0776,0.0559,0.0776,0.0303,0.8534,0.3103,0.1497,0.127,understat
9685,Mads Roerslev,2022-2023,ENG-Premier League,Brentford,D S,Defender,20,1089,0.0,0.3935,0.0,0.3935,0.0,1.8459,3.0,8.0,2.6393,1.4526,0.0,0.0325,0.0,0.1526,0.2479,0.6612,0.2181,0.1201,understat
6490,Manuel Akanji,2022-2023,ENG-Premier League,Manchester City,D S,Defender,29,2272,0.0,1.0694,0.0,1.0694,1.0,0.2808,15.0,7.0,12.9471,12.8248,0.0,0.0424,0.0396,0.0111,0.5942,0.2773,0.5129,0.508,understat
7603,Marc Guehi,2022-2023,ENG-Premier League,Crystal Palace,D,Defender,37,3330,1.0,1.6622,1.0,1.6622,0.0,0.6577,14.0,10.0,4.7371,4.2682,0.027,0.0449,0.0,0.0178,0.3784,0.2703,0.128,0.1154,understat
10864,Marcos Senesi,2022-2023,ENG-Premier League,Bournemouth,D S,Defender,31,2508,2.0,2.0692,2.0,2.0692,0.0,0.5056,8.0,5.0,4.3075,3.9095,0.0718,0.0743,0.0,0.0181,0.2871,0.1794,0.1546,0.1403,understat
985,Mason Holgate,2022-2023,ENG-Premier League,Everton,D S,Defender,8,505,0.0,0.9284,0.0,0.9284,0.0,0.3237,4.0,6.0,1.3224,1.0586,0.0,0.1655,0.0,0.0577,0.7129,1.0693,0.2357,0.1887,understat
9892,Matias Viña,2022-2023,ENG-Premier League,Bournemouth,D S,Defender,12,453,2.0,0.753,2.0,0.753,0.0,0.1579,9.0,2.0,1.6716,0.9715,0.3974,0.1496,0.0,0.0314,1.7881,0.3974,0.3321,0.193,understat
6852,Matt Doherty,2022-2023,ENG-Premier League,Tottenham,D S,Defender,12,665,1.0,0.8726,1.0,0.8726,0.0,0.2881,10.0,6.0,2.7494,1.9658,0.1353,0.1181,0.0,0.039,1.3534,0.812,0.3721,0.266,understat
884,Matt Targett,2022-2023,ENG-Premier League,Newcastle United,D S,Defender,17,575,0.0,0.0253,0.0,0.0253,0.0,0.3976,1.0,10.0,1.649,1.5293,0.0,0.004,0.0,0.0622,0.1565,1.5652,0.2581,0.2394,understat
7332,Max Kilman,2022-2023,ENG-Premier League,Wolverhampton Wanderers,D,Defender,37,3310,0.0,1.4872,0.0,1.4872,0.0,0.1923,14.0,4.0,5.1283,4.9785,0.0,0.0404,0.0,0.0052,0.3807,0.1088,0.1394,0.1354,understat
7366,Maximilian Wöber,2022-2023,ENG-Premier League,Leeds,D S,Defender,16,1263,0.0,0.4645,0.0,0.4645,0.0,0.7422,9.0,6.0,2.0196,1.4275,0.0,0.0331,0.0,0.0529,0.6413,0.4276,0.1439,0.1017,understat
1653,Michael Keane,2022-2023,ENG-Premier League,Everton,D S,Defender,12,982,1.0,1.3262,1.0,1.3262,2.0,1.049,14.0,3.0,1.2412,0.4877,0.0916,0.1215,0.1833,0.0961,1.2831,0.2749,0.1138,0.0447,understat
6923,Mohammed Salisu,2022-2023,ENG-Premier League,Southampton,D S,Defender,22,1973,0.0,1.6058,0.0,1.6058,1.0,0.6116,19.0,7.0,5.8823,5.3798,0.0,0.0733,0.0456,0.0279,0.8667,0.3193,0.2683,0.2454,understat
5989,Moussa Niakhate,2022-2023,ENG-Premier League,Nottingham Forest,D,Defender,14,1170,0.0,1.2536,0.0,1.2536,0.0,0.0697,6.0,1.0,1.2205,1.2205,0.0,0.0964,0.0,0.0054,0.4615,0.0769,0.0939,0.0939,understat
6935,Naif Aguerd,2022-2023,ENG-Premier League,West Ham,D S,Defender,18,1600,2.0,2.5116,2.0,2.5116,0.0,0.6282,12.0,6.0,1.3948,1.2775,0.1125,0.1413,0.0,0.0353,0.675,0.3375,0.0785,0.0719,understat
579,Nathan Aké,2022-2023,ENG-Premier League,Manchester City,D S,Defender,26,1874,1.0,1.3442,1.0,1.3442,0.0,1.0906,9.0,9.0,13.6506,13.543,0.048,0.0646,0.0,0.0524,0.4322,0.4322,0.6556,0.6504,understat
9733,Nathan Collins,2022-2023,ENG-Premier League,Wolverhampton Wanderers,D S,Defender,26,1788,0.0,0.1207,0.0,0.1207,0.0,0.0746,3.0,2.0,3.1116,3.0369,0.0,0.0061,0.0,0.0038,0.151,0.1007,0.1566,0.1529,understat
10292,Nathan Patterson,2022-2023,ENG-Premier League,Everton,D S,Defender,19,1272,0.0,0.8275,0.0,0.8275,0.0,0.7127,8.0,6.0,3.0726,2.2216,0.0,0.0586,0.0,0.0504,0.566,0.4245,0.2174,0.1572,understat
603,Nathaniel Clyne,2022-2023,ENG-Premier League,Crystal Palace,D S,Defender,22,1644,0.0,0.0,0.0,0.0,0.0,0.7022,0.0,7.0,2.4123,2.2097,0.0,0.0,0.0,0.0384,0.0,0.3832,0.1321,0.121,understat
6163,Nélson Semedo,2022-2023,ENG-Premier League,Wolverhampton Wanderers,D S,Defender,36,2646,0.0,0.7855,0.0,0.7855,1.0,0.653,9.0,11.0,3.5861,2.2666,0.0,0.0267,0.034,0.0222,0.3061,0.3741,0.122,0.0771,understat
2958,Oleksandr Zinchenko,2022-2023,ENG-Premier League,Arsenal,D S,Defender,27,2179,1.0,1.1754,1.0,1.1754,2.0,1.9584,27.0,19.0,16.5603,14.842,0.0413,0.0485,0.0826,0.0809,1.1152,0.7848,0.684,0.613,understat
8717,Pascal Struijk,2022-2023,ENG-Premier League,Leeds,D S,Defender,29,2217,2.0,1.3351,2.0,1.3351,1.0,2.1754,16.0,13.0,5.0125,3.3309,0.0812,0.0542,0.0406,0.0883,0.6495,0.5277,0.2035,0.1352,understat
1801,Pontus Jansson,2022-2023,ENG-Premier League,Brentford,D S,Defender,12,724,1.0,0.1967,1.0,0.1967,0.0,0.0,4.0,0.0,1.8506,1.7343,0.1243,0.0245,0.0,0.0,0.4972,0.0,0.2301,0.2156,understat
2245,Raphael Varane,2022-2023,ENG-Premier League,Manchester United,D S,Defender,24,1918,0.0,0.9114,0.0,0.9114,0.0,0.1431,8.0,4.0,6.6721,6.5616,0.0,0.0428,0.0,0.0067,0.3754,0.1877,0.3131,0.3079,understat
6674,Rayan Ait Nouri,2022-2023,ENG-Premier League,Wolverhampton Wanderers,D S,Defender,21,1056,1.0,1.1299,1.0,1.1299,0.0,0.7609,10.0,7.0,3.1985,2.0772,0.0852,0.0963,0.0,0.0649,0.8523,0.5966,0.2726,0.177,understat
9679,Rico Henry,2022-2023,ENG-Premier League,Brentford,D,Defender,37,3260,0.0,1.9453,0.0,1.9453,2.0,3.0621,22.0,23.0,9.5781,5.3993,0.0,0.0537,0.0552,0.0845,0.6074,0.635,0.2644,0.1491,understat
1749,Rob Holding,2022-2023,ENG-Premier League,Arsenal,D S,Defender,14,556,1.0,0.3742,1.0,0.3742,0.0,0.0,5.0,0.0,3.3008,3.2022,0.1619,0.0606,0.0,0.0,0.8094,0.0,0.5343,0.5183,understat
6891,Ryan Fredericks,2022-2023,ENG-Premier League,Bournemouth,D S,Defender,12,524,0.0,0.0,0.0,0.0,0.0,0.0991,0.0,1.0,0.6326,0.5335,0.0,0.0,0.0,0.017,0.0,0.1718,0.1086,0.0916,understat
6837,Ryan Sessegnon,2022-2023,ENG-Premier League,Tottenham,D S,Defender,17,810,2.0,2.1175,2.0,2.1175,0.0,1.0408,18.0,6.0,4.3319,2.044,0.2222,0.2353,0.0,0.1156,2.0,0.6667,0.4813,0.2271,understat
8961,Rúben Dias,2022-2023,ENG-Premier League,Manchester City,D S,Defender,26,2006,0.0,1.9356,0.0,1.9356,0.0,0.3942,10.0,3.0,12.8525,12.493,0.0,0.0868,0.0,0.0177,0.4487,0.1346,0.5766,0.5605,understat
10757,Scott McKenna,2022-2023,ENG-Premier League,Nottingham Forest,D S,Defender,20,1568,0.0,0.0726,0.0,0.0726,0.0,0.8568,2.0,8.0,3.3094,2.5003,0.0,0.0042,0.0,0.0492,0.1148,0.4592,0.19,0.1435,understat
585,Seamus Coleman,2022-2023,ENG-Premier League,Everton,D S,Defender,23,1686,1.0,0.267,1.0,0.267,0.0,1.4559,7.0,4.0,4.1576,2.5526,0.0534,0.0143,0.0,0.0777,0.3737,0.2135,0.2219,0.1363,understat
3600,Serge Aurier,2022-2023,ENG-Premier League,Nottingham Forest,D S,Defender,24,1958,1.0,0.6691,1.0,0.6691,0.0,0.8025,9.0,10.0,3.0493,2.7344,0.046,0.0308,0.0,0.0369,0.4137,0.4597,0.1402,0.1257,understat
458,Steve Cook,2022-2023,ENG-Premier League,Nottingham Forest,D S,Defender,12,958,0.0,0.1638,0.0,0.1638,0.0,0.7962,3.0,3.0,0.6676,0.6676,0.0,0.0154,0.0,0.0748,0.2818,0.2818,0.0627,0.0627,understat
8635,Sven Botman,2022-2023,ENG-Premier League,Newcastle United,D S,Defender,36,3141,0.0,2.4459,0.0,2.4459,0.0,0.9378,22.0,9.0,6.9343,6.8558,0.0,0.0701,0.0,0.0269,0.6304,0.2579,0.1987,0.1964,understat
7931,Takehiro Tomiyasu,2022-2023,ENG-Premier League,Arsenal,D S,Defender,21,632,0.0,0.1446,0.0,0.1446,1.0,0.6009,3.0,4.0,2.2926,2.1199,0.0,0.0206,0.1424,0.0856,0.4272,0.5696,0.3265,0.3019,understat
3288,Thiago Silva,2022-2023,ENG-Premier League,Chelsea,D S,Defender,27,2352,0.0,1.4438,0.0,1.4438,2.0,0.5732,15.0,5.0,6.4073,5.8827,0.0,0.0552,0.0765,0.0219,0.574,0.1913,0.2452,0.2251,understat
2674,Thilo Kehrer,2022-2023,ENG-Premier League,West Ham,D S,Defender,27,2228,0.0,0.6546,0.0,0.6546,2.0,0.7119,8.0,8.0,4.6272,4.0061,0.0,0.0264,0.0808,0.0288,0.3232,0.3232,0.1869,0.1618,understat
7184,Tim Ream,2022-2023,ENG-Premier League,Fulham,D,Defender,33,2900,1.0,0.4944,1.0,0.4944,0.0,0.0718,3.0,3.0,6.8605,6.8135,0.031,0.0153,0.0,0.0022,0.0931,0.0931,0.2129,0.2115,understat
6157,Timothy Castagne,2022-2023,ENG-Premier League,Leicester,D S,Defender,37,3257,2.0,1.9258,2.0,1.9258,3.0,3.1727,18.0,21.0,11.6031,8.6054,0.0553,0.0532,0.0829,0.0877,0.4974,0.5803,0.3206,0.2378,understat
5590,Tosin Adarabioyo,2022-2023,ENG-Premier League,Fulham,D S,Defender,25,2081,1.0,0.5783,1.0,0.5783,0.0,0.2268,17.0,6.0,3.6262,3.4821,0.0432,0.025,0.0,0.0098,0.7352,0.2595,0.1568,0.1506,understat
10293,Toti,2022-2023,ENG-Premier League,Wolverhampton Wanderers,D S,Defender,17,973,1.0,0.2357,1.0,0.2357,0.0,0.1846,5.0,4.0,0.9124,0.8092,0.0925,0.0218,0.0,0.0171,0.4625,0.37,0.0844,0.0749,understat
1791,Trent Alexander-Arnold,2022-2023,ENG-Premier League,Liverpool,D S,Defender,37,2954,2.0,1.8789,2.0,1.8789,9.0,13.2224,40.0,71.0,21.8686,16.1898,0.0609,0.0572,0.2742,0.4029,1.2187,2.1632,0.6663,0.4933,understat
6615,Trevoh Chalobah,2022-2023,ENG-Premier League,Chelsea,D S,Defender,25,1598,0.0,0.7949,0.0,0.7949,0.0,0.1998,9.0,4.0,7.1021,7.0187,0.0,0.0448,0.0,0.0113,0.5069,0.2253,0.4,0.3953,understat
10803,Tyrell Malacia,2022-2023,ENG-Premier League,Manchester United,D S,Defender,22,1376,0.0,0.1681,0.0,0.1681,0.0,0.7472,5.0,9.0,6.3507,5.6913,0.0,0.011,0.0,0.0489,0.327,0.5887,0.4154,0.3723,understat
8214,Tyrick Mitchell,2022-2023,ENG-Premier League,Crystal Palace,D S,Defender,36,2903,0.0,0.8962,0.0,0.8962,2.0,1.5452,6.0,15.0,8.2602,6.3647,0.0,0.0278,0.062,0.0479,0.186,0.465,0.2561,0.1973,understat
1024,Tyrone Mings,2022-2023,ENG-Premier League,Aston Villa,D,Defender,35,3150,1.0,1.2113,1.0,1.2113,2.0,1.1699,7.0,5.0,11.5144,10.6297,0.0286,0.0346,0.0571,0.0334,0.2,0.1429,0.329,0.3037,understat
11367,Victor Kristiansen,2022-2023,ENG-Premier League,Leicester,D S,Defender,12,902,0.0,0.1182,0.0,0.1182,1.0,0.6666,3.0,7.0,2.821,2.4718,0.0,0.0118,0.0998,0.0665,0.2993,0.6984,0.2815,0.2466,understat
6080,Victor Lindelöf,2022-2023,ENG-Premier League,Manchester United,D S,Defender,20,1350,0.0,0.2324,0.0,0.2324,0.0,0.0847,3.0,3.0,7.2365,7.1467,0.0,0.0155,0.0,0.0056,0.2,0.2,0.4824,0.4764,understat
833,Virgil van Dijk,2022-2023,ENG-Premier League,Liverpool,D,Defender,32,2839,3.0,3.1225,3.0,3.1225,1.0,1.1658,30.0,7.0,14.1821,14.0148,0.0951,0.099,0.0317,0.037,0.951,0.2219,0.4496,0.4443,understat
10291,Vitalii Mykolenko,2022-2023,ENG-Premier League,Everton,D S,Defender,34,2651,0.0,0.6955,0.0,0.6955,0.0,1.0393,10.0,18.0,5.1211,3.6665,0.0,0.0236,0.0,0.0353,0.3395,0.6111,0.1739,0.1245,understat
8965,Vladimir Coufal,2022-2023,ENG-Premier League,West Ham,D S,Defender,27,2148,0.0,0.1806,0.0,0.1806,1.0,2.2756,6.0,25.0,4.7741,3.4379,0.0,0.0076,0.0419,0.0953,0.2514,1.0475,0.2,0.144,understat
7589,Wesley Fofana,2022-2023,ENG-Premier League,"Chelsea,Leicester",D S,Defender,17,1372,1.0,0.8552,1.0,0.8552,0.0,0.0366,8.0,2.0,4.463,4.0269,0.0656,0.0561,0.0,0.0024,0.5248,0.1312,0.2928,0.2642,understat
6888,William Saliba,2022-2023,ENG-Premier League,Arsenal,D,Defender,27,2418,2.0,0.8185,2.0,0.8185,1.0,1.12,6.0,6.0,9.7012,9.4921,0.0744,0.0305,0.0372,0.0417,0.2233,0.2233,0.3611,0.3533,understat
6850,Willy Boly,2022-2023,ENG-Premier League,Nottingham Forest,D S,Defender,11,687,0.0,0.07,0.0,0.07,1.0,0.1176,2.0,1.0,0.6366,0.6366,0.0,0.0092,0.131,0.0154,0.262,0.131,0.0834,0.0834,understat
8646,Wout Faes,2022-2023,ENG-Premier League,Leicester,D,Defender,31,2790,1.0,1.1001,1.0,1.1001,2.0,0.5714,13.0,9.0,7.8726,7.7298,0.0323,0.0355,0.0645,0.0184,0.4194,0.2903,0.254,0.2493,understat
6521,Yerry Mina,2022-2023,ENG-Premier League,Everton,D,Defender,7,606,2.0,1.6611,2.0,1.6611,0.0,0.0843,8.0,1.0,0.7218,0.1148,0.297,0.2467,0.0,0.0125,1.1881,0.1485,0.1072,0.0171,understat
6030,Zanka,2022-2023,ENG-Premier League,Brentford,D S,Defender,18,1082,0.0,0.4019,0.0,0.4019,0.0,0.2394,5.0,3.0,2.8122,2.5834,0.0,0.0334,0.0,0.0199,0.4159,0.2495,0.2339,0.2149,understat
4120,Álex Moreno,2022-2023,ENG-Premier League,Aston Villa,D S,Defender,19,1346,0.0,0.622,0.0,0.622,3.0,2.4762,13.0,21.0,6.1602,4.4751,0.0,0.0416,0.2006,0.1656,0.8692,1.4042,0.4119,0.2992,understat
773,Aleksandar Mitrovic,2022-2023,ENG-Premier League,Fulham,F S,Forward,24,2022,14.0,16.179,10.0,10.0897,1.0,2.3345,93.0,15.0,11.8028,2.5753,0.6231,0.7201,0.0445,0.1039,4.1395,0.6677,0.5253,0.1146,understat
5232,Alexander Isak,2022-2023,ENG-Premier League,Newcastle United,F S,Forward,22,1530,10.0,8.7849,8.0,7.2625,1.0,1.7707,51.0,15.0,11.1591,2.8647,0.5882,0.5168,0.0588,0.1042,3.0,0.8824,0.6564,0.1685,understat
101,Allan Saint-Maximin,2022-2023,ENG-Premier League,Newcastle United,F S,Forward,25,1101,1.0,1.6112,1.0,1.6112,5.0,4.7241,28.0,31.0,8.2894,3.2378,0.0817,0.1317,0.4087,0.3862,2.2888,2.5341,0.6776,0.2647,understat
553,Anthony Martial,2022-2023,ENG-Premier League,Manchester United,F S,Forward,21,987,6.0,7.3281,5.0,6.5669,2.0,1.7568,27.0,12.0,9.7743,2.7754,0.5471,0.6682,0.1824,0.1602,2.462,1.0942,0.8913,0.2531,understat
6552,Bryan Mbeumo,2022-2023,ENG-Premier League,Brentford,F S,Forward,38,2991,9.0,10.1008,8.0,9.3396,8.0,7.658,71.0,52.0,17.5313,5.165,0.2708,0.3039,0.2407,0.2304,2.1364,1.5647,0.5275,0.1554,understat
468,Callum Wilson,2022-2023,ENG-Premier League,Newcastle United,F S,Forward,31,1911,18.0,18.8568,15.0,16.5733,5.0,3.568,73.0,24.0,15.5176,1.8109,0.8477,0.8881,0.2355,0.168,3.438,1.1303,0.7308,0.0853,understat
7395,Carlos Vinicius,2022-2023,ENG-Premier League,Fulham,F S,Forward,28,1079,5.0,3.5916,5.0,3.5916,2.0,0.5234,21.0,8.0,5.0133,1.3817,0.4171,0.2996,0.1668,0.0437,1.7516,0.6673,0.4182,0.1152,understat
4456,Chris Wood,2022-2023,ENG-Premier League,"Newcastle United,Nottingham Forest",F S,Forward,25,808,3.0,3.4333,2.0,2.6721,0.0,0.3607,12.0,6.0,3.6325,1.0803,0.3342,0.3824,0.0,0.0402,1.3366,0.6683,0.4046,0.1203,understat
2371,Cristiano Ronaldo,2022-2023,ENG-Premier League,Manchester United,F S,Forward,10,517,1.0,2.1407,1.0,2.1407,0.0,0.3079,25.0,6.0,2.958,0.9434,0.1741,0.3727,0.0,0.0536,4.352,1.0445,0.5149,0.1642,understat
986,Danny Ings,2022-2023,ENG-Premier League,"Aston Villa,West Ham",F S,Forward,35,1562,8.0,8.2575,6.0,6.7352,2.0,1.4636,42.0,15.0,8.4446,0.8141,0.4609,0.4758,0.1152,0.0843,2.42,0.8643,0.4866,0.0469,understat
501,Danny Welbeck,2022-2023,ENG-Premier League,Brighton,F S,Forward,31,1868,6.0,9.5502,6.0,9.5502,3.0,5.0981,62.0,30.0,16.1031,5.3988,0.2891,0.4601,0.1445,0.2456,2.9872,1.4454,0.7758,0.2601,understat
10720,Darwin Núñez,2022-2023,ENG-Premier League,Liverpool,F S,Forward,29,1702,9.0,14.3748,9.0,14.3748,3.0,5.6469,84.0,28.0,20.2774,3.4813,0.4759,0.7601,0.1586,0.2986,4.4418,1.4806,1.0722,0.1841,understat
802,Diego Costa,2022-2023,ENG-Premier League,Wolverhampton Wanderers,F S,Forward,23,1254,1.0,2.9844,1.0,2.9844,0.0,0.599,28.0,11.0,3.3896,0.5008,0.0718,0.2142,0.0,0.043,2.0096,0.7895,0.2433,0.0359,understat
5555,Dominic Calvert-Lewin,2022-2023,ENG-Premier League,Everton,F S,Forward,17,1197,2.0,6.4981,1.0,5.7369,1.0,1.2365,31.0,9.0,8.039,1.9899,0.1504,0.4886,0.0752,0.093,2.3308,0.6767,0.6044,0.1496,understat
6482,Eddie Nketiah,2022-2023,ENG-Premier League,Arsenal,F S,Forward,30,1017,4.0,9.2231,4.0,9.2231,1.0,1.482,41.0,9.0,10.2006,1.7821,0.354,0.8162,0.0885,0.1311,3.6283,0.7965,0.9027,0.1577,understat
8260,Erling Haaland,2022-2023,ENG-Premier League,Manchester City,F S,Forward,35,2803,36.0,32.7614,29.0,27.4332,8.0,5.8491,123.0,29.0,31.9634,3.2858,1.1559,1.0519,0.2569,0.1878,3.9493,0.9311,1.0263,0.1055,understat
10177,Evan Ferguson,2022-2023,ENG-Premier League,Brighton,F S,Forward,19,950,6.0,5.6673,6.0,5.6673,2.0,0.687,36.0,11.0,8.4196,2.7217,0.5684,0.5369,0.1895,0.0651,3.4105,1.0421,0.7976,0.2578,understat
5543,Gabriel Jesus,2022-2023,ENG-Premier League,Arsenal,F S,Forward,26,2107,11.0,16.1711,10.0,15.41,6.0,4.2437,77.0,31.0,22.4764,6.9456,0.4699,0.6907,0.2563,0.1813,3.289,1.3242,0.9601,0.2967,understat
6253,Gianluca Scamacca,2022-2023,ENG-Premier League,West Ham,F S,Forward,16,940,3.0,2.5388,3.0,2.5388,0.0,1.1296,30.0,13.0,3.52,0.5702,0.2872,0.2431,0.0,0.1082,2.8723,1.2447,0.337,0.0546,understat
647,Harry Kane,2022-2023,ENG-Premier League,Tottenham,F,Forward,38,3414,30.0,23.0644,25.0,18.4974,3.0,7.5474,133.0,57.0,25.0791,5.0954,0.7909,0.608,0.0791,0.199,3.5062,1.5026,0.6611,0.1343,understat
448,Ivan Perisic,2022-2023,ENG-Premier League,Tottenham,D F S,Forward,34,2107,1.0,3.0171,1.0,3.0171,8.0,6.6232,29.0,48.0,9.8943,6.0341,0.0427,0.1289,0.3417,0.2829,1.2387,2.0503,0.4226,0.2577,understat
998,Ivan Toney,2022-2023,ENG-Premier League,Brentford,F,Forward,33,2960,20.0,21.6912,14.0,16.363,4.0,4.9099,94.0,26.0,18.11,4.0246,0.6081,0.6595,0.1216,0.1493,2.8581,0.7905,0.5506,0.1224,understat
6063,Jacob Murphy,2022-2023,ENG-Premier League,Newcastle United,F S,Forward,36,1215,4.0,3.6971,4.0,3.6971,2.0,2.6828,29.0,20.0,10.1138,4.0662,0.2963,0.2739,0.1481,0.1987,2.1481,1.4815,0.7492,0.3012,understat
755,Jamie Vardy,2022-2023,ENG-Premier League,Leicester,F S,Forward,37,1832,3.0,6.6442,3.0,5.883,4.0,1.7369,28.0,14.0,8.8372,1.4231,0.1474,0.3264,0.1965,0.0853,1.3755,0.6878,0.4341,0.0699,understat
5735,Jean-Philippe Mateta,2022-2023,ENG-Premier League,Crystal Palace,F S,Forward,29,717,2.0,3.3089,2.0,3.3089,0.0,0.4064,28.0,5.0,4.6573,1.3218,0.251,0.4153,0.0,0.051,3.5146,0.6276,0.5846,0.1659,understat
9156,Kevin Schade,2022-2023,ENG-Premier League,Brentford,F S,Forward,18,720,0.0,1.3835,0.0,1.3835,1.0,1.5543,12.0,8.0,3.8336,1.1757,0.0,0.1729,0.125,0.1943,1.5,1.0,0.4792,0.147,understat
10743,Kieffer Moore,2022-2023,ENG-Premier League,Bournemouth,F S,Forward,27,1273,4.0,4.823,4.0,4.823,0.0,0.5261,23.0,5.0,5.6684,1.6416,0.2828,0.341,0.0,0.0372,1.6261,0.3535,0.4007,0.1161,understat
7080,Matheus Cunha,2022-2023,ENG-Premier League,Wolverhampton Wanderers,F S,Forward,17,978,2.0,1.5912,2.0,1.5912,0.0,0.8714,26.0,8.0,2.6736,0.6461,0.184,0.1464,0.0,0.0802,2.3926,0.7362,0.246,0.0595,understat
531,Michail Antonio,2022-2023,ENG-Premier League,West Ham,F S,Forward,33,1847,5.0,7.2019,5.0,7.2019,3.0,1.6608,39.0,15.0,5.8917,1.3007,0.2436,0.3509,0.1462,0.0809,1.9004,0.7309,0.2871,0.0634,understat
7420,Miguel Almirón,2022-2023,ENG-Premier League,Newcastle United,F S,Forward,34,2550,11.0,8.7271,11.0,8.7271,2.0,2.9551,69.0,26.0,14.4785,5.5573,0.3882,0.308,0.0706,0.1043,2.4353,0.9176,0.511,0.1961,understat
3621,Neal Maupay,2022-2023,ENG-Premier League,Everton,F S,Forward,27,1101,1.0,5.4348,1.0,5.4348,0.0,0.3525,32.0,7.0,4.5594,1.564,0.0817,0.4443,0.0,0.0288,2.6158,0.5722,0.3727,0.1278,understat
822,Patrick Bamford,2022-2023,ENG-Premier League,Leeds,F S,Forward,28,1523,4.0,9.7745,4.0,8.2522,2.0,1.0358,50.0,12.0,8.9939,1.0395,0.2364,0.5776,0.1182,0.0612,2.9547,0.7091,0.5315,0.0614,understat
318,Pierre-Emerick Aubameyang,2022-2023,ENG-Premier League,Chelsea,F S,Forward,15,542,1.0,2.1228,1.0,2.1228,0.0,0.3434,16.0,4.0,2.8081,0.5031,0.1661,0.3525,0.0,0.057,2.6568,0.6642,0.4663,0.0835,understat
4105,Raúl Jiménez,2022-2023,ENG-Premier League,Wolverhampton Wanderers,F S,Forward,15,842,0.0,2.7113,0.0,2.7113,1.0,1.5051,20.0,9.0,4.2128,1.0135,0.0,0.2898,0.1069,0.1609,2.1378,0.962,0.4503,0.1083,understat
8970,Sékou Mara,2022-2023,ENG-Premier League,Southampton,F S,Forward,22,510,1.0,1.0406,1.0,1.0406,2.0,1.0684,16.0,6.0,1.9898,0.3792,0.1765,0.1836,0.3529,0.1885,2.8235,1.0588,0.3511,0.0669,understat
7814,Taiwo Awoniyi,2022-2023,ENG-Premier League,Nottingham Forest,F S,Forward,27,1426,10.0,8.051,10.0,8.051,1.0,1.028,35.0,10.0,7.6812,0.7169,0.6311,0.5081,0.0631,0.0649,2.209,0.6311,0.4848,0.0452,understat
5786,Yoane Wissa,2022-2023,ENG-Premier League,Brentford,F S,Forward,38,1583,7.0,5.2076,7.0,5.2076,3.0,2.6399,32.0,13.0,11.273,4.3014,0.398,0.2961,0.1706,0.1501,1.8193,0.7391,0.6409,0.2446,understat
1726,Abdoulaye Doucouré,2022-2023,ENG-Premier League,Everton,M S,Midfielder,25,1519,5.0,3.214,5.0,3.214,2.0,2.4725,20.0,22.0,5.7652,1.7658,0.2962,0.1904,0.1185,0.1465,1.185,1.3035,0.3416,0.1046,understat
1711,Adam Forshaw,2022-2023,ENG-Premier League,Leeds,M S,Midfielder,12,470,0.0,0.0107,0.0,0.0107,0.0,0.4426,1.0,8.0,0.4592,0.4485,0.0,0.002,0.0,0.0847,0.1915,1.5319,0.0879,0.0859,understat
825,Adam Smith,2022-2023,ENG-Premier League,Bournemouth,D M S,Midfielder,37,2957,0.0,0.9768,0.0,0.9768,1.0,1.4085,5.0,16.0,4.0971,3.0261,0.0,0.0297,0.0304,0.0429,0.1522,0.487,0.1247,0.0921,understat
1750,Ainsley Maitland-Niles,2022-2023,ENG-Premier League,Southampton,D M S,Midfielder,22,1395,0.0,0.0137,0.0,0.0137,0.0,0.4833,1.0,10.0,3.2169,3.1232,0.0,0.0009,0.0,0.0312,0.0645,0.6452,0.2075,0.2015,understat
9689,Albert Sambi Lokonga,2022-2023,ENG-Premier League,"Arsenal,Crystal Palace",M S,Midfielder,15,732,0.0,0.1307,0.0,0.1307,0.0,0.0457,2.0,2.0,0.748,0.6,0.0,0.0161,0.0,0.0056,0.2459,0.2459,0.092,0.0738,understat
10552,Alejandro Garnacho,2022-2023,ENG-Premier League,Manchester United,M S,Midfielder,19,555,3.0,3.8779,3.0,3.8779,2.0,1.1437,24.0,3.0,6.564,1.7119,0.4865,0.6289,0.3243,0.1855,3.8919,0.4865,1.0644,0.2776,understat
8379,Alexis Mac Allister,2022-2023,ENG-Premier League,Brighton,M S,Midfielder,35,2882,10.0,11.5322,4.0,6.9652,2.0,3.9281,86.0,47.0,19.9107,12.6569,0.3123,0.3601,0.0625,0.1227,2.6856,1.4677,0.6218,0.3953,understat
9667,Amadou Onana,2022-2023,ENG-Premier League,Everton,M S,Midfielder,33,2529,1.0,3.0847,1.0,3.0847,2.0,2.064,34.0,22.0,8.6019,5.0326,0.0356,0.1098,0.0712,0.0735,1.21,0.7829,0.3061,0.1791,understat
922,Andreas Pereira,2022-2023,ENG-Premier League,Fulham,M,Midfielder,33,2765,4.0,6.4269,3.0,5.6657,6.0,4.8369,62.0,60.0,10.1551,4.3141,0.1302,0.2092,0.1953,0.1574,2.0181,1.953,0.3305,0.1404,understat
7988,Billy Gilmour,2022-2023,ENG-Premier League,Brighton,M S,Midfielder,14,515,0.0,0.3644,0.0,0.3644,1.0,0.3618,6.0,2.0,4.0236,3.3371,0.0,0.0637,0.1748,0.0632,1.0485,0.3495,0.7031,0.5832,understat
5789,Boubacar Kamara,2022-2023,ENG-Premier League,Aston Villa,M S,Midfielder,24,1790,0.0,0.0835,0.0,0.0835,1.0,0.6933,4.0,7.0,4.0493,3.7586,0.0,0.0042,0.0503,0.0349,0.2011,0.352,0.2036,0.189,understat
6310,Boubakary Soumare,2022-2023,ENG-Premier League,Leicester,M S,Midfielder,26,1640,0.0,0.0207,0.0,0.0207,0.0,0.2854,1.0,11.0,3.2103,3.0059,0.0,0.0011,0.0,0.0157,0.0549,0.6037,0.1762,0.165,understat
1228,Bruno Fernandes,2022-2023,ENG-Premier League,Manchester United,M,Midfielder,37,3326,8.0,9.3855,6.0,7.8631,8.0,17.2667,92.0,118.0,35.4181,17.725,0.2165,0.254,0.2165,0.4672,2.4895,3.193,0.9584,0.4796,understat
8327,Bruno Guimarães,2022-2023,ENG-Premier League,Newcastle United,M,Midfielder,32,2762,4.0,2.7267,4.0,2.7267,5.0,3.8061,28.0,42.0,16.4988,13.3791,0.1303,0.0889,0.1629,0.124,0.9124,1.3686,0.5376,0.436,understat
2248,Casemiro,2022-2023,ENG-Premier League,Manchester United,M S,Midfielder,28,2127,4.0,3.1409,4.0,3.1409,3.0,3.8724,34.0,28.0,18.8884,13.8821,0.1693,0.1329,0.1269,0.1639,1.4386,1.1848,0.7992,0.5874,understat
8666,Cheick Oumar Doucoure,2022-2023,ENG-Premier League,Crystal Palace,M,Midfielder,34,2825,0.0,0.9976,0.0,0.9976,3.0,2.0301,36.0,26.0,8.8999,7.7755,0.0,0.0318,0.0956,0.0647,1.1469,0.8283,0.2835,0.2477,understat
532,Cheikhou Kouyaté,2022-2023,ENG-Premier League,Nottingham Forest,D M S,Midfielder,21,871,1.0,0.1867,1.0,0.1867,0.0,0.9933,6.0,8.0,2.0717,1.7446,0.1033,0.0193,0.0,0.1026,0.62,0.8266,0.2141,0.1803,understat
7083,Christian Nørgaard,2022-2023,ENG-Premier League,Brentford,M S,Midfielder,22,1794,1.0,1.3477,1.0,1.3477,3.0,3.11,19.0,12.0,5.9209,5.3085,0.0502,0.0676,0.1505,0.156,0.9532,0.602,0.297,0.2663,understat
9040,Conor Gallagher,2022-2023,ENG-Premier League,Chelsea,M S,Midfielder,35,1590,3.0,2.5372,3.0,2.5372,1.0,2.6282,28.0,21.0,8.2826,3.5984,0.1698,0.1436,0.0566,0.1488,1.5849,1.1887,0.4688,0.2037,understat
6665,Curtis Jones,2022-2023,ENG-Premier League,Liverpool,M S,Midfielder,18,1059,3.0,1.2679,3.0,1.2679,1.0,1.01,15.0,14.0,6.7537,4.9482,0.255,0.1078,0.085,0.0858,1.2748,1.1898,0.574,0.4205,understat
681,César Azpilicueta,2022-2023,ENG-Premier League,Chelsea,D M S,Midfielder,25,1511,0.0,0.3268,0.0,0.3268,0.0,1.4374,9.0,13.0,6.9435,6.189,0.0,0.0195,0.0,0.0856,0.5361,0.7743,0.4136,0.3686,understat
9662,Dango Ouattara,2022-2023,ENG-Premier League,Bournemouth,M S,Midfielder,19,1254,1.0,3.2874,1.0,3.2874,3.0,2.4153,26.0,18.0,6.0229,2.4852,0.0718,0.2359,0.2153,0.1733,1.866,1.2919,0.4323,0.1784,understat
11317,Danilo,2022-2023,ENG-Premier League,Nottingham Forest,M S,Midfielder,13,999,3.0,1.6606,3.0,1.6606,2.0,0.8088,15.0,9.0,2.9866,0.793,0.2703,0.1496,0.1802,0.0729,1.3514,0.8108,0.2691,0.0714,understat
5553,Declan Rice,2022-2023,ENG-Premier League,West Ham,M S,Midfielder,37,3268,4.0,2.2349,4.0,1.4738,1.0,2.3381,36.0,36.0,10.8505,8.6039,0.1102,0.0615,0.0275,0.0644,0.9914,0.9914,0.2988,0.237,understat
1234,Dennis Praet,2022-2023,ENG-Premier League,Leicester,M S,Midfielder,22,609,1.0,0.9074,1.0,0.9074,0.0,0.5023,5.0,3.0,2.4377,1.1593,0.1478,0.1341,0.0,0.0742,0.7389,0.4433,0.3602,0.1713,understat
6122,Douglas Luiz,2022-2023,ENG-Premier League,Aston Villa,M S,Midfielder,37,2947,6.0,3.1913,6.0,3.1913,6.0,4.5679,34.0,45.0,15.9393,11.5554,0.1832,0.0975,0.1832,0.1395,1.0383,1.3743,0.4868,0.3529,understat
1245,Emerson,2022-2023,ENG-Premier League,West Ham,D M S,Midfielder,22,1331,1.0,1.0051,1.0,1.0051,0.0,0.8199,11.0,13.0,2.9787,1.835,0.0676,0.068,0.0,0.0554,0.7438,0.879,0.2014,0.1241,understat
11356,Enzo Fernández,2022-2023,ENG-Premier League,Chelsea,M,Midfielder,18,1559,0.0,0.6179,0.0,0.6179,2.0,2.1305,20.0,20.0,8.8156,7.623,0.0,0.0357,0.1155,0.123,1.1546,1.1546,0.5089,0.4401,understat
3420,Fabinho,2022-2023,ENG-Premier League,Liverpool,M S,Midfielder,36,2691,0.0,0.6533,0.0,0.6533,2.0,2.6879,18.0,17.0,15.3465,13.4092,0.0,0.0218,0.0669,0.0899,0.602,0.5686,0.5133,0.4485,understat
11362,Facundo Buonanotte,2022-2023,ENG-Premier League,Brighton,M S,Midfielder,13,553,1.0,1.0889,1.0,1.0889,1.0,0.5841,11.0,6.0,2.5364,1.5511,0.1627,0.1772,0.1627,0.0951,1.7902,0.9765,0.4128,0.2524,understat
10845,Flynn Downes,2022-2023,ENG-Premier League,West Ham,M S,Midfielder,21,738,0.0,0.3241,0.0,0.3241,0.0,0.0507,4.0,2.0,1.1048,0.853,0.0,0.0395,0.0,0.0062,0.4878,0.2439,0.1347,0.104,understat
9681,Frank Onyeka,2022-2023,ENG-Premier League,Brentford,M S,Midfielder,21,823,0.0,1.3004,0.0,1.3004,2.0,0.9004,9.0,7.0,3.7511,1.7788,0.0,0.1422,0.2187,0.0985,0.9842,0.7655,0.4102,0.1945,understat
6817,Fred,2022-2023,ENG-Premier League,Manchester United,M S,Midfielder,35,1207,2.0,2.2473,2.0,2.2473,2.0,2.5499,26.0,30.0,12.1579,8.1249,0.1491,0.1676,0.1491,0.1901,1.9387,2.237,0.9066,0.6058,understat
11007,Fábio Vieira,2022-2023,ENG-Premier League,Arsenal,M S,Midfielder,22,468,1.0,0.7379,1.0,0.7379,2.0,2.2388,15.0,12.0,5.4351,3.2405,0.1923,0.1419,0.3846,0.4305,2.8846,2.3077,1.0452,0.6232,understat
204,Granit Xhaka,2022-2023,ENG-Premier League,Arsenal,M S,Midfielder,37,3039,7.0,5.7854,7.0,5.7854,7.0,4.8029,40.0,46.0,21.0321,14.2464,0.2073,0.1713,0.2073,0.1422,1.1846,1.3623,0.6229,0.4219,understat
910,Harrison Reed,2022-2023,ENG-Premier League,Fulham,M S,Midfielder,37,2911,3.0,2.1826,3.0,2.1826,4.0,3.5145,20.0,35.0,10.1406,5.458,0.0928,0.0675,0.1237,0.1087,0.6183,1.0821,0.3135,0.1687,understat
10758,Harry Toffolo,2022-2023,ENG-Premier League,Nottingham Forest,D M S,Midfielder,19,922,0.0,0.2183,0.0,0.2183,0.0,0.491,6.0,5.0,2.4127,1.9462,0.0,0.0213,0.0,0.0479,0.5857,0.4881,0.2355,0.19,understat
5596,Harry Wilson,2022-2023,ENG-Premier League,Fulham,M S,Midfielder,29,1087,2.0,1.8704,2.0,1.8704,3.0,1.3885,18.0,12.0,5.574,2.7479,0.1656,0.1549,0.2484,0.115,1.4903,0.9936,0.4615,0.2275,understat
6736,Ibrahima Diallo,2022-2023,ENG-Premier League,Southampton,M S,Midfielder,18,821,0.0,0.1379,0.0,0.1379,0.0,0.1039,6.0,4.0,1.5289,1.3643,0.0,0.0151,0.0,0.0114,0.6577,0.4385,0.1676,0.1496,understat
668,Idrissa Gueye,2022-2023,ENG-Premier League,Everton,M S,Midfielder,33,2638,0.0,0.5034,0.0,0.5034,1.0,0.936,15.0,12.0,7.1612,5.9868,0.0,0.0172,0.0341,0.0319,0.5118,0.4094,0.2443,0.2043,understat
314,Ilkay Gündogan,2022-2023,ENG-Premier League,Manchester City,M S,Midfielder,31,2369,8.0,7.8427,8.0,7.0815,4.0,3.4445,54.0,37.0,23.5738,15.4988,0.3039,0.2979,0.152,0.1309,2.0515,1.4057,0.8956,0.5888,understat
767,Jack Colback,2022-2023,ENG-Premier League,Nottingham Forest,M S,Midfielder,11,480,0.0,0.0,0.0,0.0,0.0,0.2822,0.0,2.0,0.5764,0.3181,0.0,0.0,0.0,0.0529,0.0,0.375,0.1081,0.0596,understat
8941,Jacob Ramsey,2022-2023,ENG-Premier League,Aston Villa,M S,Midfielder,35,2675,6.0,5.2281,6.0,5.2281,7.0,5.7284,33.0,42.0,14.2871,6.712,0.2019,0.1759,0.2355,0.1927,1.1103,1.4131,0.4807,0.2258,understat
10746,Jaidon Anthony,2022-2023,ENG-Premier League,Bournemouth,D M S,Midfielder,30,1204,3.0,1.7566,3.0,1.7566,1.0,0.9099,21.0,12.0,3.6878,2.1807,0.2243,0.1313,0.0748,0.068,1.5698,0.897,0.2757,0.163,understat
7438,James Garner,2022-2023,ENG-Premier League,Everton,D M S,Midfielder,16,777,0.0,0.8283,0.0,0.8283,1.0,0.4451,9.0,7.0,1.7193,0.9061,0.0,0.0959,0.1158,0.0516,1.0425,0.8108,0.1991,0.105,understat
489,James Milner,2022-2023,ENG-Premier League,Liverpool,D M S,Midfielder,31,841,0.0,0.387,0.0,0.387,1.0,1.6215,7.0,14.0,5.0012,3.943,0.0,0.0414,0.107,0.1735,0.7491,1.4982,0.5352,0.422,understat
843,James Ward-Prowse,2022-2023,ENG-Premier League,Southampton,M,Midfielder,38,3378,9.0,5.4089,7.0,2.3642,4.0,6.0585,44.0,72.0,10.5485,8.6418,0.2398,0.1441,0.1066,0.1614,1.1723,1.9183,0.281,0.2302,understat
2182,Jefferson Lerma,2022-2023,ENG-Premier League,Bournemouth,D M,Midfielder,37,3263,5.0,3.155,5.0,3.155,0.0,2.6281,35.0,18.0,7.7195,5.2783,0.1379,0.087,0.0,0.0725,0.9654,0.4965,0.2129,0.1456,understat
757,Jeffrey Schlupp,2022-2023,ENG-Premier League,Crystal Palace,D M S,Midfielder,34,2562,3.0,3.4456,3.0,3.4456,1.0,2.296,28.0,18.0,6.8187,4.3265,0.1054,0.121,0.0351,0.0807,0.9836,0.6323,0.2395,0.152,understat
561,Joe Rothwell,2022-2023,ENG-Premier League,Bournemouth,M S,Midfielder,20,1028,0.0,0.1488,0.0,0.1488,1.0,1.1982,3.0,8.0,2.3981,2.1276,0.0,0.013,0.0875,0.1049,0.2626,0.7004,0.21,0.1863,understat
6630,Joe Willock,2022-2023,ENG-Premier League,Newcastle United,M S,Midfielder,35,2634,3.0,7.2662,3.0,7.2662,6.0,7.3888,58.0,40.0,17.7812,5.4814,0.1025,0.2483,0.205,0.2525,1.9818,1.3667,0.6076,0.1873,understat
7723,John McGinn,2022-2023,ENG-Premier League,Aston Villa,M S,Midfielder,34,2692,1.0,1.9474,1.0,1.9474,3.0,3.4086,42.0,18.0,10.6703,6.9001,0.0334,0.0651,0.1003,0.114,1.4042,0.6018,0.3567,0.2307,understat
586,John Stones,2022-2023,ENG-Premier League,Manchester City,D M S,Midfielder,23,1852,2.0,1.3162,2.0,1.3162,2.0,1.4484,11.0,8.0,11.6264,11.4516,0.0972,0.064,0.0972,0.0704,0.5346,0.3888,0.565,0.5565,understat
769,Jonjo Shelvey,2022-2023,ENG-Premier League,"Newcastle United,Nottingham Forest",M S,Midfielder,11,565,0.0,0.1605,0.0,0.1605,0.0,0.3492,6.0,6.0,0.9701,0.8329,0.0,0.0256,0.0,0.0556,0.9558,0.9558,0.1545,0.1327,understat
605,Jordan Henderson,2022-2023,ENG-Premier League,Liverpool,M S,Midfielder,35,2084,0.0,0.8595,0.0,0.8595,2.0,3.5926,23.0,31.0,13.0037,10.281,0.0,0.0371,0.0864,0.1552,0.9933,1.3388,0.5616,0.444,understat
10740,Jordan Zemura,2022-2023,ENG-Premier League,Bournemouth,D M S,Midfielder,19,1465,0.0,0.3463,0.0,0.3463,1.0,2.1424,4.0,18.0,3.5135,1.2088,0.0,0.0213,0.0614,0.1316,0.2457,1.1058,0.2158,0.0743,understat
1389,Jorginho,2022-2023,ENG-Premier League,"Arsenal,Chelsea",M S,Midfielder,32,2138,2.0,1.7957,0.0,0.2733,1.0,0.5556,11.0,12.0,11.1839,10.5914,0.0842,0.0756,0.0421,0.0234,0.463,0.5051,0.4708,0.4458,understat
10405,Josh Dasilva,2022-2023,ENG-Premier League,Brentford,M S,Midfielder,36,1374,4.0,1.5916,4.0,1.5916,2.0,2.0804,18.0,12.0,6.8935,3.8619,0.262,0.1043,0.131,0.1363,1.179,0.786,0.4515,0.253,understat
2379,João Cancelo,2022-2023,ENG-Premier League,Manchester City,D M S,Midfielder,17,1289,2.0,0.5918,2.0,0.5918,1.0,0.836,17.0,12.0,8.1793,7.2473,0.1396,0.0413,0.0698,0.0584,1.187,0.8379,0.5711,0.506,understat
11384,João Gomes,2022-2023,ENG-Premier League,Wolverhampton Wanderers,M S,Midfielder,11,650,1.0,0.2053,1.0,0.2053,0.0,0.1225,4.0,5.0,1.6349,1.3495,0.1385,0.0284,0.0,0.017,0.5538,0.6923,0.2264,0.1869,understat
3422,João Moutinho,2022-2023,ENG-Premier League,Wolverhampton Wanderers,M S,Midfielder,31,1778,0.0,0.938,0.0,0.938,2.0,2.3469,16.0,36.0,4.7334,3.6467,0.0,0.0475,0.1012,0.1188,0.8099,1.8223,0.2396,0.1846,understat
10715,João Palhinha,2022-2023,ENG-Premier League,Fulham,M,Midfielder,35,3124,3.0,2.6952,3.0,2.6952,0.0,0.2755,38.0,7.0,5.985,5.4245,0.0864,0.0776,0.0,0.0079,1.0948,0.2017,0.1724,0.1563,understat
10806,Kaoru Mitoma,2022-2023,ENG-Premier League,Brighton,D M S,Midfielder,33,2306,7.0,9.2458,7.0,9.2458,5.0,7.0358,52.0,40.0,21.0432,9.1006,0.2732,0.3609,0.1951,0.2746,2.0295,1.5611,0.8213,0.3552,understat
447,Kevin De Bruyne,2022-2023,ENG-Premier League,Manchester City,M S,Midfielder,32,2448,7.0,4.7583,7.0,4.7583,16.0,16.3196,65.0,97.0,29.1285,16.6336,0.2574,0.1749,0.5882,0.6,2.3897,3.5662,1.0709,0.6115,understat
638,Kyle Walker,2022-2023,ENG-Premier League,Manchester City,D M S,Midfielder,27,1957,0.0,0.3253,0.0,0.3253,0.0,0.2089,5.0,6.0,12.9828,12.794,0.0,0.015,0.0,0.0096,0.2299,0.2759,0.5971,0.5884,understat
885,Kyle Walker-Peters,2022-2023,ENG-Premier League,Southampton,D M S,Midfielder,31,2659,1.0,0.6718,1.0,0.6718,0.0,1.838,12.0,15.0,7.2705,5.7223,0.0338,0.0227,0.0,0.0622,0.4062,0.5077,0.2461,0.1937,understat
7236,Leander Dendoncker,2022-2023,ENG-Premier League,"Aston Villa,Wolverhampton Wanderers",M S,Midfielder,24,888,0.0,0.5862,0.0,0.5862,0.0,0.6651,5.0,7.0,3.3785,2.7971,0.0,0.0594,0.0,0.0674,0.5068,0.7095,0.3424,0.2835,understat
1789,Lewis Cook,2022-2023,ENG-Premier League,Bournemouth,M S,Midfielder,28,1694,0.0,0.1836,0.0,0.1836,2.0,2.3,6.0,23.0,4.6472,3.6933,0.0,0.0098,0.1063,0.1222,0.3188,1.222,0.2469,0.1962,understat
10216,Lewis Hall,2022-2023,ENG-Premier League,Chelsea,D M S,Midfielder,9,669,0.0,0.9621,0.0,0.9621,0.0,2.4834,11.0,15.0,4.2366,2.1478,0.0,0.1294,0.0,0.3341,1.4798,2.0179,0.5699,0.2889,understat
10759,Lewis O&#039;Brien,2022-2023,ENG-Premier League,Nottingham Forest,M S,Midfielder,13,572,1.0,0.4232,1.0,0.4232,0.0,0.1791,7.0,4.0,2.5435,2.0197,0.1573,0.0666,0.0,0.0282,1.1014,0.6294,0.4002,0.3178,understat
5549,Luka Milivojevic,2022-2023,ENG-Premier League,Crystal Palace,M S,Midfielder,18,489,0.0,0.2416,0.0,0.2416,0.0,0.1513,7.0,2.0,0.94,0.7965,0.0,0.0445,0.0,0.0279,1.2883,0.3681,0.173,0.1466,understat
10716,Manor Solomon,2022-2023,ENG-Premier League,Fulham,M S,Midfielder,19,536,4.0,1.0429,4.0,1.0429,0.0,0.325,11.0,6.0,1.4343,0.7428,0.6716,0.1751,0.0,0.0546,1.847,1.0075,0.2408,0.1247,understat
7134,Marc Cucurella,2022-2023,ENG-Premier League,Chelsea,D M S,Midfielder,24,1682,0.0,0.3549,0.0,0.3549,2.0,1.0181,7.0,11.0,7.7644,7.2558,0.0,0.019,0.107,0.0545,0.3746,0.5886,0.4155,0.3882,understat
5086,Marc Roca,2022-2023,ENG-Premier League,Leeds,M S,Midfielder,32,2375,1.0,2.0919,1.0,2.0919,2.0,3.2171,34.0,33.0,6.8904,4.8395,0.0379,0.0793,0.0758,0.1219,1.2884,1.2505,0.2611,0.1834,understat
5248,Marcel Sabitzer,2022-2023,ENG-Premier League,Manchester United,M S,Midfielder,11,635,0.0,0.698,0.0,0.698,1.0,1.3641,11.0,10.0,4.1932,3.0633,0.0,0.0989,0.1417,0.1933,1.5591,1.4173,0.5943,0.4342,understat
10741,Marcus Tavernier,2022-2023,ENG-Premier League,Bournemouth,D M S,Midfielder,23,1770,5.0,3.9281,5.0,3.9281,4.0,2.7045,37.0,17.0,7.4337,2.7403,0.2542,0.1997,0.2034,0.1375,1.8814,0.8644,0.378,0.1393,understat
1299,Mario Lemina,2022-2023,ENG-Premier League,Wolverhampton Wanderers,M S,Midfielder,19,1325,0.0,0.2065,0.0,0.2065,1.0,0.157,9.0,3.0,1.8707,1.6012,0.0,0.014,0.0679,0.0107,0.6113,0.2038,0.1271,0.1088,understat
2517,Martin Odegaard,2022-2023,ENG-Premier League,Arsenal,M,Midfielder,37,3203,15.0,9.1378,15.0,9.1378,7.0,9.21,93.0,77.0,27.8938,15.0471,0.4215,0.2568,0.1967,0.2588,2.6132,2.1636,0.7838,0.4228,understat
2254,Mateo Kovacic,2022-2023,ENG-Premier League,Chelsea,M S,Midfielder,27,1700,1.0,1.3263,1.0,1.3263,2.0,1.7932,23.0,23.0,8.1434,5.9187,0.0529,0.0702,0.1059,0.0949,1.2176,1.2176,0.4311,0.3133,understat
11000,Matheus Nunes,2022-2023,ENG-Premier League,Wolverhampton Wanderers,M S,Midfielder,34,2507,1.0,2.3804,1.0,2.3804,1.0,2.0282,28.0,27.0,6.001,2.8061,0.0359,0.0855,0.0359,0.0728,1.0052,0.9693,0.2154,0.1007,understat
7166,Mathias Jensen,2022-2023,ENG-Premier League,Brentford,M,Midfielder,37,2898,5.0,1.9305,5.0,1.9305,6.0,3.5916,23.0,48.0,9.5947,6.6003,0.1553,0.06,0.1863,0.1115,0.7143,1.4907,0.298,0.205,understat
8864,Matthew Cash,2022-2023,ENG-Premier League,Aston Villa,D M S,Midfielder,26,1822,0.0,0.1667,0.0,0.1667,1.0,0.4676,7.0,8.0,5.9867,5.5305,0.0,0.0082,0.0494,0.0231,0.3458,0.3952,0.2957,0.2732,understat
9453,Moisés Caicedo,2022-2023,ENG-Premier League,Brighton,D M S,Midfielder,37,3135,1.0,1.2356,1.0,1.2356,1.0,2.6438,27.0,43.0,19.3238,16.5161,0.0287,0.0355,0.0287,0.0759,0.7751,1.2344,0.5548,0.4741,understat
7701,Moussa Djenepo,2022-2023,ENG-Premier League,Southampton,D M S,Midfielder,16,695,0.0,0.2434,0.0,0.2434,2.0,0.5622,3.0,9.0,1.8919,1.2556,0.0,0.0315,0.259,0.0728,0.3885,1.1655,0.245,0.1626,understat
751,N&#039;Golo Kanté,2022-2023,ENG-Premier League,Chelsea,M S,Midfielder,7,526,0.0,0.3083,0.0,0.3083,1.0,2.0793,8.0,13.0,4.5003,2.9873,0.0,0.0527,0.1711,0.3558,1.3688,2.2243,0.77,0.5111,understat
1785,Nampalys Mendy,2022-2023,ENG-Premier League,Leicester,M S,Midfielder,19,743,1.0,0.0925,1.0,0.0925,0.0,0.0273,2.0,2.0,2.8701,2.8029,0.1211,0.0112,0.0,0.0033,0.2423,0.2423,0.3477,0.3395,understat
8204,Neco Williams,2022-2023,ENG-Premier League,Nottingham Forest,D M S,Midfielder,31,1860,1.0,1.4698,1.0,1.4698,0.0,1.4695,25.0,15.0,4.354,2.0869,0.0484,0.0711,0.0,0.0711,1.2097,0.7258,0.2107,0.101,understat
6840,Neeskens Kebano,2022-2023,ENG-Premier League,Fulham,M S,Midfielder,17,770,0.0,0.7552,0.0,0.7552,3.0,1.5724,9.0,13.0,2.505,0.7154,0.0,0.0883,0.3506,0.1838,1.0519,1.5195,0.2928,0.0836,understat
7198,Oliver Skipp,2022-2023,ENG-Premier League,Tottenham,M S,Midfielder,23,1510,1.0,0.2079,1.0,0.2079,0.0,0.5423,7.0,10.0,5.2095,4.5766,0.0596,0.0124,0.0,0.0323,0.4172,0.596,0.3105,0.2728,understat
6088,Orel Mangala,2022-2023,ENG-Premier League,Nottingham Forest,M S,Midfielder,27,1581,1.0,0.3729,1.0,0.3729,1.0,0.4247,9.0,3.0,3.288,2.5543,0.0569,0.0212,0.0569,0.0242,0.5123,0.1708,0.1872,0.1454,understat
6912,Pedro Porro,2022-2023,ENG-Premier League,Tottenham,D M S,Midfielder,15,1154,3.0,1.3973,3.0,1.3973,3.0,2.5322,25.0,25.0,5.9181,2.8482,0.234,0.109,0.234,0.1975,1.9497,1.9497,0.4616,0.2221,understat
343,Pierre-Emile Højbjerg,2022-2023,ENG-Premier League,Tottenham,M,Midfielder,35,3137,4.0,1.5296,4.0,1.5296,5.0,3.1993,33.0,30.0,15.6366,11.9506,0.1148,0.0439,0.1434,0.0918,0.9468,0.8607,0.4486,0.3429,understat
10750,Rasmus Kristensen,2022-2023,ENG-Premier League,Leeds,D M S,Midfielder,26,1964,3.0,0.7893,3.0,0.7893,1.0,1.289,13.0,8.0,4.2193,3.024,0.1375,0.0362,0.0458,0.0591,0.5957,0.3666,0.1933,0.1386,understat
8067,Reece James,2022-2023,ENG-Premier League,Chelsea,D M S,Midfielder,16,1242,1.0,1.0141,1.0,1.0141,1.0,3.0665,16.0,21.0,5.842,4.7317,0.0725,0.0735,0.0725,0.2222,1.1594,1.5217,0.4233,0.3429,understat
1488,Remo Freuler,2022-2023,ENG-Premier League,Nottingham Forest,M S,Midfielder,28,2178,0.0,0.3387,0.0,0.3387,0.0,0.4867,8.0,12.0,4.259,3.8259,0.0,0.014,0.0,0.0201,0.3306,0.4959,0.176,0.1581,understat
7891,Renan Lodi,2022-2023,ENG-Premier League,Nottingham Forest,D M S,Midfielder,28,2236,0.0,0.7515,0.0,0.7515,1.0,1.3187,15.0,13.0,2.7648,1.8109,0.0,0.0302,0.0403,0.0531,0.6038,0.5233,0.1113,0.0729,understat
3303,Ricardo Pereira,2022-2023,ENG-Premier League,Leicester,D M S,Midfielder,10,450,1.0,0.0841,1.0,0.0841,1.0,0.4153,2.0,7.0,1.4953,1.176,0.2,0.0168,0.2,0.0831,0.4,1.4,0.2991,0.2352,understat
10847,Rico Lewis,2022-2023,ENG-Premier League,Manchester City,D M S,Midfielder,14,904,0.0,0.2003,0.0,0.2003,0.0,1.3791,5.0,11.0,6.5147,5.572,0.0,0.0199,0.0,0.1373,0.4978,1.0951,0.6486,0.5547,understat
6273,Robin Koch,2022-2023,ENG-Premier League,Leeds,D M,Midfielder,36,3186,0.0,1.0594,0.0,1.0594,0.0,0.2721,17.0,6.0,4.464,3.8801,0.0,0.0299,0.0,0.0077,0.4802,0.1695,0.1261,0.1096,understat
2496,Rodri,2022-2023,ENG-Premier League,Manchester City,D M S,Midfielder,36,2938,2.0,4.1192,2.0,4.1192,6.0,4.5395,50.0,32.0,26.802,23.0717,0.0613,0.1262,0.1838,0.1391,1.5317,0.9803,0.821,0.7068,understat
6108,Rodrigo Bentancur,2022-2023,ENG-Premier League,Tottenham,M S,Midfielder,18,1516,5.0,2.4369,5.0,2.4369,2.0,0.6443,15.0,11.0,8.615,6.7088,0.2968,0.1447,0.1187,0.0383,0.8905,0.653,0.5114,0.3983,understat
6500,Romain Perraud,2022-2023,ENG-Premier League,Southampton,D M S,Midfielder,29,1842,2.0,1.2091,2.0,1.2091,2.0,2.2668,29.0,15.0,4.5216,2.6945,0.0977,0.0591,0.0977,0.1108,1.4169,0.7329,0.2209,0.1317,understat
10004,Romeo Lavia,2022-2023,ENG-Premier League,Southampton,M S,Midfielder,29,2261,1.0,0.2632,1.0,0.2632,0.0,0.5178,12.0,16.0,5.6588,5.1632,0.0398,0.0105,0.0,0.0206,0.4777,0.6369,0.2253,0.2055,understat
688,Ruben Loftus-Cheek,2022-2023,ENG-Premier League,Chelsea,D M S,Midfielder,25,1550,0.0,0.8564,0.0,0.8564,1.0,1.7559,9.0,15.0,6.833,4.3274,0.0,0.0497,0.0581,0.102,0.5226,0.871,0.3968,0.2513,understat
11003,Ryan Yates,2022-2023,ENG-Premier League,Nottingham Forest,M S,Midfielder,26,1842,0.0,1.742,0.0,1.742,2.0,1.0618,26.0,7.0,3.505,1.5388,0.0,0.0851,0.0977,0.0519,1.2704,0.342,0.1713,0.0752,understat
6853,Rúben Neves,2022-2023,ENG-Premier League,Wolverhampton Wanderers,D M S,Midfielder,35,3022,6.0,5.0063,3.0,2.7228,1.0,1.8384,67.0,32.0,10.4524,8.1695,0.1787,0.1491,0.0298,0.0548,1.9954,0.953,0.3113,0.2433,understat
5560,Scott McTominay,2022-2023,ENG-Premier League,Manchester United,M S,Midfielder,24,1133,1.0,1.8014,1.0,1.8014,0.0,1.0782,13.0,8.0,6.0048,3.5477,0.0794,0.1431,0.0,0.0856,1.0327,0.6355,0.477,0.2818,understat
7078,Sean Longstaff,2022-2023,ENG-Premier League,Newcastle United,M S,Midfielder,33,2509,1.0,4.5262,1.0,4.5262,4.0,3.4511,33.0,23.0,12.2699,6.1931,0.0359,0.1624,0.1435,0.1238,1.1837,0.825,0.4401,0.2222,understat
9914,Shandon Baptiste,2022-2023,ENG-Premier League,Brentford,M S,Midfielder,23,568,0.0,0.1846,0.0,0.1846,1.0,1.079,4.0,10.0,1.5274,0.8894,0.0,0.0292,0.1585,0.171,0.6338,1.5845,0.242,0.1409,understat
6049,Solly March,2022-2023,ENG-Premier League,Brighton,D M S,Midfielder,33,2745,6.0,8.0699,6.0,8.0699,7.0,9.567,73.0,65.0,22.1304,9.1252,0.1967,0.2646,0.2295,0.3137,2.3934,2.1311,0.7256,0.2992,understat
10723,Stefan Bajcetic,2022-2023,ENG-Premier League,Liverpool,M S,Midfielder,11,534,1.0,0.9588,1.0,0.9588,0.0,0.7507,6.0,4.0,3.4782,2.3342,0.1685,0.1616,0.0,0.1265,1.0112,0.6742,0.5862,0.3934,understat
6893,Stuart Armstrong,2022-2023,ENG-Premier League,Southampton,M S,Midfielder,32,1408,2.0,2.1065,2.0,2.1065,1.0,2.6064,23.0,18.0,6.8771,2.4147,0.1278,0.1346,0.0639,0.1666,1.4702,1.1506,0.4396,0.1543,understat
229,Thiago Alcántara,2022-2023,ENG-Premier League,Liverpool,M S,Midfielder,18,1258,0.0,0.3973,0.0,0.3973,0.0,1.402,10.0,17.0,8.8774,7.2617,0.0,0.0284,0.0,0.1003,0.7154,1.2162,0.6351,0.5195,understat
2328,Thomas Partey,2022-2023,ENG-Premier League,Arsenal,D M S,Midfielder,33,2484,3.0,2.2296,3.0,2.2296,0.0,1.9341,28.0,26.0,17.8329,16.65,0.1087,0.0808,0.0,0.0701,1.0145,0.942,0.6461,0.6033,understat
6835,Tom Cairney,2022-2023,ENG-Premier League,Fulham,M S,Midfielder,33,929,2.0,1.5492,2.0,1.5492,0.0,1.6247,21.0,12.0,5.8403,3.5059,0.1938,0.1501,0.0,0.1574,2.0344,1.1625,0.5658,0.3396,understat
1042,Tom Davies,2022-2023,ENG-Premier League,Everton,M S,Midfielder,19,500,0.0,1.313,0.0,1.313,0.0,0.1337,9.0,2.0,1.9133,0.6039,0.0,0.2363,0.0,0.0241,1.62,0.36,0.3444,0.1087,understat
8288,Tomas Soucek,2022-2023,ENG-Premier League,West Ham,M S,Midfielder,36,2839,2.0,3.8258,2.0,3.8258,3.0,1.931,34.0,15.0,8.6262,5.9107,0.0634,0.1213,0.0951,0.0612,1.0778,0.4755,0.2735,0.1874,understat
7352,Tyler Adams,2022-2023,ENG-Premier League,Leeds,M,Midfielder,24,2159,0.0,0.0683,0.0,0.0683,0.0,1.3704,4.0,24.0,6.9536,5.6955,0.0,0.0028,0.0,0.0571,0.1667,1.0005,0.2899,0.2374,understat
9680,Vitaly Janelt,2022-2023,ENG-Premier League,Brentford,D M S,Midfielder,35,2206,3.0,2.1913,3.0,2.1913,1.0,1.4621,14.0,16.0,7.5696,5.4677,0.1224,0.0894,0.0408,0.0596,0.5712,0.6528,0.3088,0.2231,understat
5360,Weston McKennie,2022-2023,ENG-Premier League,Leeds,M S,Midfielder,19,1450,0.0,0.5901,0.0,0.5901,1.0,0.7055,13.0,13.0,2.8141,1.9933,0.0,0.0366,0.0621,0.0438,0.8069,0.8069,0.1747,0.1237,understat
5545,Wilfred Ndidi,2022-2023,ENG-Premier League,Leicester,D M S,Midfielder,27,1691,0.0,0.1516,0.0,0.1516,0.0,0.0531,7.0,3.0,2.4606,2.3313,0.0,0.0081,0.0,0.0028,0.3726,0.1597,0.131,0.1241,understat
6104,Will Hughes,2022-2023,ENG-Premier League,Crystal Palace,M S,Midfielder,27,796,1.0,0.5348,1.0,0.5348,1.0,0.7694,6.0,6.0,3.0496,1.9807,0.1131,0.0605,0.1131,0.087,0.6784,0.6784,0.3448,0.2239,understat
700,Willian,2022-2023,ENG-Premier League,Fulham,M S,Midfielder,27,2174,5.0,3.3832,5.0,3.3832,5.0,5.0422,41.0,51.0,9.5902,3.7871,0.207,0.1401,0.207,0.2087,1.6973,2.1113,0.397,0.1568,understat
5956,Youri Tielemans,2022-2023,ENG-Premier League,Leicester,M S,Midfielder,31,2365,3.0,2.2394,2.0,0.7171,2.0,4.5289,31.0,30.0,14.3065,11.2066,0.1142,0.0852,0.0761,0.1723,1.1797,1.1416,0.5444,0.4265,understat
5609,Yves Bissouma,2022-2023,ENG-Premier League,Tottenham,M S,Midfielder,23,988,0.0,0.1295,0.0,0.1295,0.0,0.4401,6.0,8.0,4.4395,4.141,0.0,0.0118,0.0,0.0401,0.5466,0.7287,0.4044,0.3772,understat
4419,Adam Armstrong,2022-2023,ENG-Premier League,Southampton,F M S,Winger,30,1333,2.0,2.4375,2.0,2.4375,1.0,1.7304,25.0,11.0,4.7042,1.2919,0.135,0.1646,0.0675,0.1168,1.6879,0.7427,0.3176,0.0872,understat
486,Adam Lallana,2022-2023,ENG-Premier League,Brighton,F M S,Winger,16,742,2.0,1.1927,2.0,1.1927,1.0,0.9687,8.0,14.0,3.4976,1.9245,0.2426,0.1447,0.1213,0.1175,0.9704,1.6981,0.4242,0.2334,understat
900,Adama Traoré,2022-2023,ENG-Premier League,Wolverhampton Wanderers,F M S,Winger,34,1452,2.0,1.4201,2.0,1.4201,1.0,3.1472,19.0,23.0,6.1093,1.6365,0.124,0.088,0.062,0.1951,1.1777,1.4256,0.3787,0.1014,understat
500,Alex Iwobi,2022-2023,ENG-Premier League,Everton,F M,Winger,38,3388,2.0,2.7483,2.0,2.7483,7.0,6.1278,42.0,64.0,13.5318,7.7126,0.0531,0.073,0.186,0.1628,1.1157,1.7001,0.3595,0.2049,understat
8150,Anthony Gordon,2022-2023,ENG-Premier League,"Everton,Newcastle United",F M S,Winger,32,1564,4.0,5.5494,4.0,5.5494,0.0,1.4114,34.0,14.0,7.685,1.739,0.2302,0.3193,0.0,0.0812,1.9565,0.8056,0.4422,0.1001,understat
11094,Antony,2022-2023,ENG-Premier League,Manchester United,F M S,Winger,25,1841,4.0,5.8578,4.0,5.8578,2.0,2.3708,72.0,28.0,13.8376,7.1121,0.1955,0.2864,0.0978,0.1159,3.5198,1.3688,0.6765,0.3477,understat
3635,Bernardo Silva,2022-2023,ENG-Premier League,Manchester City,D F M S,Winger,34,2194,4.0,2.2564,4.0,2.2564,5.0,3.9163,25.0,30.0,17.542,13.0466,0.1641,0.0926,0.2051,0.1606,1.0255,1.2306,0.7196,0.5352,understat
6827,Bobby Reid,2022-2023,ENG-Premier League,Fulham,D F M S,Winger,36,2511,4.0,4.2261,4.0,4.2261,1.0,1.5008,31.0,18.0,8.1355,3.8689,0.1434,0.1515,0.0358,0.0538,1.1111,0.6452,0.2916,0.1387,understat
10751,Brenden Aaronson,2022-2023,ENG-Premier League,Leeds,F M S,Winger,36,2415,1.0,3.9436,1.0,3.9436,3.0,3.3628,41.0,45.0,11.2951,5.1621,0.0373,0.147,0.1118,0.1253,1.528,1.677,0.4209,0.1924,understat
10760,Brennan Johnson,2022-2023,ENG-Premier League,Nottingham Forest,F M S,Winger,38,2952,8.0,8.2665,7.0,5.983,3.0,3.7433,55.0,28.0,12.1707,2.8008,0.2439,0.252,0.0915,0.1141,1.6768,0.8537,0.3711,0.0854,understat
7322,Bukayo Saka,2022-2023,ENG-Premier League,Arsenal,F M S,Winger,38,3216,14.0,11.3,12.0,9.0165,11.0,7.043,89.0,75.0,23.5832,11.6033,0.3918,0.3162,0.3078,0.1971,2.4907,2.0989,0.66,0.3247,understat
11297,Carlos Alcaraz,2022-2023,ENG-Premier League,Southampton,F M S,Winger,18,1050,4.0,1.9036,4.0,1.9036,2.0,0.8086,24.0,5.0,3.8962,1.4694,0.3429,0.1632,0.1714,0.0693,2.0571,0.4286,0.334,0.1259,understat
7700,Che Adams,2022-2023,ENG-Premier League,Southampton,F M S,Winger,28,2019,5.0,7.3063,5.0,7.3063,3.0,2.7258,47.0,24.0,11.9552,4.1287,0.2229,0.3257,0.1337,0.1215,2.0951,1.0698,0.5329,0.184,understat
646,Christian Eriksen,2022-2023,ENG-Premier League,Manchester United,F M S,Winger,28,2094,1.0,4.8672,1.0,4.8672,8.0,4.5583,38.0,36.0,16.0411,10.6828,0.043,0.2092,0.3438,0.1959,1.6332,1.5473,0.6894,0.4591,understat
2662,Christian Pulisic,2022-2023,ENG-Premier League,Chelsea,D F M S,Winger,24,779,1.0,1.8724,1.0,1.8724,1.0,0.4368,18.0,12.0,3.6759,1.683,0.1155,0.2163,0.1155,0.0505,2.0796,1.3864,0.4247,0.1944,understat
11296,Cody Gakpo,2022-2023,ENG-Premier League,Liverpool,F M S,Winger,21,1483,7.0,6.5545,7.0,6.5545,2.0,2.9817,39.0,23.0,12.1179,4.4253,0.4248,0.3978,0.1214,0.181,2.3668,1.3958,0.7354,0.2686,understat
9492,Crysencio Summerville,2022-2023,ENG-Premier League,Leeds,F M S,Winger,28,1391,4.0,3.5592,4.0,3.5592,2.0,1.4241,29.0,16.0,6.0612,1.5735,0.2588,0.2303,0.1294,0.0921,1.8763,1.0352,0.3922,0.1018,understat
5595,Daniel James,2022-2023,ENG-Premier League,"Fulham,Leeds",F M S,Winger,24,790,2.0,2.1174,2.0,2.1174,1.0,1.5899,16.0,8.0,4.5737,1.526,0.2278,0.2412,0.1139,0.1811,1.8228,0.9114,0.5211,0.1738,understat
8291,Daniel Podence,2022-2023,ENG-Premier League,Wolverhampton Wanderers,F M S,Winger,32,1769,6.0,3.7195,6.0,3.7195,0.0,2.4171,43.0,37.0,7.6126,2.9081,0.3053,0.1892,0.0,0.123,2.1877,1.8824,0.3873,0.148,understat
6691,Dejan Kulusevski,2022-2023,ENG-Premier League,Tottenham,F M S,Winger,30,2120,2.0,2.6103,2.0,2.6103,7.0,5.4827,43.0,47.0,9.8423,4.0004,0.0849,0.1108,0.2972,0.2328,1.8255,1.9953,0.4178,0.1698,understat
762,Demarai Gray,2022-2023,ENG-Premier League,Everton,F M S,Winger,33,2520,4.0,6.3252,2.0,4.8028,1.0,3.6088,59.0,36.0,9.1267,3.2151,0.1429,0.2259,0.0357,0.1289,2.1071,1.2857,0.326,0.1148,understat
10804,Deniz Undav,2022-2023,ENG-Premier League,Brighton,F M S,Winger,22,594,5.0,5.5474,5.0,5.5474,0.0,1.168,27.0,8.0,7.2768,1.4866,0.7576,0.8405,0.0,0.177,4.0909,1.2121,1.1025,0.2252,understat
6854,Diogo Jota,2022-2023,ENG-Premier League,Liverpool,F M S,Winger,22,1132,7.0,6.4378,7.0,6.4378,4.0,1.7756,35.0,17.0,8.1739,3.9002,0.5565,0.5118,0.318,0.1412,2.7827,1.3516,0.6499,0.3101,understat
1679,Dominic Solanke,2022-2023,ENG-Premier League,Bournemouth,F M S,Winger,33,2874,6.0,9.3177,6.0,9.3177,7.0,3.9576,76.0,21.0,14.145,3.0667,0.1879,0.2918,0.2192,0.1239,2.38,0.6576,0.443,0.096,understat
6756,Dwight McNeil,2022-2023,ENG-Premier League,Everton,D F M S,Winger,36,2512,7.0,3.8712,7.0,3.8712,3.0,7.4436,46.0,51.0,9.8747,2.481,0.2508,0.1387,0.1075,0.2667,1.6481,1.8272,0.3538,0.0889,understat
8706,Eberechi Eze,2022-2023,ENG-Premier League,Crystal Palace,F M S,Winger,38,2657,10.0,6.8318,9.0,6.0706,4.0,4.6194,70.0,57.0,11.0957,4.3697,0.3387,0.2314,0.1355,0.1565,2.3711,1.9307,0.3758,0.148,understat
2203,Emiliano Buendía,2022-2023,ENG-Premier League,Aston Villa,F M S,Winger,38,2446,5.0,5.6267,5.0,5.6267,2.0,4.3731,49.0,40.0,15.2722,7.6261,0.184,0.207,0.0736,0.1609,1.8029,1.4718,0.5619,0.2806,understat
9301,Emmanuel Dennis,2022-2023,ENG-Premier League,Nottingham Forest,F M S,Winger,19,705,2.0,1.5486,2.0,1.5486,2.0,0.5364,21.0,7.0,2.0861,0.9664,0.2553,0.1977,0.2553,0.0685,2.6809,0.8936,0.2663,0.1234,understat
7752,Gabriel Martinelli,2022-2023,ENG-Premier League,Arsenal,F M S,Winger,36,2851,15.0,10.5381,15.0,10.5381,5.0,9.3495,79.0,59.0,25.1509,9.3209,0.4735,0.3327,0.1578,0.2951,2.4939,1.8625,0.794,0.2942,understat
5682,Gonçalo Guedes,2022-2023,ENG-Premier League,Wolverhampton Wanderers,F M S,Winger,13,718,1.0,1.2725,1.0,1.2725,1.0,0.5425,19.0,9.0,2.0873,0.4203,0.1253,0.1595,0.1253,0.068,2.3816,1.1281,0.2616,0.0527,understat
8992,Hakim Ziyech,2022-2023,ENG-Premier League,Chelsea,D F M S,Winger,18,630,0.0,0.5914,0.0,0.5914,3.0,2.5491,16.0,14.0,3.1017,1.5465,0.0,0.0845,0.4286,0.3642,2.2857,2.0,0.4431,0.2209,understat
6681,Harvey Barnes,2022-2023,ENG-Premier League,Leicester,F M S,Winger,34,2738,13.0,9.1205,13.0,9.1205,1.0,3.1073,72.0,19.0,14.7236,3.649,0.4273,0.2998,0.0329,0.1021,2.3667,0.6245,0.484,0.1199,understat
7546,Harvey Elliott,2022-2023,ENG-Premier League,Liverpool,F M S,Winger,32,1602,1.0,2.0271,1.0,2.0271,2.0,3.9797,36.0,26.0,14.9126,10.7834,0.0562,0.1139,0.1124,0.2236,2.0225,1.4607,0.8378,0.6058,understat
8845,Hee-Chan Hwang,2022-2023,ENG-Premier League,Wolverhampton Wanderers,F M S,Winger,27,1117,3.0,2.1641,3.0,2.1641,1.0,0.8787,18.0,10.0,3.7333,0.9232,0.2417,0.1744,0.0806,0.0708,1.4503,0.8057,0.3008,0.0744,understat
675,Jack Grealish,2022-2023,ENG-Premier League,Manchester City,F M S,Winger,28,2083,5.0,4.9982,5.0,4.9982,7.0,7.465,41.0,50.0,18.5571,8.2955,0.216,0.216,0.3024,0.3225,1.7715,2.1603,0.8018,0.3584,understat
8720,Jack Harrison,2022-2023,ENG-Premier League,Leeds,D F M S,Winger,36,2793,5.0,5.0139,5.0,5.0139,7.0,5.0107,39.0,53.0,11.7582,4.7681,0.1611,0.1616,0.2256,0.1615,1.2567,1.7078,0.3789,0.1536,understat
6345,Jadon Sancho,2022-2023,ENG-Premier League,Manchester United,F M S,Winger,26,1710,6.0,3.7891,6.0,3.7891,3.0,4.79,21.0,43.0,15.0474,7.7076,0.3158,0.1994,0.1579,0.2521,1.1053,2.2632,0.792,0.4057,understat
6818,James Maddison,2022-2023,ENG-Premier League,Leicester,F M S,Winger,30,2485,10.0,8.4894,9.0,6.967,9.0,7.7732,85.0,69.0,15.3547,6.3994,0.3622,0.3075,0.326,0.2815,3.0785,2.499,0.5561,0.2318,understat
1776,Jarrod Bowen,2022-2023,ENG-Premier League,West Ham,F M S,Winger,38,3245,6.0,10.0042,5.0,8.4819,5.0,6.9074,75.0,48.0,15.171,3.6215,0.1664,0.2775,0.1387,0.1916,2.0801,1.3313,0.4208,0.1004,understat
558,Jesse Lingard,2022-2023,ENG-Premier League,Nottingham Forest,F M S,Winger,17,937,0.0,0.6978,0.0,0.6978,0.0,0.4312,10.0,11.0,2.0685,1.2953,0.0,0.067,0.0,0.0414,0.9605,1.0566,0.1987,0.1244,understat
10766,Joe Ayodele-Aribo,2022-2023,ENG-Premier League,Southampton,F M S,Winger,21,1224,2.0,2.0545,2.0,2.0545,0.0,0.9877,14.0,9.0,3.7902,0.948,0.1471,0.1511,0.0,0.0726,1.0294,0.6618,0.2787,0.0697,understat
87,Joelinton,2022-2023,ENG-Premier League,Newcastle United,F M S,Winger,32,2677,6.0,6.2525,6.0,6.2525,1.0,3.1164,51.0,26.0,12.3079,7.0923,0.2017,0.2102,0.0336,0.1048,1.7146,0.8741,0.4138,0.2384,understat
672,Jordan Ayew,2022-2023,ENG-Premier League,Crystal Palace,F M S,Winger,38,2738,4.0,2.7513,4.0,2.7513,3.0,3.0507,32.0,30.0,7.4217,3.226,0.1315,0.0904,0.0986,0.1003,1.0519,0.9861,0.244,0.106,understat
7892,João Félix,2022-2023,ENG-Premier League,Chelsea,F M S,Winger,16,953,4.0,4.2886,4.0,4.2886,0.0,0.6466,46.0,6.0,5.6205,2.0359,0.3778,0.405,0.0,0.0611,4.3442,0.5666,0.5308,0.1923,understat
11058,Julio Enciso,2022-2023,ENG-Premier League,Brighton,F M S,Winger,20,798,4.0,4.2143,4.0,4.2143,2.0,1.7798,38.0,13.0,8.6847,2.9589,0.4511,0.4753,0.2256,0.2007,4.2857,1.4662,0.9795,0.3337,understat
10846,Julián Álvarez,2022-2023,ENG-Premier League,Manchester City,F M S,Winger,31,1416,9.0,7.7533,8.0,6.9921,0.0,2.0468,47.0,18.0,13.7687,5.8205,0.572,0.4928,0.0,0.1301,2.9873,1.1441,0.8751,0.3699,understat
5220,Kai Havertz,2022-2023,ENG-Premier League,Chelsea,F M S,Winger,35,2613,7.0,12.7766,6.0,12.0154,1.0,3.5749,71.0,38.0,17.851,5.2389,0.2411,0.4401,0.0344,0.1231,2.4455,1.3088,0.6148,0.1804,understat
9630,Kamaldeen Sulemana,2022-2023,ENG-Premier League,Southampton,F M S,Winger,18,950,2.0,1.679,2.0,1.679,1.0,1.427,25.0,14.0,3.4539,0.6345,0.1895,0.1591,0.0947,0.1352,2.3684,1.3263,0.3272,0.0601,understat
620,Kelechi Iheanacho,2022-2023,ENG-Premier League,Leicester,F M S,Winger,28,1120,5.0,6.1336,4.0,5.3724,5.0,3.7054,39.0,22.0,9.0217,1.8175,0.4018,0.4929,0.4018,0.2978,3.1339,1.7679,0.725,0.1461,understat
9739,Kiernan Dewsbury-Hall,2022-2023,ENG-Premier League,Leicester,F M S,Winger,31,2334,2.0,1.855,2.0,1.855,2.0,3.0711,26.0,39.0,9.7226,5.3143,0.0771,0.0715,0.0771,0.1184,1.0026,1.5039,0.3749,0.2049,understat
7698,Leandro Trossard,2022-2023,ENG-Premier League,"Arsenal,Brighton",D F M S,Winger,36,2263,8.0,7.0685,8.0,7.0685,12.0,6.3586,55.0,47.0,16.3298,6.7495,0.3182,0.2811,0.4772,0.2529,2.1874,1.8692,0.6494,0.2684,understat
5221,Leon Bailey,2022-2023,ENG-Premier League,Aston Villa,F M S,Winger,33,2031,4.0,4.7784,4.0,4.7784,4.0,5.534,51.0,30.0,13.0014,3.5788,0.1773,0.2117,0.1773,0.2452,2.26,1.3294,0.5761,0.1586,understat
7365,Lucas Paquetá,2022-2023,ENG-Premier League,West Ham,F M S,Winger,28,2209,4.0,5.0468,3.0,4.2856,3.0,2.8692,53.0,32.0,9.5691,4.3525,0.163,0.2056,0.1222,0.1169,2.1593,1.3038,0.3899,0.1773,understat
10408,Luis Díaz,2022-2023,ENG-Premier League,Liverpool,F M S,Winger,17,997,4.0,3.5687,4.0,3.5687,2.0,1.9563,27.0,13.0,9.5111,4.636,0.3611,0.3222,0.1805,0.1766,2.4373,1.1735,0.8586,0.4185,understat
10866,Luis Sinisterra,2022-2023,ENG-Premier League,Leeds,F M S,Winger,19,891,5.0,3.3617,5.0,3.3617,0.0,0.389,28.0,9.0,5.3498,2.4539,0.5051,0.3396,0.0,0.0393,2.8283,0.9091,0.5404,0.2479,understat
556,Marcus Rashford,2022-2023,ENG-Premier League,Manchester United,F M S,Winger,35,2907,17.0,18.7618,17.0,18.7618,5.0,3.7354,108.0,31.0,30.3311,9.5897,0.5263,0.5809,0.1548,0.1156,3.3437,0.9598,0.939,0.2969,understat
7768,Mason Mount,2022-2023,ENG-Premier League,Chelsea,F M S,Winger,24,1682,3.0,2.1365,3.0,2.1365,2.0,3.0019,33.0,29.0,7.2979,4.2962,0.1605,0.1143,0.107,0.1606,1.7658,1.5517,0.3905,0.2299,understat
9948,Michael Olise,2022-2023,ENG-Premier League,Crystal Palace,F M S,Winger,37,2774,2.0,2.6593,2.0,2.6593,11.0,7.1746,51.0,72.0,8.7776,3.4046,0.0649,0.0863,0.3569,0.2328,1.6547,2.336,0.2848,0.1105,understat
8859,Mikkel Damsgaard,2022-2023,ENG-Premier League,Brentford,F M S,Winger,26,963,0.0,2.6604,0.0,2.6604,0.0,1.7436,12.0,11.0,5.6377,2.2836,0.0,0.2486,0.0,0.163,1.1215,1.028,0.5269,0.2134,understat
6894,Mohamed Elyounoussi,2022-2023,ENG-Premier League,Southampton,F M S,Winger,33,2212,1.0,3.0692,1.0,3.0692,1.0,1.8252,36.0,18.0,7.8605,4.5564,0.0407,0.1249,0.0407,0.0743,1.4647,0.7324,0.3198,0.1854,understat
1250,Mohamed Salah,2022-2023,ENG-Premier League,Liverpool,F M S,Winger,38,3307,19.0,23.3401,17.0,20.2954,12.0,8.7202,125.0,65.0,32.5441,8.8668,0.5171,0.6352,0.3266,0.2373,3.4019,1.769,0.8857,0.2413,understat
6857,Morgan Gibbs-White,2022-2023,ENG-Premier League,"Nottingham Forest,Wolverhampton Wanderers",F M S,Winger,37,3170,5.0,6.6557,3.0,5.1334,8.0,7.8079,62.0,67.0,13.6689,4.5596,0.142,0.189,0.2271,0.2217,1.7603,1.9022,0.3881,0.1295,understat
11305,Mykhailo Mudryk,2022-2023,ENG-Premier League,Chelsea,F M S,Winger,15,654,0.0,1.9045,0.0,1.9045,2.0,0.7282,14.0,10.0,3.8915,1.9701,0.0,0.2621,0.2752,0.1002,1.9266,1.3761,0.5355,0.2711,understat
11357,Noni Madueke,2022-2023,ENG-Premier League,Chelsea,F M S,Winger,12,662,1.0,0.9804,1.0,0.9804,0.0,0.5139,12.0,12.0,3.679,2.4322,0.136,0.1333,0.0,0.0699,1.6314,1.6314,0.5002,0.3307,understat
3697,Odsonne Edouard,2022-2023,ENG-Premier League,Crystal Palace,F M S,Winger,35,1819,5.0,5.5353,5.0,5.5353,2.0,1.2745,39.0,17.0,7.5451,2.8129,0.2474,0.2739,0.099,0.0631,1.9296,0.8411,0.3733,0.1392,understat
8865,Ollie Watkins,2022-2023,ENG-Premier League,Aston Villa,F M S,Winger,37,3150,15.0,17.4863,14.0,15.964,6.0,3.674,85.0,30.0,22.1626,5.4353,0.4286,0.4996,0.1714,0.105,2.4286,0.8571,0.6332,0.1553,understat
2335,Pablo Fornals,2022-2023,ENG-Premier League,West Ham,F M S,Winger,32,1507,3.0,1.7289,3.0,1.7289,1.0,2.0187,27.0,19.0,6.2361,2.8139,0.1792,0.1033,0.0597,0.1206,1.6125,1.1347,0.3724,0.168,understat
2199,Pablo Sarabia,2022-2023,ENG-Premier League,Wolverhampton Wanderers,F M S,Winger,13,788,1.0,2.5363,1.0,2.5363,0.0,0.7748,20.0,11.0,3.5684,1.4431,0.1142,0.2897,0.0,0.0885,2.2843,1.2563,0.4076,0.1648,understat
239,Pascal Groß,2022-2023,ENG-Premier League,Brighton,D F M,Winger,37,3261,9.0,5.9544,9.0,5.9544,8.0,11.246,40.0,80.0,25.2524,15.0084,0.2484,0.1643,0.2208,0.3104,1.104,2.2079,0.6969,0.4142,understat
9738,Patson Daka,2022-2023,ENG-Premier League,Leicester,F M S,Winger,30,1164,4.0,4.0642,4.0,4.0642,4.0,2.7337,30.0,17.0,8.2244,1.5248,0.3093,0.3142,0.3093,0.2114,2.3196,1.3144,0.6359,0.1179,understat
6382,Pedro Neto,2022-2023,ENG-Premier League,Wolverhampton Wanderers,D F M S,Winger,18,993,0.0,1.1068,0.0,1.1068,0.0,2.7074,17.0,20.0,4.8899,2.7101,0.0,0.1003,0.0,0.2454,1.5408,1.8127,0.4432,0.2456,understat
6055,Phil Foden,2022-2023,ENG-Premier League,Manchester City,F M S,Winger,32,1837,11.0,6.1859,11.0,6.1859,6.0,5.6975,46.0,44.0,17.4264,8.1015,0.5389,0.3031,0.294,0.2791,2.2537,2.1557,0.8538,0.3969,understat
6034,Philip Billing,2022-2023,ENG-Premier League,Bournemouth,F M S,Winger,36,2822,7.0,4.8942,7.0,4.8942,1.0,3.4573,38.0,27.0,9.9951,3.5617,0.2232,0.1561,0.0319,0.1103,1.2119,0.8611,0.3188,0.1136,understat
488,Philippe Coutinho,2022-2023,ENG-Premier League,Aston Villa,F M S,Winger,20,750,1.0,1.3861,1.0,1.3861,0.0,0.3859,21.0,8.0,2.8199,1.4398,0.12,0.1663,0.0,0.0463,2.52,0.96,0.3384,0.1728,understat
618,Raheem Sterling,2022-2023,ENG-Premier League,Chelsea,D F M S,Winger,28,1919,6.0,7.4052,6.0,7.4052,3.0,4.8611,41.0,34.0,13.5399,3.0417,0.2814,0.3473,0.1407,0.228,1.9229,1.5946,0.635,0.1427,understat
6026,Richarlison,2022-2023,ENG-Premier League,Tottenham,F M S,Winger,27,982,1.0,3.5169,1.0,3.5169,3.0,1.7409,27.0,16.0,5.3538,1.5919,0.0916,0.3223,0.2749,0.1596,2.4745,1.4664,0.4907,0.1459,understat
750,Riyad Mahrez,2022-2023,ENG-Premier League,Manchester City,F M S,Winger,30,1941,5.0,5.8646,4.0,5.1034,10.0,6.1575,43.0,51.0,18.3336,11.6441,0.2318,0.2719,0.4637,0.2855,1.9938,2.3648,0.8501,0.5399,understat
482,Roberto Firmino,2022-2023,ENG-Premier League,Liverpool,F M S,Winger,25,1203,11.0,8.123,11.0,8.123,4.0,3.0548,39.0,21.0,13.9126,6.6902,0.8229,0.6077,0.2993,0.2285,2.9177,1.5711,1.0408,0.5005,understat
2381,Rodrigo,2022-2023,ENG-Premier League,Leeds,F M S,Winger,31,1955,13.0,8.573,12.0,7.8118,1.0,2.2987,67.0,16.0,10.8127,3.4505,0.5985,0.3947,0.046,0.1058,3.0844,0.7366,0.4978,0.1588,understat
10744,Ryan Christie,2022-2023,ENG-Premier League,Bournemouth,F M S,Winger,32,1857,1.0,2.7286,1.0,2.7286,1.0,2.0689,33.0,29.0,7.3709,4.0951,0.0485,0.1322,0.0485,0.1003,1.5994,1.4055,0.3572,0.1985,understat
3585,Said Benrahma,2022-2023,ENG-Premier League,West Ham,F M S,Winger,35,2070,6.0,6.3506,2.0,3.3059,3.0,4.7565,73.0,48.0,8.2212,2.4543,0.2609,0.2761,0.1304,0.2068,3.1739,2.087,0.3574,0.1067,understat
10072,Samuel Edozie,2022-2023,ENG-Premier League,Southampton,F M S,Winger,17,540,0.0,1.0851,0.0,1.0851,0.0,0.3166,8.0,8.0,2.7462,1.4621,0.0,0.1808,0.0,0.0528,1.3333,1.3333,0.4577,0.2437,understat
453,Son Heung-Min,2022-2023,ENG-Premier League,Tottenham,F M S,Winger,36,2920,10.0,9.5979,10.0,9.5979,6.0,6.3343,81.0,62.0,17.6213,5.9549,0.3082,0.2958,0.1849,0.1952,2.4966,1.911,0.5431,0.1835,understat
10536,Tetê,2022-2023,ENG-Premier League,Leicester,F M S,Winger,13,756,1.0,1.856,1.0,1.856,0.0,0.3868,15.0,6.0,3.7511,1.7395,0.119,0.221,0.0,0.046,1.7857,0.7143,0.4466,0.2071,understat
503,Theo Walcott,2022-2023,ENG-Premier League,Southampton,F M S,Winger,20,1149,2.0,3.1264,2.0,3.1264,2.0,1.8109,20.0,15.0,4.9037,0.9851,0.1567,0.2449,0.1567,0.1418,1.5666,1.1749,0.3841,0.0772,understat
11155,Wilfried Gnonto,2022-2023,ENG-Premier League,Leeds,F M S,Winger,24,1344,2.0,1.8335,2.0,1.8335,4.0,2.9214,22.0,22.0,5.2303,1.9364,0.1339,0.1228,0.2679,0.1956,1.4732,1.4732,0.3502,0.1297,understat
522,Wilfried Zaha,2022-2023,ENG-Premier League,Crystal Palace,F M,Winger,27,2308,7.0,7.7976,7.0,6.2753,2.0,2.7603,66.0,26.0,11.7469,4.0866,0.273,0.3041,0.078,0.1076,2.5737,1.0139,0.4581,0.1594,understat
7052,Wout Weghorst,2022-2023,ENG-Premier League,Manchester United,F M S,Winger,17,798,0.0,2.2213,0.0,2.2213,1.0,1.1286,14.0,14.0,4.8795,2.3401,0.0,0.2505,0.1128,0.1273,1.5789,1.5789,0.5503,0.2639,understat
8942,Aaron Hickey,2023-2024,ENG-Premier League,Brentford,D,Defender,9,749,0.0,0.1935,0.0,0.1935,0.0,0.0475,7.0,1.0,1.1259,0.9995,0.0,0.0232,0.0,0.0057,0.8411,0.1202,0.1353,0.1201,understat
5584,Aaron Wan-Bissaka,2023-2024,ENG-Premier League,Manchester United,D S,Defender,22,1784,0.0,0.1462,0.0,0.1462,2.0,1.4311,3.0,12.0,7.7376,6.4251,0.0,0.0074,0.1009,0.0722,0.1513,0.6054,0.3904,0.3241,understat
825,Adam Smith,2023-2024,ENG-Premier League,Bournemouth,D S,Defender,28,2185,0.0,0.0396,0.0,0.0396,2.0,1.4617,2.0,17.0,7.4505,6.1581,0.0,0.0016,0.0824,0.0602,0.0824,0.7002,0.3069,0.2537,understat
7699,Adam Webster,2023-2024,ENG-Premier League,Brighton,D S,Defender,15,1146,0.0,0.4553,0.0,0.4553,0.0,0.2106,8.0,5.0,6.527,6.4058,0.0,0.0358,0.0,0.0165,0.6283,0.3927,0.5126,0.5031,understat
11723,Alfie Doughty,2023-2024,ENG-Premier League,Luton,D S,Defender,37,2980,2.0,1.8318,2.0,1.8318,8.0,6.6123,26.0,70.0,11.0547,7.9953,0.0604,0.0553,0.2416,0.1997,0.7852,2.1141,0.3339,0.2415,understat
11713,Amari&#039;i Bell,2023-2024,ENG-Premier League,Luton,D,Defender,21,1724,0.0,0.4994,0.0,0.4994,0.0,0.3448,2.0,8.0,5.2614,4.4563,0.0,0.0261,0.0,0.018,0.1044,0.4176,0.2747,0.2326,understat
11699,Ameen Al Dakhil,2023-2024,ENG-Premier League,Burnley,D S,Defender,13,1055,1.0,1.2219,1.0,1.2219,0.0,0.0983,8.0,2.0,2.8363,1.7574,0.0853,0.1042,0.0,0.0084,0.6825,0.1706,0.242,0.1499,understat
9833,Andrew Omobamidele,2023-2024,ENG-Premier League,Nottingham Forest,D S,Defender,11,771,0.0,0.0813,0.0,0.0813,0.0,0.0773,1.0,2.0,1.9279,1.826,0.0,0.0095,0.0,0.009,0.1167,0.2335,0.225,0.2132,understat
1688,Andrew Robertson,2023-2024,ENG-Premier League,Liverpool,D S,Defender,23,1684,3.0,2.4326,3.0,2.4326,2.0,6.6554,12.0,62.0,15.8777,10.3616,0.1603,0.13,0.1069,0.3557,0.6413,3.3135,0.8486,0.5538,understat
10386,Anel Ahmedhodzic,2023-2024,ENG-Premier League,Sheffield United,D S,Defender,31,2646,2.0,3.4643,2.0,3.4643,0.0,0.9506,19.0,7.0,5.8164,2.9301,0.068,0.1178,0.0,0.0323,0.6463,0.2381,0.1978,0.0997,understat
528,Angelo Ogbonna,2023-2024,ENG-Premier League,West Ham,D S,Defender,11,629,0.0,0.0407,0.0,0.0407,0.0,0.0,1.0,0.0,0.2121,0.1715,0.0,0.0058,0.0,0.0,0.1431,0.0,0.0304,0.0245,understat
8940,Antonee Robinson,2023-2024,ENG-Premier League,Fulham,D,Defender,37,3290,0.0,0.8533,0.0,0.8533,6.0,3.7675,16.0,31.0,13.7812,11.4609,0.0,0.0233,0.1641,0.1031,0.4377,0.848,0.377,0.3135,understat
11732,Auston Trusty,2023-2024,ENG-Premier League,Sheffield United,D S,Defender,32,2576,0.0,0.6636,0.0,0.6636,0.0,1.1023,8.0,8.0,2.3532,1.6658,0.0,0.0232,0.0,0.0385,0.2795,0.2795,0.0822,0.0582,understat
6885,Axel Disasi,2023-2024,ENG-Premier League,Chelsea,D S,Defender,31,2586,2.0,2.6789,2.0,2.6789,0.0,0.195,16.0,3.0,14.6533,14.1067,0.0696,0.0932,0.0,0.0068,0.5568,0.1044,0.51,0.491,understat
782,Ben Chilwell,2023-2024,ENG-Premier League,Chelsea,D S,Defender,13,771,0.0,1.2212,0.0,1.2212,1.0,1.7933,12.0,14.0,3.8504,1.9575,0.0,0.1426,0.1167,0.2093,1.4008,1.6342,0.4495,0.2285,understat
660,Ben Davies,2023-2024,ENG-Premier League,Tottenham,D S,Defender,17,1067,1.0,2.0772,1.0,2.0772,0.0,0.3106,12.0,4.0,7.6144,6.3189,0.0843,0.1752,0.0,0.0262,1.0122,0.3374,0.6423,0.533,understat
7689,Ben Godfrey,2023-2024,ENG-Premier League,Everton,D S,Defender,15,1131,0.0,2.1674,0.0,2.1674,0.0,0.203,15.0,3.0,1.4283,1.1474,0.0,0.1725,0.0,0.0162,1.1936,0.2387,0.1137,0.0913,understat
1654,Ben Mee,2023-2024,ENG-Premier League,Brentford,D S,Defender,16,1290,2.0,1.4556,2.0,1.4556,0.0,0.2499,10.0,6.0,1.8442,1.3645,0.1395,0.1016,0.0,0.0174,0.6977,0.4186,0.1287,0.0952,understat
7298,Ben White,2023-2024,ENG-Premier League,Arsenal,D S,Defender,37,3024,4.0,2.0159,4.0,2.0159,4.0,4.7588,13.0,38.0,20.1493,17.2904,0.119,0.06,0.119,0.1416,0.3869,1.131,0.5997,0.5146,understat
7240,Benoit Badiashile Mukinayi,2023-2024,ENG-Premier League,Chelsea,D S,Defender,18,1338,0.0,0.5173,0.0,0.5173,1.0,1.5548,6.0,6.0,8.4602,8.3667,0.0,0.0348,0.0673,0.1046,0.4036,0.4036,0.5691,0.5628,understat
11728,Calvin Bassey,2023-2024,ENG-Premier League,Fulham,D S,Defender,29,2278,1.0,0.3685,1.0,0.3685,0.0,0.106,5.0,2.0,8.2366,8.2366,0.0395,0.0146,0.0,0.0042,0.1975,0.079,0.3254,0.3254,understat
6044,Charlie Taylor,2023-2024,ENG-Premier League,Burnley,D S,Defender,28,2336,1.0,0.2404,1.0,0.2404,1.0,1.8834,10.0,15.0,4.9185,4.1019,0.0385,0.0093,0.0385,0.0726,0.3853,0.5779,0.1895,0.158,understat
7384,Chris Mepham,2023-2024,ENG-Premier League,Bournemouth,D S,Defender,10,610,0.0,0.0895,0.0,0.0895,1.0,0.4742,1.0,3.0,1.9734,1.9348,0.0,0.0132,0.1475,0.07,0.1475,0.4426,0.2912,0.2855,understat
5050,Clement Lenglet,2023-2024,ENG-Premier League,Aston Villa,D,Defender,14,1167,0.0,0.9835,0.0,0.9835,1.0,0.8562,7.0,2.0,7.2908,7.2908,0.0,0.0759,0.0771,0.066,0.5398,0.1542,0.5623,0.5623,understat
5568,Connor Roberts,2023-2024,ENG-Premier League,Burnley,D S,Defender,14,804,0.0,0.0,0.0,0.0,1.0,0.3131,0.0,7.0,2.1132,1.9019,0.0,0.0,0.1119,0.0351,0.0,0.7836,0.2366,0.2129,understat
10120,Conor Bradley,2023-2024,ENG-Premier League,Liverpool,D S,Defender,11,776,1.0,0.9029,1.0,0.9029,3.0,1.9516,12.0,15.0,6.451,4.8339,0.116,0.1047,0.3479,0.2263,1.3918,1.7397,0.7482,0.5606,understat
804,Craig Dawson,2023-2024,ENG-Premier League,Wolverhampton Wanderers,D,Defender,25,2214,1.0,1.3576,1.0,1.3576,1.0,1.3504,16.0,9.0,4.3897,4.1953,0.0407,0.0552,0.0407,0.0549,0.6504,0.3659,0.1784,0.1705,understat
7218,Cristian Romero,2023-2024,ENG-Premier League,Tottenham,D,Defender,33,2796,5.0,3.9851,5.0,3.9851,0.0,0.3419,24.0,7.0,17.8117,16.454,0.1609,0.1283,0.0,0.011,0.7725,0.2253,0.5733,0.5296,understat
12509,Daiki Hashioka,2023-2024,ENG-Premier League,Luton,D S,Defender,10,583,0.0,0.1002,0.0,0.1002,0.0,0.5188,2.0,3.0,2.0649,1.5119,0.0,0.0155,0.0,0.0801,0.3087,0.4631,0.3188,0.2334,understat
7382,Dan Burn,2023-2024,ENG-Premier League,Newcastle United,D S,Defender,33,2763,2.0,4.1111,2.0,4.1111,2.0,1.8968,23.0,9.0,15.2241,13.1721,0.0651,0.1339,0.0651,0.0618,0.7492,0.2932,0.4959,0.4291,understat
12408,Daniel Muñoz,2023-2024,ENG-Premier League,Crystal Palace,D,Defender,16,1440,0.0,1.7551,0.0,1.7551,4.0,3.0853,8.0,21.0,6.9233,3.6105,0.0,0.1097,0.25,0.1928,0.5,1.3125,0.4327,0.2257,understat
8756,Dara O&#039;Shea,2023-2024,ENG-Premier League,Burnley,D S,Defender,33,2899,3.0,0.9074,3.0,0.9074,4.0,1.6444,19.0,13.0,4.8565,4.5032,0.0931,0.0282,0.1242,0.0511,0.5899,0.4036,0.1508,0.1398,understat
5712,Diego Carlos,2023-2024,ENG-Premier League,Aston Villa,D S,Defender,27,1784,0.0,1.8101,0.0,1.8101,0.0,0.11,9.0,4.0,5.8798,5.6736,0.0,0.0913,0.0,0.0056,0.454,0.2018,0.2966,0.2862,understat
7281,Diogo Dalot,2023-2024,ENG-Premier League,Manchester United,D S,Defender,36,3171,2.0,1.3287,2.0,1.3287,3.0,3.0855,30.0,38.0,10.9528,8.3649,0.0568,0.0377,0.0851,0.0876,0.8515,1.0785,0.3109,0.2374,understat
1245,Emerson,2023-2024,ENG-Premier League,West Ham,D S,Defender,36,3163,1.0,1.6024,1.0,1.6024,2.0,1.5224,19.0,23.0,8.584,6.3915,0.0285,0.0456,0.0569,0.0433,0.5406,0.6544,0.2442,0.1819,understat
7430,Emerson,2023-2024,ENG-Premier League,Tottenham,D S,Defender,22,1145,1.0,0.1771,1.0,0.1771,0.0,0.4157,6.0,3.0,4.4804,4.3256,0.0786,0.0139,0.0,0.0327,0.4716,0.2358,0.3522,0.34,understat
1545,Emil Krafth,2023-2024,ENG-Premier League,Newcastle United,D S,Defender,17,912,0.0,0.2254,0.0,0.2254,0.0,0.9704,4.0,9.0,4.405,3.7779,0.0,0.0222,0.0,0.0958,0.3947,0.8882,0.4347,0.3728,understat
5136,Estupiñán,2023-2024,ENG-Premier League,Brighton,D S,Defender,19,1239,2.0,1.0341,2.0,1.0341,3.0,3.2864,11.0,26.0,8.1314,5.9501,0.1453,0.0751,0.2179,0.2387,0.799,1.8886,0.5907,0.4322,understat
9678,Ethan Pinnock,2023-2024,ENG-Premier League,Brentford,D S,Defender,29,2521,2.0,3.3821,2.0,3.3821,0.0,0.5834,19.0,4.0,5.5255,4.472,0.0714,0.1207,0.0,0.0208,0.6783,0.1428,0.1973,0.1596,understat
7726,Ezri Konsa Ngoyo,2023-2024,ENG-Premier League,Aston Villa,D,Defender,35,3090,1.0,2.3285,1.0,2.3285,0.0,0.6873,19.0,8.0,14.6599,13.5626,0.0291,0.0678,0.0,0.02,0.5534,0.233,0.427,0.395,understat
76,Fabian Schär,2023-2024,ENG-Premier League,Newcastle United,D S,Defender,36,3057,4.0,2.6799,4.0,2.6799,1.0,1.2247,35.0,9.0,13.9004,13.2162,0.1178,0.0789,0.0294,0.0361,1.0304,0.265,0.4092,0.3891,understat
5613,Gabriel,2023-2024,ENG-Premier League,Arsenal,D S,Defender,36,3050,3.0,4.0254,3.0,4.0254,0.0,0.8748,31.0,3.0,13.2324,12.3332,0.0885,0.1188,0.0,0.0258,0.9148,0.0885,0.3905,0.3639,understat
12151,Gabriel Osho,2023-2024,ENG-Premier League,Luton,D,Defender,21,1853,2.0,1.2456,2.0,1.2456,0.0,0.0954,10.0,2.0,2.962,2.8738,0.0971,0.0605,0.0,0.0046,0.4857,0.0971,0.1439,0.1396,understat
7706,George Baldock,2023-2024,ENG-Premier League,Sheffield United,D S,Defender,13,965,0.0,0.0247,0.0,0.0247,1.0,0.856,1.0,7.0,1.7788,1.5442,0.0,0.0023,0.0933,0.0798,0.0933,0.6528,0.1659,0.144,understat
9897,Gonzalo Montiel,2023-2024,ENG-Premier League,Nottingham Forest,D S,Defender,14,809,0.0,0.1195,0.0,0.1195,2.0,1.7304,3.0,9.0,4.5273,3.0315,0.0,0.0133,0.2225,0.1925,0.3337,1.0012,0.5037,0.3372,understat
11998,Hannes Delcroix,2023-2024,ENG-Premier League,Burnley,D S,Defender,12,575,0.0,0.2328,0.0,0.2328,0.0,0.2035,4.0,4.0,1.6812,1.4776,0.0,0.0364,0.0,0.0319,0.6261,0.6261,0.2631,0.2313,understat
1687,Harry Maguire,2023-2024,ENG-Premier League,Manchester United,D S,Defender,22,1645,2.0,2.1379,2.0,2.1379,2.0,1.3067,20.0,6.0,5.5031,4.4561,0.1094,0.117,0.1094,0.0715,1.0942,0.3283,0.3011,0.2438,understat
10758,Harry Toffolo,2023-2024,ENG-Premier League,Nottingham Forest,D S,Defender,23,1439,1.0,1.4098,1.0,1.4098,3.0,1.4815,8.0,18.0,4.1743,2.7105,0.0625,0.0882,0.1876,0.0927,0.5003,1.1258,0.2611,0.1695,understat
6326,Ibrahima Konaté,2023-2024,ENG-Premier League,Liverpool,D S,Defender,22,1555,0.0,0.5481,0.0,0.5481,0.0,0.5098,11.0,8.0,10.2321,10.1004,0.0,0.0317,0.0,0.0295,0.6367,0.463,0.5922,0.5846,understat
7943,Igor Julio,2023-2024,ENG-Premier League,Brighton,D S,Defender,24,1640,0.0,0.2177,0.0,0.2177,0.0,0.6238,5.0,7.0,10.4484,10.2662,0.0,0.0119,0.0,0.0342,0.2744,0.3841,0.5734,0.5634,understat
11486,Illia Zabarnyi,2023-2024,ENG-Premier League,Bournemouth,D,Defender,37,3330,1.0,1.7369,1.0,1.7369,0.0,0.3828,8.0,7.0,9.3002,9.1148,0.027,0.0469,0.0,0.0103,0.2162,0.1892,0.2514,0.2463,understat
3203,Issa Diop,2023-2024,ENG-Premier League,Fulham,D S,Defender,18,1435,0.0,0.2687,0.0,0.2687,0.0,0.0,5.0,0.0,2.923,2.923,0.0,0.0169,0.0,0.0,0.3136,0.0,0.1833,0.1833,understat
9619,Issa Kabore,2023-2024,ENG-Premier League,Luton,D S,Defender,24,1748,0.0,0.3038,0.0,0.3038,2.0,3.1483,6.0,16.0,6.1799,3.2834,0.0,0.0156,0.103,0.1621,0.3089,0.8238,0.3182,0.1691,understat
8831,Iyenoma Destiny Udogie,2023-2024,ENG-Premier League,Tottenham,D,Defender,28,2437,2.0,2.8139,2.0,2.8139,3.0,2.5504,9.0,24.0,14.849,10.9066,0.0739,0.1039,0.1108,0.0942,0.3324,0.8863,0.5484,0.4028,understat
8286,Jack Robinson,2023-2024,ENG-Premier League,Sheffield United,D S,Defender,34,2885,1.0,1.5117,1.0,1.5117,1.0,1.0875,14.0,12.0,3.8668,2.7258,0.0312,0.0472,0.0312,0.0339,0.4367,0.3744,0.1206,0.085,understat
10012,Jakub Kiwior,2023-2024,ENG-Premier League,Arsenal,D S,Defender,20,953,1.0,1.1962,1.0,1.1962,3.0,0.908,6.0,6.0,5.1801,3.9906,0.0944,0.113,0.2833,0.0858,0.5666,0.5666,0.4892,0.3769,understat
766,Jamaal Lascelles,2023-2024,ENG-Premier League,Newcastle United,D S,Defender,16,1072,1.0,1.0759,1.0,1.0759,0.0,0.0364,6.0,2.0,3.6167,3.5107,0.084,0.0903,0.0,0.0031,0.5037,0.1679,0.3036,0.2947,understat
1665,James Tarkowski,2023-2024,ENG-Premier League,Everton,D,Defender,38,3420,1.0,3.3439,1.0,3.3439,1.0,2.9576,25.0,21.0,6.7665,6.1929,0.0263,0.088,0.0263,0.0778,0.6579,0.5526,0.1781,0.163,understat
10187,Jarell Quansah,2023-2024,ENG-Premier League,Liverpool,D S,Defender,17,1182,2.0,1.4267,2.0,1.4267,0.0,0.0755,6.0,3.0,7.2042,7.1498,0.1523,0.1086,0.0,0.0058,0.4569,0.2284,0.5485,0.5444,understat
8476,Jarrad Branthwaite,2023-2024,ENG-Premier League,Everton,D,Defender,35,3122,3.0,1.9109,3.0,1.9109,0.0,0.932,14.0,4.0,6.3218,6.2613,0.0865,0.0551,0.0,0.0269,0.4036,0.1153,0.1822,0.1805,understat
6314,Joachim Andersen,2023-2024,ENG-Premier League,Crystal Palace,D,Defender,38,3420,2.0,2.4441,2.0,2.4441,3.0,2.8891,21.0,21.0,10.2974,9.6245,0.0526,0.0643,0.0789,0.076,0.5526,0.5526,0.271,0.2533,understat
332,Joel Matip,2023-2024,ENG-Premier League,Liverpool,D S,Defender,10,798,0.0,0.5548,0.0,0.5548,0.0,0.0491,5.0,2.0,4.6628,4.6357,0.0,0.0626,0.0,0.0055,0.5639,0.2256,0.5259,0.5228,understat
510,Joel Ward,2023-2024,ENG-Premier League,Crystal Palace,D S,Defender,26,1985,0.0,0.7851,0.0,0.7851,1.0,0.0966,10.0,2.0,5.3412,5.2441,0.0,0.0356,0.0453,0.0044,0.4534,0.0907,0.2422,0.2378,understat
7703,John Egan,2023-2024,ENG-Premier League,Sheffield United,D,Defender,6,491,0.0,0.2384,0.0,0.2384,0.0,0.0,3.0,0.0,0.3854,0.2653,0.0,0.0437,0.0,0.0,0.5499,0.0,0.0706,0.0486,understat
807,Jonny Evans,2023-2024,ENG-Premier League,Manchester United,D S,Defender,23,1399,0.0,0.0818,0.0,0.0818,1.0,0.7122,1.0,6.0,3.1127,3.0841,0.0,0.0053,0.0643,0.0458,0.0643,0.386,0.2002,0.1984,understat
9790,Josko Gvardiol,2023-2024,ENG-Premier League,Manchester City,D S,Defender,28,2335,4.0,3.0818,4.0,3.0818,1.0,2.1156,32.0,19.0,18.2447,14.9947,0.1542,0.1188,0.0385,0.0815,1.2334,0.7323,0.7032,0.578,understat
8780,Joël Veltman,2023-2024,ENG-Premier League,Brighton,D S,Defender,27,1549,1.0,0.7445,1.0,0.7445,1.0,0.5223,6.0,4.0,3.6865,3.0875,0.0581,0.0433,0.0581,0.0303,0.3486,0.2324,0.2142,0.1794,understat
5973,Kenny Tete,2023-2024,ENG-Premier League,Fulham,D S,Defender,14,880,1.0,1.1782,1.0,1.1782,0.0,0.1615,4.0,3.0,1.805,1.7335,0.1023,0.1205,0.0,0.0165,0.4091,0.3068,0.1846,0.1773,understat
652,Kieran Trippier,2023-2024,ENG-Premier League,Newcastle United,D S,Defender,28,2255,1.0,0.6469,1.0,0.6469,10.0,8.5928,8.0,66.0,13.8761,10.3657,0.0399,0.0258,0.3991,0.343,0.3193,2.6341,0.5538,0.4137,understat
6722,Konstantinos Mavropanos,2023-2024,ENG-Premier League,West Ham,D S,Defender,19,1490,1.0,0.8723,1.0,0.8723,0.0,0.1038,12.0,2.0,1.4042,1.1599,0.0604,0.0527,0.0,0.0063,0.7248,0.1208,0.0848,0.0701,understat
8852,Konstantinos Tsimikas,2023-2024,ENG-Premier League,Liverpool,D S,Defender,13,667,0.0,0.0927,0.0,0.0927,3.0,1.1678,3.0,16.0,2.0154,1.7747,0.0,0.0125,0.4048,0.1576,0.4048,2.1589,0.2719,0.2395,understat
9677,Kristoffer Ajer,2023-2024,ENG-Premier League,Brentford,D S,Defender,28,1845,2.0,1.4676,2.0,1.4676,1.0,2.6008,12.0,12.0,5.7102,3.6681,0.0976,0.0716,0.0488,0.1269,0.5854,0.5854,0.2785,0.1789,understat
935,Kurt Zouma,2023-2024,ENG-Premier League,West Ham,D S,Defender,33,2849,3.0,2.3396,3.0,2.3396,0.0,0.1829,16.0,4.0,3.8446,3.7147,0.0948,0.0739,0.0,0.0058,0.5054,0.1264,0.1215,0.1173,understat
638,Kyle Walker,2023-2024,ENG-Premier League,Manchester City,D S,Defender,32,2770,0.0,0.365,0.0,0.365,4.0,3.3423,16.0,25.0,21.9983,20.0653,0.0,0.0119,0.13,0.1086,0.5199,0.8123,0.7147,0.6519,understat
10805,Levi Colwill,2023-2024,ENG-Premier League,Chelsea,D S,Defender,23,1813,1.0,0.776,1.0,0.776,1.0,1.238,11.0,7.0,8.1063,7.1556,0.0496,0.0385,0.0496,0.0615,0.5461,0.3475,0.4024,0.3552,understat
6048,Lewis Dunk,2023-2024,ENG-Premier League,Brighton,D,Defender,33,2895,3.0,2.9649,3.0,2.9649,1.0,1.1697,34.0,13.0,13.5932,13.5295,0.0933,0.0922,0.0311,0.0364,1.057,0.4041,0.4226,0.4206,understat
10216,Lewis Hall,2023-2024,ENG-Premier League,Newcastle United,D S,Defender,18,748,1.0,0.416,1.0,0.416,0.0,0.3011,11.0,3.0,6.0094,5.4468,0.1203,0.0501,0.0,0.0362,1.3235,0.361,0.7231,0.6554,understat
10802,Lisandro Martínez,2023-2024,ENG-Premier League,Manchester United,D S,Defender,11,656,0.0,0.0,0.0,0.0,1.0,0.0477,0.0,3.0,2.1589,2.1222,0.0,0.0,0.1372,0.0065,0.0,0.4116,0.2962,0.2912,understat
8090,Lloyd Kelly,2023-2024,ENG-Premier League,Bournemouth,D S,Defender,23,1567,0.0,0.3132,0.0,0.3132,1.0,1.6467,4.0,9.0,5.7339,4.1447,0.0,0.018,0.0574,0.0946,0.2297,0.5169,0.3293,0.238,understat
8973,Lorenz Assignon,2023-2024,ENG-Premier League,Burnley,D,Defender,15,1249,1.0,0.4086,1.0,0.4086,2.0,2.0752,9.0,13.0,3.95,3.1916,0.0721,0.0294,0.1441,0.1495,0.6485,0.9367,0.2846,0.23,understat
6557,Louis Beyer,2023-2024,ENG-Premier League,Burnley,D,Defender,15,1252,0.0,0.4269,0.0,0.4269,1.0,0.4111,5.0,3.0,1.9058,1.5169,0.0,0.0307,0.0719,0.0296,0.3594,0.2157,0.137,0.109,understat
1823,Lucas Digne,2023-2024,ENG-Premier League,Aston Villa,D S,Defender,33,2406,1.0,1.2979,1.0,1.2979,3.0,2.9301,20.0,37.0,10.5797,9.2271,0.0374,0.0485,0.1122,0.1096,0.7481,1.384,0.3958,0.3452,understat
1006,Luke Shaw,2023-2024,ENG-Premier League,Manchester United,D,Defender,12,976,0.0,0.0713,0.0,0.0713,0.0,0.9541,2.0,13.0,2.1877,1.9798,0.0,0.0066,0.0,0.088,0.1844,1.1988,0.2017,0.1826,understat
9685,Mads Roerslev,2023-2024,ENG-Premier League,Brentford,D S,Defender,34,2009,1.0,1.1281,1.0,1.1281,2.0,2.0648,7.0,15.0,6.2867,4.3782,0.0448,0.0505,0.0896,0.0925,0.3136,0.672,0.2816,0.1961,understat
9017,Malo Gusto,2023-2024,ENG-Premier League,Chelsea,D S,Defender,27,1754,0.0,1.7005,0.0,1.7005,6.0,5.5073,15.0,32.0,14.0419,10.5857,0.0,0.0873,0.3079,0.2826,0.7697,1.642,0.7205,0.5432,understat
7134,Marc Cucurella,2023-2024,ENG-Premier League,Chelsea,D S,Defender,21,1788,0.0,1.4539,0.0,1.4539,2.0,1.2546,8.0,19.0,12.1024,10.0917,0.0,0.0732,0.1007,0.0631,0.4027,0.9564,0.6092,0.508,understat
10864,Marcos Senesi,2023-2024,ENG-Premier League,Bournemouth,D S,Defender,31,2253,4.0,2.3659,4.0,2.3659,5.0,1.8849,13.0,22.0,8.6644,7.6998,0.1598,0.0945,0.1997,0.0753,0.5193,0.8788,0.3461,0.3076,understat
985,Mason Holgate,2023-2024,ENG-Premier League,Sheffield United,D S,Defender,10,718,0.0,0.9261,0.0,0.9261,0.0,0.4414,3.0,1.0,1.0847,0.6432,0.0,0.1161,0.0,0.0553,0.376,0.1253,0.136,0.0806,understat
7688,Max Aarons,2023-2024,ENG-Premier League,Bournemouth,D S,Defender,20,1219,0.0,0.0476,0.0,0.0476,1.0,0.8765,2.0,7.0,3.9604,3.3972,0.0,0.0035,0.0738,0.0647,0.1477,0.5168,0.2924,0.2508,understat
7332,Max Kilman,2023-2024,ENG-Premier League,Wolverhampton Wanderers,D,Defender,38,3420,2.0,2.5982,2.0,2.5982,0.0,1.1397,14.0,17.0,9.354,8.8747,0.0526,0.0684,0.0,0.03,0.3684,0.4474,0.2462,0.2335,understat
8918,Max Lowe,2023-2024,ENG-Premier League,Sheffield United,D S,Defender,10,499,0.0,0.9398,0.0,0.9398,0.0,0.013,2.0,1.0,1.8408,0.888,0.0,0.1695,0.0,0.0023,0.3607,0.1804,0.332,0.1602,understat
9487,Maxime Estève,2023-2024,ENG-Premier League,Burnley,D S,Defender,16,1314,0.0,0.2406,0.0,0.2406,0.0,0.0126,7.0,1.0,1.9057,1.8651,0.0,0.0165,0.0,0.0009,0.4795,0.0685,0.1305,0.1277,understat
10050,Micky van de Ven,2023-2024,ENG-Premier League,Tottenham,D,Defender,27,2345,3.0,0.9709,3.0,0.9709,0.0,0.0354,8.0,1.0,10.6059,10.423,0.1151,0.0373,0.0,0.0014,0.307,0.0384,0.407,0.4,understat
5989,Moussa Niakhate,2023-2024,ENG-Premier League,Nottingham Forest,D S,Defender,21,1446,1.0,1.1667,1.0,1.1667,0.0,0.0979,5.0,3.0,5.4206,5.3379,0.0622,0.0726,0.0,0.0061,0.3112,0.1867,0.3374,0.3322,understat
12123,Murillo,2023-2024,ENG-Premier League,Nottingham Forest,D,Defender,32,2813,0.0,1.6653,0.0,1.6653,2.0,1.2171,17.0,8.0,8.4851,7.4332,0.0,0.0533,0.064,0.0389,0.5439,0.256,0.2715,0.2378,understat
6935,Naif Aguerd,2023-2024,ENG-Premier League,West Ham,D,Defender,21,1871,1.0,1.6547,1.0,1.6547,0.0,0.2852,14.0,4.0,3.5053,3.4665,0.0481,0.0796,0.0,0.0137,0.6734,0.1924,0.1686,0.1667,understat
579,Nathan Aké,2023-2024,ENG-Premier League,Manchester City,D S,Defender,29,2046,2.0,2.1801,2.0,2.1801,2.0,1.7368,20.0,10.0,13.1956,12.0823,0.088,0.0959,0.088,0.0764,0.8798,0.4399,0.5804,0.5315,understat
9733,Nathan Collins,2023-2024,ENG-Premier League,Brentford,D S,Defender,32,2647,1.0,1.9631,1.0,1.9631,1.0,2.0567,10.0,11.0,7.0918,4.6298,0.034,0.0667,0.034,0.0699,0.34,0.374,0.2411,0.1574,understat
10292,Nathan Patterson,2023-2024,ENG-Premier League,Everton,D S,Defender,20,979,0.0,0.4521,0.0,0.4521,2.0,1.6168,4.0,8.0,5.1343,3.8557,0.0,0.0416,0.1839,0.1486,0.3677,0.7354,0.472,0.3545,understat
603,Nathaniel Clyne,2023-2024,ENG-Premier League,Crystal Palace,D S,Defender,19,1341,0.0,0.1828,0.0,0.1828,0.0,0.1502,4.0,3.0,3.2895,3.01,0.0,0.0123,0.0,0.0101,0.2685,0.2013,0.2208,0.202,understat
725,Ola Aina,2023-2024,ENG-Premier League,Nottingham Forest,D S,Defender,22,1730,1.0,0.2965,1.0,0.2965,1.0,0.7308,11.0,11.0,6.0022,5.2371,0.052,0.0154,0.052,0.038,0.5723,0.5723,0.3123,0.2724,understat
2958,Oleksandr Zinchenko,2023-2024,ENG-Premier League,Arsenal,D S,Defender,27,1742,1.0,0.5665,1.0,0.5665,2.0,3.0264,17.0,29.0,9.7552,8.133,0.0517,0.0293,0.1033,0.1564,0.8783,1.4983,0.504,0.4202,understat
6221,Pau Torres,2023-2024,ENG-Premier League,Aston Villa,D S,Defender,29,2467,2.0,1.5309,2.0,1.5309,0.0,0.6227,12.0,8.0,12.1395,11.8843,0.073,0.0558,0.0,0.0227,0.4378,0.2919,0.4429,0.4336,understat
6912,Pedro Porro,2023-2024,ENG-Premier League,Tottenham,D,Defender,35,3101,3.0,2.8351,3.0,2.8351,7.0,7.2852,53.0,52.0,20.2358,15.7942,0.0871,0.0823,0.2032,0.2114,1.5382,1.5092,0.5873,0.4584,understat
2245,Raphael Varane,2023-2024,ENG-Premier League,Manchester United,D S,Defender,22,1374,1.0,1.156,1.0,1.156,0.0,0.081,8.0,1.0,4.3226,3.4524,0.0655,0.0757,0.0,0.0053,0.524,0.0655,0.2831,0.2261,understat
1771,Reece Burke,2023-2024,ENG-Premier League,Luton,D S,Defender,22,1691,0.0,2.1645,0.0,2.1645,4.0,2.3214,13.0,13.0,4.1444,3.8681,0.0,0.1152,0.2129,0.1236,0.6919,0.6919,0.2206,0.2059,understat
7277,Ryan John Giles,2023-2024,ENG-Premier League,Luton,D S,Defender,11,492,0.0,0.1471,0.0,0.1471,0.0,0.2261,2.0,5.0,0.7448,0.5261,0.0,0.0269,0.0,0.0414,0.3659,0.9146,0.1362,0.0962,understat
8961,Rúben Dias,2023-2024,ENG-Premier League,Manchester City,D S,Defender,30,2552,0.0,1.8281,0.0,1.8281,0.0,0.6005,20.0,7.0,16.811,16.4585,0.0,0.0645,0.0,0.0212,0.7053,0.2469,0.5929,0.5804,understat
7069,Saman Ghoddos,2023-2024,ENG-Premier League,Brentford,D S,Defender,19,701,1.0,0.3021,1.0,0.3021,0.0,1.0297,9.0,10.0,2.3262,2.0678,0.1284,0.0388,0.0,0.1322,1.1555,1.2839,0.2987,0.2655,understat
10945,Santiago Bueno,2023-2024,ENG-Premier League,Wolverhampton Wanderers,D S,Defender,12,817,0.0,0.0,0.0,0.0,0.0,0.1909,0.0,2.0,2.1081,1.9347,0.0,0.0,0.0,0.021,0.0,0.2203,0.2322,0.2131,understat
585,Seamus Coleman,2023-2024,ENG-Premier League,Everton,D S,Defender,12,654,0.0,0.0,0.0,0.0,0.0,0.8893,0.0,3.0,2.3442,1.4549,0.0,0.0,0.0,0.1224,0.0,0.4128,0.3226,0.2002,understat
3600,Serge Aurier,2023-2024,ENG-Premier League,Nottingham Forest,D S,Defender,12,843,0.0,0.2043,0.0,0.2043,2.0,0.6003,6.0,3.0,2.7419,2.1127,0.0,0.0218,0.2135,0.0641,0.6406,0.3203,0.2927,0.2256,understat
7187,Sergio Reguilón,2023-2024,ENG-Premier League,"Brentford,Manchester United",D S,Defender,25,1539,0.0,1.1774,0.0,1.1774,4.0,3.6385,17.0,28.0,6.4599,3.6085,0.0,0.0689,0.2339,0.2128,0.9942,1.6374,0.3778,0.211,understat
8635,Sven Botman,2023-2024,ENG-Premier League,Newcastle United,D S,Defender,17,1383,2.0,0.9828,2.0,0.9828,2.0,1.1396,10.0,5.0,5.5311,5.5311,0.1302,0.064,0.1302,0.0742,0.6508,0.3254,0.3599,0.3599,understat
7931,Takehiro Tomiyasu,2023-2024,ENG-Premier League,Arsenal,D S,Defender,22,1106,2.0,1.6189,2.0,1.6189,1.0,0.5924,17.0,6.0,3.8184,3.4135,0.1627,0.1317,0.0814,0.0482,1.3834,0.4882,0.3107,0.2778,understat
12073,Teden Mengi,2023-2024,ENG-Premier League,Luton,D S,Defender,30,2465,1.0,0.6794,1.0,0.6794,0.0,0.3481,11.0,6.0,3.3291,2.9839,0.0365,0.0248,0.0,0.0127,0.4016,0.2191,0.1216,0.1089,understat
3288,Thiago Silva,2023-2024,ENG-Premier League,Chelsea,D S,Defender,31,2530,3.0,0.7915,3.0,0.7915,1.0,1.4041,14.0,9.0,14.3034,14.1903,0.1067,0.0282,0.0356,0.0499,0.498,0.3202,0.5088,0.5048,understat
7184,Tim Ream,2023-2024,ENG-Premier League,Fulham,D S,Defender,18,1513,1.0,0.9608,1.0,0.9608,0.0,0.0,1.0,0.0,4.0377,4.0377,0.0595,0.0572,0.0,0.0,0.0595,0.0,0.2402,0.2402,understat
6157,Timothy Castagne,2023-2024,ENG-Premier League,Fulham,D S,Defender,34,2627,1.0,1.3356,1.0,1.3356,3.0,1.5853,14.0,18.0,8.1714,6.2099,0.0343,0.0458,0.1028,0.0543,0.4796,0.6167,0.28,0.2127,understat
11714,Tom Lockyer,2023-2024,ENG-Premier League,Luton,D,Defender,14,1185,1.0,1.6194,1.0,1.6194,1.0,0.3758,7.0,3.0,1.8656,0.991,0.0759,0.123,0.0759,0.0285,0.5316,0.2278,0.1417,0.0753,understat
5590,Tosin Adarabioyo,2023-2024,ENG-Premier League,Fulham,D S,Defender,20,1618,2.0,0.9477,2.0,0.9477,0.0,0.1365,14.0,2.0,5.4756,5.4662,0.1112,0.0527,0.0,0.0076,0.7787,0.1112,0.3046,0.3041,understat
10293,Toti,2023-2024,ENG-Premier League,Wolverhampton Wanderers,D S,Defender,35,2789,1.0,1.6793,1.0,1.6793,3.0,1.2107,10.0,6.0,5.8637,5.5403,0.0323,0.0542,0.0968,0.0391,0.3227,0.1936,0.1892,0.1788,understat
1791,Trent Alexander-Arnold,2023-2024,ENG-Premier League,Liverpool,D S,Defender,28,2190,3.0,2.7453,3.0,2.7453,4.0,8.3616,47.0,64.0,19.3584,14.5005,0.1233,0.1128,0.1644,0.3436,1.9315,2.6301,0.7956,0.5959,understat
6615,Trevoh Chalobah,2023-2024,ENG-Premier League,Chelsea,D S,Defender,13,944,1.0,0.3591,1.0,0.3591,0.0,0.0749,2.0,2.0,4.4172,4.4172,0.0953,0.0342,0.0,0.0071,0.1907,0.1907,0.4211,0.4211,understat
8214,Tyrick Mitchell,2023-2024,ENG-Premier League,Crystal Palace,D,Defender,37,3221,2.0,2.2116,2.0,2.2116,3.0,3.6366,12.0,24.0,12.8684,8.858,0.0559,0.0618,0.0838,0.1016,0.3353,0.6706,0.3596,0.2475,understat
9512,Valentino Livramento,2023-2024,ENG-Premier League,Newcastle United,D S,Defender,26,1275,1.0,0.961,1.0,0.961,0.0,1.0809,4.0,12.0,6.6417,5.2654,0.0706,0.0678,0.0,0.0763,0.2824,0.8471,0.4688,0.3717,understat
6080,Victor Lindelöf,2023-2024,ENG-Premier League,Manchester United,D S,Defender,19,1340,1.0,0.4308,1.0,0.4308,1.0,0.2853,6.0,8.0,3.8621,3.6493,0.0672,0.0289,0.0672,0.0192,0.403,0.5373,0.2594,0.2451,understat
833,Virgil van Dijk,2023-2024,ENG-Premier League,Liverpool,D,Defender,36,3177,2.0,3.3,2.0,3.3,2.0,1.8631,45.0,11.0,18.085,17.5979,0.0567,0.0935,0.0567,0.0528,1.2748,0.3116,0.5123,0.4985,understat
10291,Vitalii Mykolenko,2023-2024,ENG-Premier League,Everton,D,Defender,28,2482,2.0,1.9086,2.0,1.9086,0.0,1.2465,26.0,13.0,7.1356,5.5071,0.0725,0.0692,0.0,0.0452,0.9428,0.4714,0.2587,0.1997,understat
8965,Vladimir Coufal,2023-2024,ENG-Premier League,West Ham,D,Defender,36,3153,0.0,0.2855,0.0,0.2855,7.0,4.3009,8.0,33.0,10.1067,6.9674,0.0,0.0081,0.1998,0.1228,0.2284,0.942,0.2885,0.1989,understat
6888,William Saliba,2023-2024,ENG-Premier League,Arsenal,D,Defender,38,3420,2.0,2.3672,2.0,2.3672,1.0,0.2489,10.0,6.0,16.6318,16.4348,0.0526,0.0623,0.0263,0.0066,0.2632,0.1579,0.4377,0.4325,understat
6850,Willy Boly,2023-2024,ENG-Premier League,Nottingham Forest,D S,Defender,20,1461,2.0,1.4704,2.0,1.4704,1.0,1.3754,14.0,8.0,4.1247,3.0947,0.1232,0.0906,0.0616,0.0847,0.8624,0.4928,0.2541,0.1906,understat
10041,Yasser Larouci,2023-2024,ENG-Premier League,Sheffield United,D S,Defender,11,531,0.0,0.2588,0.0,0.2588,0.0,0.3103,6.0,2.0,1.0105,0.4533,0.0,0.0439,0.0,0.0526,1.0169,0.339,0.1713,0.0768,understat
6030,Zanka,2023-2024,ENG-Premier League,Brentford,D S,Defender,14,1082,1.0,0.6,1.0,0.6,0.0,0.95,8.0,6.0,4.571,3.7046,0.0832,0.0499,0.0,0.079,0.6654,0.4991,0.3802,0.3081,understat
4120,Álex Moreno,2023-2024,ENG-Premier League,Aston Villa,D S,Defender,21,1033,2.0,1.4438,2.0,1.4438,0.0,1.1591,8.0,11.0,6.8725,4.5889,0.1742,0.1258,0.0,0.101,0.697,0.9584,0.5988,0.3998,understat
5232,Alexander Isak,2023-2024,ENG-Premier League,Newcastle United,F S,Forward,30,2305,21.0,22.0743,16.0,17.5073,2.0,3.652,78.0,27.0,24.0412,5.7548,0.82,0.8619,0.0781,0.1426,3.0456,1.0542,0.9387,0.2247,understat
8384,Armando Broja,2023-2024,ENG-Premier League,"Chelsea,Fulham",F S,Forward,21,500,1.0,2.4893,1.0,2.4893,1.0,0.7394,13.0,4.0,4.2335,1.6499,0.18,0.4481,0.18,0.1331,2.34,0.72,0.762,0.297,understat
9983,Beto,2023-2024,ENG-Premier League,Everton,F S,Forward,30,898,3.0,7.1669,3.0,6.4058,0.0,1.1942,43.0,11.0,7.3526,1.0006,0.3007,0.7183,0.0,0.1197,4.3096,1.1024,0.7369,0.1003,understat
6552,Bryan Mbeumo,2023-2024,ENG-Premier League,Brentford,F S,Forward,25,1954,9.0,9.1584,6.0,6.8749,6.0,5.1402,53.0,32.0,15.156,6.1239,0.4145,0.4218,0.2764,0.2368,2.4411,1.4739,0.6981,0.2821,understat
7322,Bukayo Saka,2023-2024,ENG-Premier League,Arsenal,F,Forward,35,2990,16.0,16.8071,10.0,12.24,8.0,11.326,107.0,89.0,30.3576,13.2286,0.4816,0.5059,0.2408,0.3409,3.2207,2.6789,0.9138,0.3982,understat
468,Callum Wilson,2023-2024,ENG-Premier League,Newcastle United,F S,Forward,20,963,9.0,10.1245,7.0,8.6022,1.0,0.9339,35.0,8.0,10.5477,1.8611,0.8411,0.9462,0.0935,0.0873,3.271,0.7477,0.9858,0.1739,understat
4456,Chris Wood,2023-2024,ENG-Premier League,Nottingham Forest,F S,Forward,31,1797,14.0,13.3643,14.0,13.3643,1.0,1.987,48.0,22.0,15.3454,0.9164,0.7012,0.6693,0.0501,0.0995,2.404,1.1018,0.7685,0.0459,understat
10720,Darwin Núñez,2023-2024,ENG-Premier League,Liverpool,F S,Forward,36,2037,11.0,19.1879,11.0,18.4267,8.0,5.9505,108.0,33.0,25.0786,5.3132,0.486,0.8478,0.3535,0.2629,4.7717,1.458,1.108,0.2348,understat
11295,David Datro Fofana,2023-2024,ENG-Premier League,Burnley,F S,Forward,15,876,4.0,4.0293,4.0,4.0293,1.0,1.4944,19.0,8.0,4.7703,0.4159,0.411,0.414,0.1027,0.1535,1.9521,0.8219,0.4901,0.0427,understat
6854,Diogo Jota,2023-2024,ENG-Premier League,Liverpool,F S,Forward,21,1164,10.0,6.7247,10.0,6.7247,3.0,3.1965,41.0,23.0,12.2898,5.3139,0.7732,0.5199,0.232,0.2472,3.1701,1.7784,0.9502,0.4109,understat
5555,Dominic Calvert-Lewin,2023-2024,ENG-Premier League,Everton,F S,Forward,32,2234,7.0,13.6273,5.0,12.105,2.0,3.0684,73.0,19.0,11.615,1.8353,0.282,0.549,0.0806,0.1236,2.9409,0.7654,0.4679,0.0739,understat
1679,Dominic Solanke,2023-2024,ENG-Premier League,Bournemouth,F S,Forward,38,3346,19.0,21.4068,17.0,19.1233,3.0,3.5437,109.0,39.0,22.588,4.0801,0.5111,0.5758,0.0807,0.0953,2.9319,1.049,0.6076,0.1097,understat
6482,Eddie Nketiah,2023-2024,ENG-Premier League,Arsenal,F S,Forward,27,1036,5.0,5.0574,5.0,5.0574,2.0,1.2096,38.0,9.0,5.8511,0.9911,0.4344,0.4394,0.1737,0.1051,3.3012,0.7819,0.5083,0.0861,understat
8260,Erling Haaland,2023-2024,ENG-Premier League,Manchester City,F S,Forward,31,2581,27.0,31.654,20.0,25.5646,5.0,4.7518,122.0,29.0,30.1973,3.1286,0.9415,1.1038,0.1744,0.1657,4.2542,1.0112,1.053,0.1091,understat
10177,Evan Ferguson,2023-2024,ENG-Premier League,Brighton,F S,Forward,27,1364,6.0,3.9661,6.0,3.9661,0.0,0.6512,33.0,6.0,6.8688,2.4843,0.3959,0.2617,0.0,0.043,2.1774,0.3959,0.4532,0.1639,understat
5543,Gabriel Jesus,2023-2024,ENG-Premier League,Arsenal,F S,Forward,27,1496,4.0,7.2917,4.0,7.2917,5.0,4.2355,55.0,28.0,15.0548,5.2104,0.2406,0.4387,0.3008,0.2548,3.3088,1.6845,0.9057,0.3135,understat
7752,Gabriel Martinelli,2023-2024,ENG-Premier League,Arsenal,F S,Forward,35,2056,6.0,7.1197,6.0,7.1197,4.0,5.3229,58.0,46.0,16.809,6.6383,0.2626,0.3117,0.1751,0.233,2.5389,2.0136,0.7358,0.2906,understat
998,Ivan Toney,2023-2024,ENG-Premier League,Brentford,F S,Forward,17,1447,4.0,7.1327,4.0,7.1327,2.0,2.1862,51.0,13.0,7.6502,1.1057,0.2488,0.4436,0.1244,0.136,3.1721,0.8086,0.4758,0.0688,understat
844,Jay Rodriguez,2023-2024,ENG-Premier League,Burnley,F S,Forward,21,781,2.0,4.6218,1.0,3.8606,1.0,0.1711,22.0,4.0,3.9883,0.8827,0.2305,0.5326,0.1152,0.0197,2.5352,0.4609,0.4596,0.1017,understat
5735,Jean-Philippe Mateta,2023-2024,ENG-Premier League,Crystal Palace,F S,Forward,35,2303,16.0,12.2905,14.0,10.7682,5.0,3.5271,46.0,32.0,15.4863,2.8522,0.6253,0.4803,0.1954,0.1378,1.7977,1.2505,0.6052,0.1115,understat
10809,Keane Lewis-Potter,2023-2024,ENG-Premier League,Brentford,D F S,Forward,30,1432,3.0,8.5818,3.0,8.5818,1.0,1.6147,43.0,13.0,9.345,1.2588,0.1885,0.5394,0.0628,0.1015,2.7025,0.817,0.5873,0.0791,understat
10408,Luis Díaz,2023-2024,ENG-Premier League,Liverpool,F S,Forward,37,2706,8.0,12.8646,8.0,12.8646,5.0,6.4822,94.0,64.0,24.4267,10.309,0.2661,0.4279,0.1663,0.2156,3.1264,2.1286,0.8124,0.3429,understat
531,Michail Antonio,2023-2024,ENG-Premier League,West Ham,F S,Forward,26,1775,6.0,6.0257,6.0,6.0257,2.0,1.5593,30.0,9.0,8.234,2.5249,0.3042,0.3055,0.1014,0.0791,1.5211,0.4563,0.4175,0.128,understat
7420,Miguel Almirón,2023-2024,ENG-Premier League,Newcastle United,F S,Forward,33,1967,3.0,5.1326,3.0,5.1326,1.0,3.0762,41.0,25.0,12.225,5.6061,0.1373,0.2348,0.0458,0.1408,1.876,1.1439,0.5594,0.2565,understat
1250,Mohamed Salah,2023-2024,ENG-Premier League,Liverpool,F S,Forward,32,2556,18.0,21.9413,13.0,16.6132,10.0,12.332,114.0,66.0,31.8751,8.3636,0.6338,0.7726,0.3521,0.4342,4.0141,2.3239,1.1224,0.2945,understat
3621,Neal Maupay,2023-2024,ENG-Premier League,"Brentford,Everton",F S,Forward,31,1381,6.0,7.2302,6.0,7.2302,3.0,2.3826,42.0,16.0,11.5934,3.0282,0.391,0.4712,0.1955,0.1553,2.7371,1.0427,0.7555,0.1973,understat
1736,Oliver McBurnie,2023-2024,ENG-Premier League,Sheffield United,F S,Forward,21,1290,6.0,7.4297,4.0,5.9074,3.0,2.1916,33.0,12.0,6.9926,2.8918,0.4186,0.5184,0.2093,0.1529,2.3023,0.8372,0.4879,0.2018,understat
8865,Ollie Watkins,2023-2024,ENG-Premier League,Aston Villa,F,Forward,37,3250,19.0,19.2646,19.0,19.2646,13.0,7.7457,106.0,45.0,29.2294,5.8996,0.5262,0.5335,0.36,0.2145,2.9354,1.2462,0.8094,0.1634,understat
11055,Rasmus Højlund,2023-2024,ENG-Premier League,Manchester United,F S,Forward,30,2210,10.0,9.3389,10.0,9.3389,2.0,1.7795,38.0,28.0,11.4633,2.9498,0.4072,0.3803,0.0814,0.0725,1.5475,1.1403,0.4668,0.1201,understat
4105,Raúl Jiménez,2023-2024,ENG-Premier League,Fulham,F S,Forward,24,1423,7.0,5.9901,7.0,5.9901,0.0,1.6924,41.0,11.0,7.9017,1.737,0.4427,0.3789,0.0,0.107,2.5931,0.6957,0.4998,0.1099,understat
10717,Rodrigo Muniz,2023-2024,ENG-Premier League,Fulham,F S,Forward,26,1602,9.0,8.4819,9.0,8.4819,1.0,1.3884,72.0,16.0,9.7555,2.1016,0.5056,0.4765,0.0562,0.078,4.0449,0.8989,0.5481,0.1181,understat
7814,Taiwo Awoniyi,2023-2024,ENG-Premier League,Nottingham Forest,F S,Forward,20,1066,6.0,5.0609,6.0,5.0609,3.0,1.6294,22.0,10.0,6.0607,1.55,0.5066,0.4273,0.2533,0.1376,1.8574,0.8443,0.5117,0.1309,understat
9556,William Osula,2023-2024,ENG-Premier League,Sheffield United,F S,Forward,21,769,0.0,2.0723,0.0,2.0723,0.0,0.0988,21.0,1.0,2.0561,0.1623,0.0,0.2425,0.0,0.0116,2.4577,0.117,0.2406,0.019,understat
5786,Yoane Wissa,2023-2024,ENG-Premier League,Brentford,F S,Forward,34,2556,12.0,11.17,12.0,11.17,3.0,3.8285,67.0,29.0,16.3684,4.5876,0.4225,0.3933,0.1056,0.1348,2.3592,1.0211,0.5764,0.1615,understat
9913,Aaron Ramsey,2023-2024,ENG-Premier League,Burnley,M S,Midfielder,14,516,0.0,0.402,0.0,0.402,0.0,0.3915,6.0,1.0,1.2944,0.5336,0.0,0.0701,0.0,0.0683,1.0465,0.1744,0.2258,0.0931,understat
1726,Abdoulaye Doucouré,2023-2024,ENG-Premier League,Everton,M,Midfielder,32,2678,7.0,10.2044,7.0,10.2044,1.0,2.5527,47.0,33.0,13.3375,5.2249,0.2353,0.3429,0.0336,0.0858,1.5795,1.109,0.4482,0.1756,understat
486,Adam Lallana,2023-2024,ENG-Premier League,Brighton,M S,Midfielder,25,875,0.0,0.7642,0.0,0.7642,1.0,1.4912,11.0,15.0,4.8253,2.9767,0.0,0.0786,0.1029,0.1534,1.1314,1.5429,0.4963,0.3062,understat
12409,Adam Wharton,2023-2024,ENG-Premier League,Crystal Palace,M S,Midfielder,16,1333,0.0,0.3555,0.0,0.3555,3.0,2.5563,10.0,20.0,6.3046,4.8281,0.0,0.024,0.2026,0.1726,0.6752,1.3503,0.4257,0.326,understat
9689,Albert Sambi Lokonga,2023-2024,ENG-Premier League,Luton,M S,Midfielder,17,1331,1.0,0.7532,1.0,0.7532,3.0,1.4872,8.0,9.0,4.319,3.18,0.0676,0.0509,0.2029,0.1006,0.5409,0.6086,0.292,0.215,understat
10552,Alejandro Garnacho,2023-2024,ENG-Premier League,Manchester United,M S,Midfielder,36,2601,7.0,9.8651,7.0,9.8651,4.0,5.9153,100.0,46.0,18.3698,5.97,0.2422,0.3414,0.1384,0.2047,3.4602,1.5917,0.6356,0.2066,understat
500,Alex Iwobi,2023-2024,ENG-Premier League,"Everton,Fulham",M S,Midfielder,32,2398,5.0,5.6623,5.0,5.6623,2.0,4.8108,55.0,52.0,16.5454,8.5415,0.1877,0.2125,0.0751,0.1806,2.0642,1.9516,0.621,0.3206,understat
12149,Alex Scott,2023-2024,ENG-Premier League,Bournemouth,M S,Midfielder,23,997,1.0,0.6421,1.0,0.6421,1.0,2.0708,15.0,22.0,4.8182,2.6249,0.0903,0.058,0.0903,0.1869,1.3541,1.986,0.4349,0.237,understat
8379,Alexis Mac Allister,2023-2024,ENG-Premier League,Liverpool,M S,Midfielder,33,2661,5.0,3.999,4.0,3.2378,5.0,3.5781,44.0,47.0,22.7139,18.1867,0.1691,0.1353,0.1691,0.121,1.4882,1.5896,0.7682,0.6151,understat
9667,Amadou Onana,2023-2024,ENG-Premier League,Everton,M S,Midfielder,30,2093,2.0,2.5534,2.0,2.5534,0.0,2.4139,29.0,18.0,10.6765,8.9926,0.086,0.1098,0.0,0.1038,1.247,0.774,0.4591,0.3867,understat
11731,Andre Brooks,2023-2024,ENG-Premier League,Sheffield United,D M S,Midfielder,20,948,0.0,0.4945,0.0,0.4945,0.0,0.0924,9.0,3.0,1.295,0.9438,0.0,0.0469,0.0,0.0088,0.8544,0.2848,0.1229,0.0896,understat
922,Andreas Pereira,2023-2024,ENG-Premier League,Fulham,M S,Midfielder,37,2756,3.0,5.1559,3.0,5.1559,7.0,6.918,52.0,83.0,15.4765,7.7263,0.098,0.1684,0.2286,0.2259,1.6981,2.7104,0.5054,0.2523,understat
2383,André Gomes,2023-2024,ENG-Premier League,Everton,M S,Midfielder,12,476,1.0,0.3153,1.0,0.3153,0.0,0.2602,8.0,3.0,1.3486,0.9296,0.1891,0.0596,0.0,0.0492,1.5126,0.5672,0.255,0.1758,understat
11363,Antoine Semenyo,2023-2024,ENG-Premier League,Bournemouth,M S,Midfielder,33,2141,8.0,6.4238,8.0,6.4238,2.0,3.7997,70.0,29.0,15.4108,5.7127,0.3363,0.27,0.0841,0.1597,2.9426,1.2191,0.6478,0.2401,understat
11094,Antony,2023-2024,ENG-Premier League,Manchester United,M S,Midfielder,29,1329,1.0,3.4931,1.0,3.4931,1.0,3.4958,43.0,22.0,11.481,6.4548,0.0677,0.2366,0.0677,0.2367,2.912,1.4898,0.7775,0.4371,understat
631,Ashley Young,2023-2024,ENG-Premier League,Everton,D M S,Midfielder,31,2305,0.0,0.5671,0.0,0.5671,0.0,2.4731,13.0,21.0,6.8035,5.16,0.0,0.0221,0.0,0.0966,0.5076,0.82,0.2656,0.2015,understat
6424,Ben Johnson,2023-2024,ENG-Premier League,West Ham,D M S,Midfielder,14,509,0.0,0.2155,0.0,0.2155,0.0,0.0,6.0,0.0,0.6862,0.5518,0.0,0.0381,0.0,0.0,1.0609,0.0,0.1213,0.0976,understat
7714,Ben Osborn,2023-2024,ENG-Premier League,Sheffield United,D M S,Midfielder,24,1343,0.0,0.1791,0.0,0.1791,2.0,1.0759,4.0,13.0,3.0705,2.0452,0.0,0.012,0.134,0.0721,0.2681,0.8712,0.2058,0.1371,understat
3635,Bernardo Silva,2023-2024,ENG-Premier League,Manchester City,M S,Midfielder,33,2599,6.0,4.0968,6.0,4.0968,9.0,8.5285,34.0,65.0,24.3721,15.5773,0.2078,0.1419,0.3117,0.2953,1.1774,2.2509,0.844,0.5394,understat
7988,Billy Gilmour,2023-2024,ENG-Premier League,Brighton,M S,Midfielder,30,2154,0.0,0.7287,0.0,0.7287,1.0,2.0903,25.0,22.0,17.7468,16.257,0.0,0.0304,0.0418,0.0873,1.0446,0.9192,0.7415,0.6793,understat
5789,Boubacar Kamara,2023-2024,ENG-Premier League,Aston Villa,M,Midfielder,20,1686,0.0,0.1435,0.0,0.1435,1.0,1.096,5.0,20.0,9.2304,8.4392,0.0,0.0077,0.0534,0.0585,0.2669,1.0676,0.4927,0.4505,understat
8119,Boubacar Traore,2023-2024,ENG-Premier League,Wolverhampton Wanderers,M S,Midfielder,24,760,0.0,0.2671,0.0,0.2671,0.0,0.2813,11.0,5.0,3.7886,3.4077,0.0,0.0316,0.0,0.0333,1.3026,0.5921,0.4487,0.4035,understat
8327,Bruno Guimarães,2023-2024,ENG-Premier League,Newcastle United,M,Midfielder,37,3292,7.0,4.9783,7.0,4.9783,8.0,7.8888,48.0,62.0,23.8805,18.5696,0.1914,0.1361,0.2187,0.2157,1.3123,1.695,0.6529,0.5077,understat
10527,Carlos Baleba,2023-2024,ENG-Premier League,Brighton,M S,Midfielder,27,1303,0.0,0.7727,0.0,0.7727,0.0,0.4467,21.0,8.0,5.2248,4.5491,0.0,0.0534,0.0,0.0309,1.4505,0.5526,0.3609,0.3142,understat
2248,Casemiro,2023-2024,ENG-Premier League,Manchester United,D M S,Midfielder,25,2006,1.0,3.1239,1.0,3.1239,2.0,1.3856,38.0,16.0,8.2754,6.8552,0.0449,0.1402,0.0897,0.0622,1.7049,0.7178,0.3713,0.3076,understat
8666,Cheick Oumar Doucoure,2023-2024,ENG-Premier League,Crystal Palace,M,Midfielder,11,926,0.0,0.1989,0.0,0.1989,0.0,0.7362,6.0,10.0,3.296,2.6663,0.0,0.0193,0.0,0.0715,0.5832,0.9719,0.3203,0.2591,understat
8430,Chris Richards,2023-2024,ENG-Premier League,Crystal Palace,D M S,Midfielder,26,2085,1.0,0.6396,1.0,0.6396,1.0,0.6776,11.0,6.0,5.3979,4.9869,0.0432,0.0276,0.0432,0.0292,0.4748,0.259,0.233,0.2153,understat
646,Christian Eriksen,2023-2024,ENG-Premier League,Manchester United,M S,Midfielder,22,1130,1.0,0.6886,1.0,0.6886,2.0,2.3459,13.0,27.0,5.2371,3.5704,0.0796,0.0548,0.1593,0.1868,1.0354,2.1504,0.4171,0.2844,understat
7083,Christian Nørgaard,2023-2024,ENG-Premier League,Brentford,M S,Midfielder,31,2556,2.0,3.1723,2.0,3.1723,1.0,2.9707,36.0,24.0,9.007,6.3324,0.0704,0.1117,0.0352,0.1046,1.2676,0.8451,0.3171,0.223,understat
9040,Conor Gallagher,2023-2024,ENG-Premier League,Chelsea,M,Midfielder,37,3171,5.0,4.7176,5.0,4.7176,7.0,5.7927,48.0,52.0,25.9088,18.7124,0.1419,0.1339,0.1987,0.1644,1.3623,1.4759,0.7354,0.5311,understat
6665,Curtis Jones,2023-2024,ENG-Premier League,Liverpool,M S,Midfielder,23,1152,1.0,2.4835,1.0,2.4835,1.0,0.9512,19.0,11.0,9.8325,6.7406,0.0781,0.194,0.0781,0.0743,1.4844,0.8594,0.7682,0.5266,understat
5553,Declan Rice,2023-2024,ENG-Premier League,Arsenal,M S,Midfielder,38,3256,7.0,3.1861,7.0,3.1861,8.0,5.895,58.0,47.0,19.6781,16.1313,0.1935,0.0881,0.2211,0.1629,1.6032,1.2991,0.5439,0.4459,understat
9788,Dominik Szoboszlai,2023-2024,ENG-Premier League,Liverpool,M S,Midfielder,33,2135,3.0,3.5191,3.0,3.5191,2.0,5.6576,60.0,55.0,21.231,15.8913,0.1265,0.1483,0.0843,0.2385,2.5293,2.3185,0.895,0.6699,understat
6122,Douglas Luiz,2023-2024,ENG-Premier League,Aston Villa,M,Midfielder,35,3043,9.0,7.5721,5.0,4.5274,5.0,5.2882,48.0,53.0,17.3113,13.6244,0.2662,0.224,0.1479,0.1564,1.4197,1.5675,0.512,0.403,understat
6756,Dwight McNeil,2023-2024,ENG-Premier League,Everton,D M S,Midfielder,35,2914,3.0,3.6407,3.0,3.6407,6.0,10.3252,57.0,69.0,14.6941,5.3551,0.0927,0.1124,0.1853,0.3189,1.7605,2.1311,0.4538,0.1654,understat
11926,Edson Álvarez,2023-2024,ENG-Premier League,West Ham,M S,Midfielder,31,2405,1.0,1.2118,1.0,1.2118,1.0,0.593,17.0,12.0,6.4166,5.0552,0.0374,0.0453,0.0374,0.0222,0.6362,0.4491,0.2401,0.1892,understat
11356,Enzo Fernández,2023-2024,ENG-Premier League,Chelsea,M S,Midfielder,28,2237,3.0,6.1476,2.0,4.6252,2.0,3.5588,47.0,32.0,18.3427,12.5534,0.1207,0.2473,0.0805,0.1432,1.8909,1.2874,0.738,0.5051,understat
9681,Frank Onyeka,2023-2024,ENG-Premier League,Brentford,M S,Midfielder,26,1124,1.0,2.0069,1.0,2.0069,2.0,1.8476,22.0,12.0,6.1135,2.3846,0.0801,0.1607,0.1601,0.1479,1.7616,0.9609,0.4895,0.1909,understat
5681,Giovani Lo Celso,2023-2024,ENG-Premier League,Tottenham,M S,Midfielder,22,466,2.0,0.498,2.0,0.498,2.0,1.603,13.0,17.0,3.4785,2.7479,0.3863,0.0962,0.3863,0.3096,2.5107,3.2833,0.6718,0.5307,understat
910,Harrison Reed,2023-2024,ENG-Premier League,Fulham,M S,Midfielder,27,1298,0.0,0.2859,0.0,0.2859,2.0,1.2897,9.0,14.0,4.7179,4.137,0.0,0.0198,0.1387,0.0894,0.624,0.9707,0.3271,0.2869,understat
10140,Hugo Bueno,2023-2024,ENG-Premier League,Wolverhampton Wanderers,D M S,Midfielder,22,706,0.0,0.2773,0.0,0.2773,0.0,0.8462,5.0,5.0,2.2125,1.4217,0.0,0.0353,0.0,0.1079,0.6374,0.6374,0.282,0.1812,understat
5722,Ibrahim Sangare,2023-2024,ENG-Premier League,Nottingham Forest,M S,Midfielder,17,1053,0.0,0.834,0.0,0.834,0.0,0.3508,8.0,7.0,4.501,3.5169,0.0,0.0713,0.0,0.03,0.6838,0.5983,0.3847,0.3006,understat
668,Idrissa Gueye,2023-2024,ENG-Premier League,Everton,M S,Midfielder,25,1930,4.0,1.6616,4.0,1.6616,0.0,1.0347,26.0,15.0,7.9042,5.9277,0.1865,0.0775,0.0,0.0482,1.2124,0.6995,0.3686,0.2764,understat
675,Jack Grealish,2023-2024,ENG-Premier League,Manchester City,M S,Midfielder,20,975,3.0,2.3835,3.0,2.3835,1.0,2.7743,22.0,26.0,11.6426,7.4961,0.2769,0.22,0.0923,0.2561,2.0308,2.4,1.0747,0.692,understat
8720,Jack Harrison,2023-2024,ENG-Premier League,Everton,M S,Midfielder,29,2229,3.0,4.1499,3.0,4.1499,3.0,4.3472,34.0,27.0,8.4624,2.36,0.1211,0.1676,0.1211,0.1755,1.3728,1.0902,0.3417,0.0953,understat
11269,Jack Hinshelwood,2023-2024,ENG-Premier League,Brighton,D M S,Midfielder,12,890,3.0,2.1636,3.0,2.1636,0.0,0.8383,14.0,8.0,4.8761,2.7074,0.3034,0.2188,0.0,0.0848,1.4157,0.809,0.4931,0.2738,understat
8941,Jacob Ramsey,2023-2024,ENG-Premier League,Aston Villa,M S,Midfielder,16,824,1.0,2.3169,1.0,2.3169,1.0,0.9169,19.0,9.0,5.1947,2.2588,0.1092,0.2531,0.1092,0.1001,2.0752,0.983,0.5674,0.2467,understat
9284,Jakub Moder,2023-2024,ENG-Premier League,Brighton,D M S,Midfielder,17,586,0.0,0.8932,0.0,0.8932,0.0,0.7571,11.0,5.0,2.4988,1.1246,0.0,0.1372,0.0,0.1163,1.6894,0.7679,0.3838,0.1727,understat
7438,James Garner,2023-2024,ENG-Premier League,Everton,M S,Midfielder,37,3016,1.0,2.2248,1.0,2.2248,2.0,5.2876,41.0,43.0,9.3321,5.1833,0.0298,0.0664,0.0597,0.1578,1.2235,1.2832,0.2785,0.1547,understat
6818,James Maddison,2023-2024,ENG-Premier League,Tottenham,M S,Midfielder,28,2206,4.0,6.2976,4.0,6.2976,9.0,7.1424,57.0,66.0,20.8735,12.041,0.1632,0.2569,0.3672,0.2914,2.3255,2.6927,0.8516,0.4912,understat
489,James Milner,2023-2024,ENG-Premier League,Brighton,D M S,Midfielder,15,788,0.0,0.2865,0.0,0.2865,2.0,1.4875,5.0,16.0,4.5863,4.1685,0.0,0.0327,0.2284,0.1699,0.5711,1.8274,0.5238,0.4761,understat
843,James Ward-Prowse,2023-2024,ENG-Premier League,West Ham,M S,Midfielder,37,3025,7.0,5.6393,5.0,4.117,7.0,8.1085,44.0,64.0,11.9918,7.0652,0.2083,0.1678,0.2083,0.2412,1.3091,1.9041,0.3568,0.2102,understat
10807,Jan Paul van Hecke,2023-2024,ENG-Premier League,Brighton,D M S,Midfielder,28,2365,0.0,1.5839,0.0,1.5839,0.0,0.4882,15.0,10.0,11.1225,10.8319,0.0,0.0603,0.0,0.0186,0.5708,0.3805,0.4233,0.4122,understat
9205,Jayden Bogle,2023-2024,ENG-Premier League,Sheffield United,D M S,Midfielder,34,2817,3.0,2.6024,3.0,2.6024,0.0,0.7326,32.0,10.0,5.2028,2.6289,0.0958,0.0831,0.0,0.0234,1.0224,0.3195,0.1662,0.084,understat
2182,Jefferson Lerma,2023-2024,ENG-Premier League,Crystal Palace,D M S,Midfielder,28,2413,1.0,2.385,1.0,2.385,1.0,2.4383,34.0,24.0,8.6587,5.5207,0.0373,0.089,0.0373,0.0909,1.2681,0.8952,0.323,0.2059,understat
7723,John McGinn,2023-2024,ENG-Premier League,Aston Villa,M,Midfielder,35,3053,6.0,4.6723,6.0,4.6723,4.0,5.6268,40.0,45.0,20.7807,13.8451,0.1769,0.1377,0.1179,0.1659,1.1792,1.3266,0.6126,0.4081,understat
586,John Stones,2023-2024,ENG-Premier League,Manchester City,D M S,Midfielder,16,1060,1.0,0.749,1.0,0.749,0.0,0.2614,4.0,6.0,6.6987,6.4897,0.0849,0.0636,0.0,0.0222,0.3396,0.5094,0.5688,0.551,understat
12187,Jordan Clark,2023-2024,ENG-Premier League,Luton,M S,Midfielder,23,1326,1.0,0.9263,1.0,0.9263,1.0,1.8485,17.0,12.0,4.374,2.607,0.0679,0.0629,0.0679,0.1255,1.1538,0.8145,0.2969,0.1769,understat
1389,Jorginho,2023-2024,ENG-Premier League,Arsenal,M S,Midfielder,24,911,0.0,0.08,0.0,0.08,2.0,1.5529,4.0,10.0,6.1529,5.4981,0.0,0.0079,0.1976,0.1534,0.3952,0.9879,0.6079,0.5432,understat
987,Joseph Gomez,2023-2024,ENG-Premier League,Liverpool,D M S,Midfielder,32,1749,0.0,0.8165,0.0,0.8165,1.0,1.5004,19.0,21.0,10.5458,8.9672,0.0,0.042,0.0515,0.0772,0.9777,1.0806,0.5427,0.4614,understat
8323,Josh Brownhill,2023-2024,ENG-Premier League,Burnley,M S,Midfielder,33,2229,4.0,1.8306,4.0,1.8306,2.0,1.8271,28.0,34.0,6.4958,4.3063,0.1615,0.0739,0.0808,0.0738,1.1306,1.3728,0.2623,0.1739,understat
1018,Josh Cullen,2023-2024,ENG-Premier League,Burnley,M S,Midfielder,25,2072,2.0,0.5326,2.0,0.5326,3.0,1.9264,16.0,26.0,8.9811,7.6769,0.0869,0.0231,0.1303,0.0837,0.695,1.1293,0.3901,0.3335,understat
11384,João Gomes,2023-2024,ENG-Premier League,Wolverhampton Wanderers,M S,Midfielder,34,2690,2.0,1.8554,2.0,1.8554,1.0,1.3276,26.0,19.0,6.3028,4.6392,0.0669,0.0621,0.0335,0.0444,0.8699,0.6357,0.2109,0.1552,understat
10715,João Palhinha,2023-2024,ENG-Premier League,Fulham,M S,Midfielder,33,2742,4.0,3.2455,4.0,3.2455,1.0,0.8451,44.0,12.0,11.1657,9.4921,0.1313,0.1065,0.0328,0.0277,1.4442,0.3939,0.3665,0.3116,understat
11058,Julio Enciso,2023-2024,ENG-Premier League,Brighton,M S,Midfielder,12,476,0.0,1.7708,0.0,1.7708,2.0,2.3733,28.0,9.0,4.6408,1.5939,0.0,0.3348,0.3782,0.4487,5.2941,1.7017,0.8775,0.3014,understat
6963,Justin Kluivert,2023-2024,ENG-Premier League,Bournemouth,M S,Midfielder,32,2029,7.0,7.2969,7.0,7.2969,1.0,1.6693,56.0,21.0,11.7571,4.5715,0.3105,0.3237,0.0444,0.074,2.484,0.9315,0.5215,0.2028,understat
8981,Jéremy Doku,2023-2024,ENG-Premier League,Manchester City,D M S,Midfielder,29,1616,3.0,3.7699,3.0,3.7699,8.0,5.4761,56.0,45.0,14.6224,7.7023,0.1671,0.21,0.4455,0.305,3.1188,2.5062,0.8144,0.429,understat
447,Kevin De Bruyne,2023-2024,ENG-Premier League,Manchester City,M S,Midfielder,18,1233,4.0,2.5787,4.0,2.5787,10.0,11.9791,44.0,58.0,15.6358,7.7771,0.292,0.1882,0.7299,0.8744,3.2117,4.2336,1.1413,0.5677,understat
11174,Kobbie Mainoo,2023-2024,ENG-Premier League,Manchester United,M,Midfielder,24,1980,3.0,0.7738,3.0,0.7738,1.0,0.845,11.0,15.0,5.0806,3.8675,0.1364,0.0352,0.0455,0.0384,0.5,0.6818,0.2309,0.1758,understat
1789,Lewis Cook,2023-2024,ENG-Premier League,Bournemouth,D M S,Midfielder,33,2799,0.0,0.4126,0.0,0.4126,3.0,3.6777,12.0,46.0,11.3506,8.9149,0.0,0.0133,0.0965,0.1183,0.3859,1.4791,0.365,0.2867,understat
11386,Lewis Miley,2023-2024,ENG-Premier League,Newcastle United,M S,Midfielder,17,1223,1.0,1.1169,1.0,1.1169,3.0,1.5461,13.0,12.0,6.2234,4.0352,0.0736,0.0822,0.2208,0.1138,0.9567,0.8831,0.458,0.297,understat
10866,Luis Sinisterra,2023-2024,ENG-Premier League,Bournemouth,M S,Midfielder,20,670,2.0,2.2964,2.0,2.2964,2.0,2.3219,27.0,19.0,4.8592,2.4202,0.2687,0.3085,0.2687,0.3119,3.6269,2.5522,0.6527,0.3251,understat
8562,Luke Thomas,2023-2024,ENG-Premier League,Sheffield United,D M S,Midfielder,12,940,0.0,0.6857,0.0,0.6857,0.0,0.07,6.0,2.0,1.4492,0.7635,0.0,0.0657,0.0,0.0067,0.5745,0.1915,0.1388,0.0731,understat
205,Mahmoud Dahoud,2023-2024,ENG-Premier League,Brighton,M S,Midfielder,9,462,0.0,0.1647,0.0,0.1647,1.0,1.1007,6.0,10.0,3.1639,2.4797,0.0,0.0321,0.1948,0.2144,1.1688,1.9481,0.6163,0.4831,understat
6490,Manuel Akanji,2023-2024,ENG-Premier League,Manchester City,D M S,Midfielder,30,2517,2.0,2.2004,2.0,2.2004,0.0,0.5265,15.0,13.0,16.7009,15.8391,0.0715,0.0787,0.0,0.0188,0.5364,0.4648,0.5972,0.5664,understat
7603,Marc Guehi,2023-2024,ENG-Premier League,Crystal Palace,D M S,Midfielder,25,2021,0.0,0.4889,0.0,0.4889,1.0,0.9626,5.0,7.0,6.6679,6.4549,0.0,0.0218,0.0445,0.0429,0.2227,0.3117,0.2969,0.2875,understat
1299,Mario Lemina,2023-2024,ENG-Premier League,Wolverhampton Wanderers,M S,Midfielder,35,3002,4.0,4.6108,4.0,4.6108,1.0,1.7865,48.0,20.0,8.9716,6.05,0.1199,0.1382,0.03,0.0536,1.439,0.5996,0.269,0.1814,understat
2517,Martin Odegaard,2023-2024,ENG-Premier League,Arsenal,M,Midfielder,35,3117,8.0,7.6702,6.0,6.1479,10.0,11.5774,77.0,102.0,29.8151,18.138,0.231,0.2215,0.2887,0.3343,2.2233,2.9451,0.8609,0.5237,understat
8040,Marvelous Nakamba,2023-2024,ENG-Premier League,Luton,M,Midfielder,13,1140,0.0,0.1364,0.0,0.1364,0.0,0.3258,5.0,7.0,3.0253,2.7536,0.0,0.0108,0.0,0.0257,0.3947,0.5526,0.2388,0.2174,understat
7768,Mason Mount,2023-2024,ENG-Premier League,Manchester United,M S,Midfielder,14,501,1.0,0.6238,1.0,0.6238,0.0,0.3742,5.0,6.0,3.0811,2.2311,0.1796,0.1121,0.0,0.0672,0.8982,1.0778,0.5535,0.4008,understat
2254,Mateo Kovacic,2023-2024,ENG-Premier League,Manchester City,M S,Midfielder,30,1540,1.0,1.4294,1.0,1.4294,0.0,1.6856,22.0,21.0,13.5139,12.2263,0.0584,0.0835,0.0,0.0985,1.2857,1.2273,0.7898,0.7145,understat
11000,Matheus Nunes,2023-2024,ENG-Premier League,"Manchester City,Wolverhampton Wanderers",M S,Midfielder,19,817,0.0,0.925,0.0,0.925,2.0,1.5578,10.0,12.0,6.4064,4.5315,0.0,0.1019,0.2203,0.1716,1.1016,1.3219,0.7057,0.4992,understat
7166,Mathias Jensen,2023-2024,ENG-Premier League,Brentford,M S,Midfielder,32,2294,3.0,0.6892,3.0,0.6892,3.0,4.908,14.0,41.0,11.0964,9.5125,0.1177,0.027,0.1177,0.1926,0.5493,1.6085,0.4353,0.3732,understat
6852,Matt Doherty,2023-2024,ENG-Premier League,Wolverhampton Wanderers,D M S,Midfielder,30,1087,1.0,1.1127,1.0,1.1127,0.0,1.0989,8.0,12.0,3.6199,2.1807,0.0828,0.0921,0.0,0.091,0.6624,0.9936,0.2997,0.1806,understat
8864,Matthew Cash,2023-2024,ENG-Premier League,Aston Villa,D M S,Midfielder,29,2142,2.0,4.4861,2.0,4.4861,2.0,2.9699,33.0,13.0,14.2618,8.8497,0.084,0.1885,0.084,0.1248,1.3866,0.5462,0.5992,0.3718,understat
8859,Mikkel Damsgaard,2023-2024,ENG-Premier League,Brentford,M S,Midfielder,23,797,0.0,0.8754,0.0,0.8754,2.0,2.2913,9.0,10.0,4.7286,2.3967,0.0,0.0989,0.2258,0.2587,1.0163,1.1292,0.534,0.2706,understat
11709,Milos Kerkez,2023-2024,ENG-Premier League,Bournemouth,D M S,Midfielder,28,1982,0.0,1.6971,0.0,1.6971,1.0,1.3917,16.0,13.0,7.3895,5.4245,0.0,0.0771,0.0454,0.0632,0.7265,0.5903,0.3355,0.2463,understat
9453,Moisés Caicedo,2023-2024,ENG-Premier League,Chelsea,M S,Midfielder,35,2897,1.0,0.2973,1.0,0.2973,3.0,2.499,13.0,22.0,25.0483,23.2622,0.0311,0.0092,0.0932,0.0776,0.4039,0.6835,0.7782,0.7227,understat
12412,Morgan Rogers,2023-2024,ENG-Premier League,Aston Villa,M S,Midfielder,11,652,3.0,1.0866,3.0,1.0866,1.0,0.9048,11.0,9.0,3.6785,2.278,0.4141,0.15,0.138,0.1249,1.5184,1.2423,0.5078,0.3144,understat
8204,Neco Williams,2023-2024,ENG-Premier League,Nottingham Forest,D M S,Midfielder,26,1622,0.0,0.9343,0.0,0.9343,1.0,1.1115,15.0,11.0,4.6563,3.0113,0.0,0.0518,0.0555,0.0617,0.8323,0.6104,0.2584,0.1671,understat
8252,Nicolás Domínguez,2023-2024,ENG-Premier League,Nottingham Forest,M S,Midfielder,26,1543,2.0,1.7022,2.0,1.7022,2.0,0.909,22.0,10.0,6.1023,3.8425,0.1167,0.0993,0.1167,0.053,1.2832,0.5833,0.3559,0.2241,understat
11357,Noni Madueke,2023-2024,ENG-Premier League,Chelsea,M S,Midfielder,23,1066,5.0,3.0036,4.0,2.2424,2.0,2.1607,32.0,20.0,7.7809,4.7407,0.4221,0.2536,0.1689,0.1824,2.7017,1.6886,0.6569,0.4002,understat
6163,Nélson Semedo,2023-2024,ENG-Premier League,Wolverhampton Wanderers,D M,Midfielder,36,3127,0.0,1.2321,0.0,1.2321,1.0,2.0054,17.0,24.0,8.8702,6.6377,0.0,0.0355,0.0288,0.0577,0.4893,0.6908,0.2553,0.191,understat
12449,Oliver Arblaster,2023-2024,ENG-Premier League,Sheffield United,M S,Midfielder,12,954,0.0,0.0217,0.0,0.0217,0.0,1.0297,1.0,12.0,2.8812,2.6449,0.0,0.002,0.0,0.0971,0.0943,1.1321,0.2718,0.2495,understat
7710,Oliver Norwood,2023-2024,ENG-Premier League,Sheffield United,M S,Midfielder,27,1413,1.0,0.9864,0.0,0.2253,0.0,0.6934,15.0,16.0,2.7886,2.4071,0.0637,0.0628,0.0,0.0442,0.9554,1.0191,0.1776,0.1533,understat
7198,Oliver Skipp,2023-2024,ENG-Premier League,Tottenham,D M S,Midfielder,21,660,0.0,0.6824,0.0,0.6824,0.0,0.541,4.0,7.0,5.027,4.4336,0.0,0.0931,0.0,0.0738,0.5455,0.9545,0.6855,0.6046,understat
6088,Orel Mangala,2023-2024,ENG-Premier League,Nottingham Forest,M S,Midfielder,20,1599,1.0,0.8924,1.0,0.8924,0.0,0.2868,10.0,6.0,3.6686,2.8416,0.0563,0.0502,0.0,0.0161,0.5629,0.3377,0.2065,0.1599,understat
9021,Pape Sarr,2023-2024,ENG-Premier League,Tottenham,M S,Midfielder,34,2141,3.0,3.8424,3.0,3.8424,3.0,2.0322,36.0,20.0,16.1082,11.2384,0.1261,0.1615,0.1261,0.0854,1.5133,0.8407,0.6771,0.4724,understat
239,Pascal Groß,2023-2024,ENG-Premier League,Brighton,D M S,Midfielder,36,3107,4.0,6.0786,3.0,5.3175,10.0,8.4497,55.0,101.0,23.8657,17.9465,0.1159,0.1761,0.2897,0.2448,1.5932,2.9257,0.6913,0.5199,understat
11716,Pelly Ruddock Mpanzu,2023-2024,ENG-Premier League,Luton,M S,Midfielder,27,1068,0.0,1.2607,0.0,1.2607,0.0,0.5314,11.0,6.0,2.6598,1.2221,0.0,0.1062,0.0,0.0448,0.927,0.5056,0.2241,0.103,understat
6034,Philip Billing,2023-2024,ENG-Premier League,Bournemouth,M S,Midfielder,29,1359,2.0,2.8707,2.0,2.8707,2.0,3.7171,30.0,23.0,7.1838,2.8328,0.1325,0.1901,0.1325,0.2462,1.9868,1.5232,0.4757,0.1876,understat
343,Pierre-Emile Højbjerg,2023-2024,ENG-Premier League,Tottenham,M S,Midfielder,36,1212,0.0,0.544,0.0,0.544,0.0,1.1349,19.0,8.0,11.5559,10.4938,0.0,0.0404,0.0,0.0843,1.4109,0.5941,0.8581,0.7792,understat
6674,Rayan Ait Nouri,2023-2024,ENG-Premier League,Wolverhampton Wanderers,D M S,Midfielder,33,2391,2.0,3.2441,2.0,3.2441,1.0,2.3515,23.0,25.0,10.7101,6.9279,0.0753,0.1221,0.0376,0.0885,0.8657,0.941,0.4031,0.2608,understat
10847,Rico Lewis,2023-2024,ENG-Premier League,Manchester City,D M S,Midfielder,16,802,2.0,0.8563,2.0,0.8563,0.0,1.7642,5.0,13.0,6.6143,4.8639,0.2244,0.0961,0.0,0.198,0.5611,1.4589,0.7423,0.5458,understat
2496,Rodri,2023-2024,ENG-Premier League,Manchester City,M,Midfielder,34,2967,8.0,4.2943,8.0,4.2943,9.0,5.326,62.0,50.0,31.623,26.2917,0.2427,0.1303,0.273,0.1616,1.8807,1.5167,0.9592,0.7975,understat
6108,Rodrigo Bentancur,2023-2024,ENG-Premier League,Tottenham,M S,Midfielder,23,1016,1.0,1.6226,1.0,1.6226,1.0,0.5037,18.0,8.0,8.5766,7.3895,0.0886,0.1437,0.0886,0.0446,1.5945,0.7087,0.7597,0.6546,understat
592,Ross Barkley,2023-2024,ENG-Premier League,Luton,M S,Midfielder,32,2627,5.0,4.4832,5.0,4.4832,4.0,4.8236,66.0,43.0,11.1644,5.912,0.1713,0.1536,0.137,0.1653,2.2611,1.4732,0.3825,0.2025,understat
10744,Ryan Christie,2023-2024,ENG-Premier League,Bournemouth,M S,Midfielder,37,2974,0.0,2.0326,0.0,2.0326,5.0,6.3595,43.0,53.0,14.9078,9.6817,0.0,0.0615,0.1513,0.1925,1.3013,1.6039,0.4511,0.293,understat
10697,Ryan Gravenberch,2023-2024,ENG-Premier League,Liverpool,M S,Midfielder,26,1116,1.0,1.7132,1.0,1.7132,0.0,1.092,23.0,15.0,7.4403,5.0282,0.0806,0.1382,0.0,0.0881,1.8548,1.2097,0.6,0.4055,understat
11003,Ryan Yates,2023-2024,ENG-Premier League,Nottingham Forest,M S,Midfielder,35,1967,1.0,2.6223,1.0,2.6223,1.0,1.0065,32.0,7.0,7.9679,5.583,0.0458,0.12,0.0458,0.0461,1.4642,0.3203,0.3646,0.2554,understat
3585,Said Benrahma,2023-2024,ENG-Premier League,West Ham,M S,Midfielder,13,619,0.0,1.9243,0.0,1.1632,1.0,1.6338,19.0,11.0,4.4285,1.7844,0.0,0.2798,0.1454,0.2376,2.7625,1.5994,0.6439,0.2595,understat
8285,Sander Berge,2023-2024,ENG-Premier League,Burnley,M S,Midfielder,37,3020,1.0,2.1221,1.0,2.1221,2.0,3.1849,25.0,29.0,12.1925,8.5913,0.0298,0.0632,0.0596,0.0949,0.745,0.8642,0.3634,0.256,understat
1537,Sasa Lukic,2023-2024,ENG-Premier League,Fulham,M S,Midfielder,24,1107,1.0,1.2817,1.0,1.2817,0.0,0.6108,13.0,10.0,4.7234,3.8628,0.0813,0.1042,0.0,0.0497,1.0569,0.813,0.384,0.314,understat
7078,Sean Longstaff,2023-2024,ENG-Premier League,Newcastle United,M S,Midfielder,35,2748,6.0,7.0773,6.0,7.0773,2.0,3.0186,41.0,20.0,17.2362,9.9537,0.1965,0.2318,0.0655,0.0989,1.3428,0.655,0.5645,0.326,understat
7927,Sofyan Amrabat,2023-2024,ENG-Premier League,Manchester United,D M S,Midfielder,21,922,0.0,0.0737,0.0,0.0737,0.0,0.2675,3.0,6.0,2.2093,2.0533,0.0,0.0072,0.0,0.0261,0.2928,0.5857,0.2157,0.2004,understat
6049,Solly March,2023-2024,ENG-Premier League,Brighton,D M,Midfielder,7,571,3.0,2.7199,3.0,2.7199,1.0,0.9913,14.0,7.0,4.9073,2.4006,0.4729,0.4287,0.1576,0.1563,2.2067,1.1033,0.7735,0.3784,understat
8226,Tariq Lamptey,2023-2024,ENG-Premier League,Brighton,D M S,Midfielder,19,923,0.0,0.5707,0.0,0.5707,3.0,1.2109,6.0,10.0,2.8592,1.608,0.0,0.0556,0.2925,0.1181,0.585,0.9751,0.2788,0.1568,understat
2328,Thomas Partey,2023-2024,ENG-Premier League,Arsenal,D M S,Midfielder,14,793,0.0,0.3642,0.0,0.3642,0.0,0.4303,8.0,6.0,5.9868,5.4949,0.0,0.0413,0.0,0.0488,0.9079,0.681,0.6795,0.6236,understat
6835,Tom Cairney,2023-2024,ENG-Premier League,Fulham,M S,Midfielder,34,1427,1.0,1.0099,1.0,1.0099,4.0,3.1144,17.0,25.0,9.0887,7.377,0.0631,0.0637,0.2523,0.1964,1.0722,1.5767,0.5732,0.4653,understat
8288,Tomas Soucek,2023-2024,ENG-Premier League,West Ham,M S,Midfielder,37,2885,7.0,7.4668,7.0,7.4668,2.0,2.1494,42.0,20.0,12.1231,6.039,0.2184,0.2329,0.0624,0.0671,1.3102,0.6239,0.3782,0.1884,understat
8496,Tommy Doyle,2023-2024,ENG-Premier League,Wolverhampton Wanderers,M S,Midfielder,26,1175,0.0,0.4136,0.0,0.4136,0.0,0.6757,14.0,8.0,4.5748,4.2459,0.0,0.0317,0.0,0.0518,1.0723,0.6128,0.3504,0.3252,understat
10872,Vinicius Souza,2023-2024,ENG-Premier League,Sheffield United,D M S,Midfielder,36,2676,1.0,0.5003,1.0,0.5003,0.0,0.7817,14.0,5.0,4.085,2.9889,0.0336,0.0168,0.0,0.0263,0.4709,0.1682,0.1374,0.1005,understat
9680,Vitaly Janelt,2023-2024,ENG-Premier League,Brentford,D M S,Midfielder,38,3137,1.0,2.0163,1.0,2.0163,3.0,4.3142,21.0,37.0,12.4051,9.0329,0.0287,0.0578,0.0861,0.1238,0.6025,1.0615,0.3559,0.2592,understat
11700,Vitinho,2023-2024,ENG-Premier League,Burnley,D M S,Midfielder,32,2324,0.0,1.7635,0.0,1.7635,2.0,1.035,25.0,11.0,6.7454,4.774,0.0,0.0683,0.0775,0.0401,0.9682,0.426,0.2612,0.1849,understat
8808,Wataru Endo,2023-2024,ENG-Premier League,Liverpool,M S,Midfielder,29,1718,1.0,0.4378,1.0,0.4378,0.0,1.4934,10.0,16.0,12.2176,11.2281,0.0524,0.0229,0.0,0.0782,0.5239,0.8382,0.64,0.5882,understat
6104,Will Hughes,2023-2024,ENG-Premier League,Crystal Palace,M S,Midfielder,30,1924,0.0,0.301,0.0,0.301,1.0,1.7067,8.0,21.0,5.7376,5.3305,0.0,0.0141,0.0468,0.0798,0.3742,0.9823,0.2684,0.2493,understat
11772,Yehor Yarmolyuk,2023-2024,ENG-Premier League,Brentford,M S,Midfielder,27,619,0.0,1.0328,0.0,1.0328,0.0,0.0832,11.0,3.0,3.1683,2.1087,0.0,0.1502,0.0,0.0121,1.5994,0.4362,0.4607,0.3066,understat
5609,Yves Bissouma,2023-2024,ENG-Premier League,Tottenham,M S,Midfielder,28,2120,0.0,1.1664,0.0,1.1664,0.0,0.4049,24.0,10.0,11.258,10.5898,0.0,0.0495,0.0,0.0172,1.0189,0.4245,0.4779,0.4496,understat
775,Andros Townsend,2023-2024,ENG-Premier League,Luton,F M S,Winger,27,1211,1.0,1.4217,1.0,1.4217,3.0,1.4568,20.0,18.0,2.8022,1.2013,0.0743,0.1057,0.223,0.1083,1.4864,1.3377,0.2083,0.0893,understat
7967,Anssumane Fati,2023-2024,ENG-Premier League,Brighton,F M S,Winger,19,456,2.0,3.8196,2.0,3.8196,0.0,0.6552,26.0,6.0,5.572,1.6215,0.3947,0.7539,0.0,0.1293,5.1316,1.1842,1.0997,0.32,understat
9524,Anthony Elanga,2023-2024,ENG-Premier League,Nottingham Forest,F M S,Winger,36,2430,5.0,6.7731,5.0,6.7731,9.0,7.091,54.0,33.0,17.6263,5.6159,0.1852,0.2509,0.3333,0.2626,2.0,1.2222,0.6528,0.208,understat
8150,Anthony Gordon,2023-2024,ENG-Premier League,Newcastle United,F M S,Winger,35,2956,11.0,11.2938,10.0,10.5326,10.0,8.833,81.0,56.0,26.5702,11.4422,0.3349,0.3439,0.3045,0.2689,2.4662,1.705,0.809,0.3484,understat
8066,Arnaut Danjuma Groeneveld,2023-2024,ENG-Premier League,Everton,F M S,Winger,14,572,1.0,3.423,1.0,3.423,0.0,0.8539,25.0,6.0,4.2557,0.0954,0.1573,0.5386,0.0,0.1343,3.9336,0.9441,0.6696,0.015,understat
11815,Ben Brereton Díaz,2023-2024,ENG-Premier League,Sheffield United,F M,Winger,14,1134,6.0,6.0605,5.0,5.2994,1.0,1.6426,35.0,8.0,7.2299,1.546,0.4762,0.481,0.0794,0.1304,2.7778,0.6349,0.5738,0.1227,understat
6827,Bobby Reid,2023-2024,ENG-Premier League,Fulham,F M S,Winger,33,1431,6.0,5.4692,6.0,5.4692,2.0,1.5774,33.0,17.0,6.4148,1.6771,0.3774,0.344,0.1258,0.0992,2.0755,1.0692,0.4034,0.1055,understat
10760,Brennan Johnson,2023-2024,ENG-Premier League,"Nottingham Forest,Tottenham",F M S,Winger,35,2350,5.0,12.1703,5.0,12.1703,10.0,7.6383,53.0,46.0,21.6169,3.0848,0.1915,0.4661,0.383,0.2925,2.0298,1.7617,0.8279,0.1181,understat
1228,Bruno Fernandes,2023-2024,ENG-Premier League,Manchester United,F M,Winger,35,3121,10.0,10.7463,6.0,6.9404,8.0,13.1585,95.0,113.0,22.6934,12.6468,0.2884,0.3099,0.2307,0.3795,2.7395,3.2586,0.6544,0.3647,understat
6456,Callum Hudson-Odoi,2023-2024,ENG-Premier League,Nottingham Forest,F M S,Winger,29,1844,8.0,3.0196,8.0,3.0196,1.0,3.0873,38.0,36.0,12.3575,6.9485,0.3905,0.1474,0.0488,0.1507,1.8547,1.757,0.6031,0.3391,understat
9912,Cameron Archer,2023-2024,ENG-Premier League,"Aston Villa,Sheffield United",F M S,Winger,30,1870,4.0,5.7851,4.0,5.7851,1.0,2.9839,41.0,24.0,9.1753,1.5948,0.1925,0.2784,0.0481,0.1436,1.9733,1.1551,0.4416,0.0768,understat
11717,Carlton Morris,2023-2024,ENG-Premier League,Luton,F M S,Winger,38,2879,11.0,12.3067,6.0,8.5009,4.0,3.692,72.0,22.0,12.5455,5.2026,0.3439,0.3847,0.125,0.1154,2.2508,0.6877,0.3922,0.1626,understat
11719,Chiedozie Ogbene,2023-2024,ENG-Premier League,Luton,D F M S,Winger,30,1984,4.0,4.8065,4.0,4.8065,1.0,3.4691,35.0,27.0,10.154,3.8293,0.1815,0.218,0.0454,0.1574,1.5877,1.2248,0.4606,0.1737,understat
11296,Cody Gakpo,2023-2024,ENG-Premier League,Liverpool,F M S,Winger,35,1640,8.0,8.7692,8.0,8.7692,5.0,4.2288,66.0,25.0,17.5503,6.474,0.439,0.4812,0.2744,0.2321,3.622,1.372,0.9631,0.3553,understat
8497,Cole Palmer,2023-2024,ENG-Premier League,"Chelsea,Manchester City",F M S,Winger,34,2640,22.0,17.8322,13.0,10.9817,11.0,11.8693,108.0,72.0,31.0365,15.3024,0.75,0.6079,0.375,0.4046,3.6818,2.4545,1.0581,0.5217,understat
9662,Dango Ouattara,2023-2024,ENG-Premier League,Bournemouth,D F M S,Winger,30,1200,1.0,2.8215,1.0,2.8215,2.0,1.6914,30.0,17.0,5.1849,3.1383,0.075,0.2116,0.15,0.1269,2.25,1.275,0.3889,0.2354,understat
11317,Danilo,2023-2024,ENG-Premier League,Nottingham Forest,F M S,Winger,29,1799,2.0,1.6652,2.0,1.6652,2.0,1.5294,23.0,20.0,10.2274,7.9976,0.1001,0.0833,0.1001,0.0765,1.1506,1.0006,0.5117,0.4001,understat
501,Danny Welbeck,2023-2024,ENG-Premier League,Brighton,F M S,Winger,29,1723,5.0,6.2421,5.0,6.2421,1.0,2.1882,40.0,22.0,13.5468,7.4746,0.2612,0.3261,0.0522,0.1143,2.0894,1.1492,0.7076,0.3904,understat
6691,Dejan Kulusevski,2023-2024,ENG-Premier League,Tottenham,F M S,Winger,36,2787,8.0,5.8355,8.0,5.8355,3.0,8.6156,57.0,65.0,23.7171,12.5073,0.2583,0.1884,0.0969,0.2782,1.8407,2.099,0.7659,0.4039,understat
484,Divock Origi,2023-2024,ENG-Premier League,Nottingham Forest,F M S,Winger,20,557,0.0,1.5459,0.0,1.5459,1.0,1.5921,14.0,7.0,4.1035,1.0764,0.0,0.2498,0.1616,0.2572,2.2621,1.1311,0.663,0.1739,understat
8706,Eberechi Eze,2023-2024,ENG-Premier League,Crystal Palace,F M S,Winger,27,2097,11.0,9.3731,10.0,8.6119,4.0,6.8448,83.0,54.0,16.3817,6.3479,0.4721,0.4023,0.1717,0.2938,3.5622,2.3176,0.7031,0.2724,understat
11718,Elijah Adebayo,2023-2024,ENG-Premier League,Luton,F M S,Winger,27,1422,10.0,6.6308,10.0,6.6308,0.0,0.8137,31.0,14.0,8.2813,1.9412,0.6329,0.4197,0.0,0.0515,1.962,0.8861,0.5241,0.1229,understat
9154,Elliot Anderson,2023-2024,ENG-Premier League,Newcastle United,D F M S,Winger,21,997,0.0,1.342,0.0,1.342,2.0,1.5226,19.0,15.0,6.6667,4.9691,0.0,0.1211,0.1805,0.1374,1.7151,1.3541,0.6018,0.4486,understat
11362,Facundo Buonanotte,2023-2024,ENG-Premier League,Brighton,F M S,Winger,27,1408,3.0,2.9747,3.0,2.9747,1.0,2.3043,21.0,19.0,6.9518,3.3283,0.1918,0.1901,0.0639,0.1473,1.3423,1.2145,0.4444,0.2127,understat
11839,Gustavo Hamer,2023-2024,ENG-Premier League,Sheffield United,F M S,Winger,36,2986,4.0,2.4141,4.0,2.4141,6.0,6.986,49.0,68.0,9.9184,4.2412,0.1206,0.0728,0.1808,0.2106,1.4769,2.0496,0.2989,0.1278,understat
5596,Harry Wilson,2023-2024,ENG-Premier League,Fulham,F M S,Winger,35,1576,4.0,2.8195,4.0,2.8195,6.0,3.1506,39.0,22.0,7.5458,3.5086,0.2284,0.161,0.3426,0.1799,2.2272,1.2563,0.4309,0.2004,understat
6681,Harvey Barnes,2023-2024,ENG-Premier League,Newcastle United,F M S,Winger,21,738,5.0,3.4679,5.0,3.4679,3.0,4.2107,27.0,13.0,9.0796,2.5502,0.6098,0.4229,0.3659,0.5135,3.2927,1.5854,1.1073,0.311,understat
7546,Harvey Elliott,2023-2024,ENG-Premier League,Liverpool,F M S,Winger,34,1268,3.0,2.5765,3.0,2.5765,6.0,4.2623,49.0,36.0,14.0471,9.5631,0.2129,0.1829,0.4259,0.3025,3.4779,2.5552,0.997,0.6788,understat
8845,Hee-Chan Hwang,2023-2024,ENG-Premier League,Wolverhampton Wanderers,F M S,Winger,29,2154,12.0,8.6819,11.0,7.9207,3.0,3.1403,45.0,17.0,12.0239,2.6239,0.5014,0.3628,0.1253,0.1312,1.8802,0.7103,0.5024,0.1096,understat
11720,Jacob Brown,2023-2024,ENG-Premier League,Luton,F M S,Winger,19,1031,2.0,3.0788,2.0,3.0788,0.0,0.8424,25.0,8.0,3.8902,0.4203,0.1746,0.2688,0.0,0.0735,2.1823,0.6984,0.3396,0.0367,understat
5355,Jacob Bruun Larsen,2023-2024,ENG-Premier League,Burnley,F M S,Winger,32,1272,6.0,5.2944,5.0,4.5333,0.0,1.4546,44.0,25.0,7.3137,2.5193,0.4245,0.3746,0.0,0.1029,3.1132,1.7689,0.5175,0.1783,understat
6063,Jacob Murphy,2023-2024,ENG-Premier League,Newcastle United,D F M S,Winger,21,1216,3.0,2.8979,3.0,2.8979,7.0,5.2258,30.0,31.0,11.5517,4.9347,0.222,0.2145,0.5181,0.3868,2.2204,2.2944,0.855,0.3652,understat
10126,James McAtee,2023-2024,ENG-Premier League,"Manchester City,Sheffield United",F M S,Winger,31,1848,3.0,3.2023,2.0,2.4412,3.0,3.0652,26.0,28.0,7.3741,2.797,0.1461,0.156,0.1461,0.1493,1.2662,1.3636,0.3591,0.1362,understat
1776,Jarrod Bowen,2023-2024,ENG-Premier League,West Ham,F M,Winger,34,3026,16.0,13.4986,16.0,13.4986,6.0,6.4377,85.0,32.0,17.7694,2.4571,0.4759,0.4015,0.1785,0.1915,2.5281,0.9518,0.5285,0.0731,understat
7762,Jean-Ricner Bellegarde,2023-2024,ENG-Premier League,Wolverhampton Wanderers,D F M S,Winger,22,938,2.0,1.3614,2.0,1.3614,1.0,0.9552,15.0,12.0,3.1771,1.5233,0.1919,0.1306,0.0959,0.0916,1.4392,1.1514,0.3048,0.1462,understat
757,Jeffrey Schlupp,2023-2024,ENG-Premier League,Crystal Palace,F M S,Winger,29,1370,2.0,1.8824,2.0,1.8824,2.0,2.1712,19.0,18.0,6.6293,2.9411,0.1314,0.1237,0.1314,0.1426,1.2482,1.1825,0.4355,0.1932,understat
87,Joelinton,2023-2024,ENG-Premier League,Newcastle United,F M S,Winger,20,1289,2.0,2.5592,2.0,2.5592,1.0,2.9588,19.0,23.0,10.3106,6.3613,0.1396,0.1787,0.0698,0.2066,1.3266,1.6059,0.7199,0.4442,understat
1663,Johann Berg Gudmundsson,2023-2024,ENG-Premier League,Burnley,F M S,Winger,26,1175,1.0,2.0482,1.0,2.0482,3.0,3.1434,15.0,34.0,6.2962,2.9956,0.0766,0.1569,0.2298,0.2408,1.1489,2.6043,0.4823,0.2295,understat
672,Jordan Ayew,2023-2024,ENG-Premier League,Crystal Palace,F M S,Winger,35,2563,4.0,4.2625,4.0,4.2625,7.0,4.9588,48.0,25.0,10.7024,5.5204,0.1405,0.1497,0.2458,0.1741,1.6855,0.8779,0.3758,0.1938,understat
8272,João Pedro,2023-2024,ENG-Premier League,Brighton,F M S,Winger,31,2026,9.0,11.9189,5.0,8.1131,3.0,5.4224,75.0,37.0,17.5484,7.5901,0.3998,0.5295,0.1333,0.2409,3.3317,1.6436,0.7795,0.3372,understat
10846,Julián Álvarez,2023-2024,ENG-Premier League,Manchester City,F M S,Winger,36,2682,11.0,14.3736,9.0,12.8512,8.0,5.8231,98.0,66.0,27.1622,13.0893,0.3691,0.4823,0.2685,0.1954,3.2886,2.2148,0.9115,0.4392,understat
5220,Kai Havertz,2023-2024,ENG-Premier League,Arsenal,F M S,Winger,37,2651,13.0,13.4657,12.0,12.7046,7.0,5.8144,69.0,45.0,24.7901,9.3461,0.4413,0.4572,0.2376,0.1974,2.3425,1.5277,0.8416,0.3173,understat
10806,Kaoru Mitoma,2023-2024,ENG-Premier League,Brighton,D F M S,Winger,19,1482,3.0,4.68,3.0,4.68,4.0,3.3876,34.0,25.0,14.0503,8.1518,0.1822,0.2842,0.2429,0.2057,2.0648,1.5182,0.8533,0.495,understat
7698,Leandro Trossard,2023-2024,ENG-Premier League,Arsenal,F M S,Winger,34,1649,12.0,9.5758,12.0,9.5758,1.0,3.2521,60.0,24.0,16.9765,5.5029,0.6549,0.5226,0.0546,0.1775,3.2747,1.3099,0.9266,0.3003,understat
5221,Leon Bailey,2023-2024,ENG-Premier League,Aston Villa,F M S,Winger,35,2112,10.0,6.4656,10.0,6.4656,9.0,10.2992,53.0,51.0,17.9897,6.6714,0.4261,0.2755,0.3835,0.4389,2.2585,2.1733,0.7666,0.2843,understat
10620,Luca Koleosho,2023-2024,ENG-Premier League,Burnley,F M S,Winger,15,1015,1.0,2.3244,1.0,2.3244,1.0,1.4566,23.0,11.0,3.7318,0.279,0.0887,0.2061,0.0887,0.1292,2.0394,0.9754,0.3309,0.0247,understat
7365,Lucas Paquetá,2023-2024,ENG-Premier League,West Ham,F M,Winger,31,2676,4.0,4.6051,2.0,3.0828,6.0,5.833,42.0,41.0,13.32,7.1064,0.1345,0.1549,0.2018,0.1962,1.4126,1.3789,0.448,0.239,understat
7498,Lyle Foster,2023-2024,ENG-Premier League,Burnley,F M S,Winger,24,1938,5.0,5.6081,5.0,5.6081,3.0,1.499,34.0,19.0,8.6762,2.6116,0.2322,0.2604,0.1393,0.0696,1.5789,0.8824,0.4029,0.1213,understat
556,Marcus Rashford,2023-2024,ENG-Premier League,Manchester United,F M S,Winger,33,2292,7.0,7.6615,5.0,6.1392,2.0,2.3901,62.0,24.0,12.6863,4.9503,0.2749,0.3008,0.0785,0.0939,2.4346,0.9424,0.4982,0.1944,understat
10741,Marcus Tavernier,2023-2024,ENG-Premier League,Bournemouth,F M S,Winger,30,2163,3.0,4.385,3.0,4.385,4.0,6.2649,53.0,44.0,14.9089,7.1051,0.1248,0.1825,0.1664,0.2607,2.2053,1.8308,0.6203,0.2956,understat
7080,Matheus Cunha,2023-2024,ENG-Premier League,Wolverhampton Wanderers,F M S,Winger,32,2499,12.0,10.2291,11.0,9.468,7.0,3.9201,73.0,28.0,12.985,2.3368,0.4322,0.3684,0.2521,0.1412,2.6291,1.0084,0.4676,0.0842,understat
9948,Michael Olise,2023-2024,ENG-Premier League,Crystal Palace,F M S,Winger,19,1281,10.0,5.6874,9.0,4.9262,6.0,5.1967,56.0,35.0,12.0752,5.0466,0.7026,0.3996,0.4215,0.3651,3.9344,2.459,0.8484,0.3546,understat
12027,Mohammed Kudus,2023-2024,ENG-Premier League,West Ham,F M S,Winger,33,2490,8.0,5.1773,8.0,5.1773,6.0,3.509,66.0,28.0,11.5169,4.337,0.2892,0.1871,0.2169,0.1268,2.3855,1.012,0.4163,0.1568,understat
6857,Morgan Gibbs-White,2023-2024,ENG-Premier League,Nottingham Forest,F M S,Winger,37,3177,5.0,6.0696,4.0,5.3085,10.0,9.5222,71.0,74.0,18.2729,9.2687,0.1416,0.1719,0.2833,0.2697,2.0113,2.0963,0.5176,0.2626,understat
6556,Moussa Diaby,2023-2024,ENG-Premier League,Aston Villa,F M S,Winger,38,2233,6.0,6.4578,6.0,6.4578,8.0,8.6211,54.0,46.0,17.9527,6.2111,0.2418,0.2603,0.3224,0.3475,2.1764,1.854,0.7236,0.2503,understat
11305,Mykhailo Mudryk,2023-2024,ENG-Premier League,Chelsea,F M S,Winger,31,1563,5.0,5.1113,5.0,5.1113,2.0,3.8854,35.0,32.0,10.9907,4.3572,0.2879,0.2943,0.1152,0.2237,2.0154,1.8426,0.6329,0.2509,understat
10048,Nicolas Jackson,2023-2024,ENG-Premier League,Chelsea,F M S,Winger,35,2818,14.0,19.8606,14.0,19.8606,5.0,5.2837,80.0,36.0,27.9173,7.2705,0.4471,0.6343,0.1597,0.1687,2.555,1.1498,0.8916,0.2322,understat
6686,Nicolo Zaniolo,2023-2024,ENG-Premier League,Aston Villa,F M S,Winger,25,820,2.0,3.7047,2.0,3.7047,0.0,0.6395,27.0,10.0,5.2611,1.7181,0.2195,0.4066,0.0,0.0702,2.9634,1.0976,0.5774,0.1886,understat
3697,Odsonne Edouard,2023-2024,ENG-Premier League,Crystal Palace,F M S,Winger,30,1534,7.0,7.8695,7.0,7.8695,0.0,1.0359,51.0,18.0,8.3168,2.136,0.4107,0.4617,0.0,0.0608,2.9922,1.0561,0.4879,0.1253,understat
2199,Pablo Sarabia,2023-2024,ENG-Premier League,Wolverhampton Wanderers,F M S,Winger,30,1763,4.0,5.9813,2.0,4.459,7.0,6.0661,46.0,52.0,10.2326,3.583,0.2042,0.3053,0.3573,0.3097,2.3483,2.6546,0.5224,0.1829,understat
6382,Pedro Neto,2023-2024,ENG-Premier League,Wolverhampton Wanderers,F M S,Winger,20,1524,2.0,3.287,2.0,3.287,9.0,5.216,36.0,37.0,8.7033,2.2079,0.1181,0.1941,0.5315,0.308,2.126,2.185,0.514,0.1304,understat
6055,Phil Foden,2023-2024,ENG-Premier League,Manchester City,F M S,Winger,35,2895,19.0,11.308,19.0,11.308,8.0,8.5162,105.0,73.0,30.417,16.999,0.5907,0.3515,0.2487,0.2648,3.2642,2.2694,0.9456,0.5285,understat
618,Raheem Sterling,2023-2024,ENG-Premier League,Chelsea,F M S,Winger,31,1987,8.0,8.5738,8.0,8.5738,4.0,4.9714,51.0,30.0,19.29,8.8981,0.3624,0.3883,0.1812,0.2252,2.31,1.3588,0.8737,0.403,understat
6026,Richarlison,2023-2024,ENG-Premier League,Tottenham,F M S,Winger,28,1511,11.0,9.6191,11.0,9.6191,4.0,1.9676,61.0,15.0,12.7351,2.2887,0.6552,0.5729,0.2383,0.1172,3.6334,0.8934,0.7585,0.1363,understat
5560,Scott McTominay,2023-2024,ENG-Premier League,Manchester United,F M S,Winger,32,1861,7.0,6.7774,7.0,6.7774,1.0,1.062,44.0,11.0,9.3146,3.723,0.3385,0.3278,0.0484,0.0514,2.1279,0.532,0.4505,0.18,understat
11710,Simon Adingra,2023-2024,ENG-Premier League,Brighton,D F M S,Winger,31,2256,6.0,5.0967,6.0,5.0967,1.0,3.3021,52.0,33.0,13.1042,6.3081,0.2394,0.2033,0.0399,0.1317,2.0745,1.3165,0.5228,0.2517,understat
453,Son Heung-Min,2023-2024,ENG-Premier League,Tottenham,F M S,Winger,35,2989,17.0,12.9786,15.0,11.4563,10.0,13.341,85.0,69.0,30.1156,10.446,0.5119,0.3908,0.3011,0.4017,2.5594,2.0776,0.9068,0.3145,understat
7439,Tahith Chong,2023-2024,ENG-Premier League,Luton,D F M S,Winger,33,1978,4.0,3.5192,4.0,3.5192,0.0,0.4376,30.0,9.0,5.8977,3.5753,0.182,0.1601,0.0,0.0199,1.365,0.4095,0.2684,0.1627,understat
65,Timo Werner,2023-2024,ENG-Premier League,Tottenham,F M S,Winger,13,827,2.0,4.2129,2.0,4.2129,3.0,3.477,29.0,15.0,10.5072,3.7678,0.2177,0.4585,0.3265,0.3784,3.156,1.6324,1.1435,0.41,understat
700,Willian,2023-2024,ENG-Premier League,Fulham,F M S,Winger,31,2080,4.0,5.0177,2.0,3.4953,2.0,4.1452,45.0,45.0,13.5922,9.2973,0.1731,0.2171,0.0865,0.1794,1.9471,1.9471,0.5881,0.4023,understat
10822,Wilson Odobert,2023-2024,ENG-Premier League,Burnley,F M S,Winger,29,2150,3.0,2.5439,3.0,2.5439,2.0,4.4278,49.0,31.0,10.0048,4.2033,0.1256,0.1065,0.0837,0.1854,2.0512,1.2977,0.4188,0.176,understat
5956,Youri Tielemans,2023-2024,ENG-Premier League,Aston Villa,F M S,Winger,32,1580,2.0,1.0049,2.0,1.0049,6.0,3.0543,14.0,18.0,10.6753,8.0608,0.1139,0.0572,0.3418,0.174,0.7975,1.0253,0.6081,0.4592,understat
11701,Zeki Amdouni,2023-2024,ENG-Premier League,Burnley,F M S,Winger,34,2025,5.0,6.1005,4.0,5.3393,1.0,1.4948,49.0,16.0,7.8884,2.6892,0.2222,0.2711,0.0444,0.0664,2.1778,0.7111,0.3506,0.1195,understat
534,Aaron Cresswell,2024-2025,ENG-Premier League,West Ham,D S,Defender,18,821,0.0,0.1509,0.0,0.1509,0.0,1.5896,5.0,9.0,2.4189,1.7283,0.0,0.0165,0.0,0.1743,0.5481,0.9866,0.2652,0.1895,understat
11763,Abduqodir Khusanov,2024-2025,ENG-Premier League,Manchester City,D,Defender,6,506,0.0,0.0155,0.0,0.0155,0.0,0.1057,1.0,2.0,2.7787,2.7635,0.0,0.0028,0.0,0.0188,0.1779,0.3557,0.4942,0.4915,understat
825,Adam Smith,2024-2025,ENG-Premier League,Bournemouth,D S,Defender,25,1625,0.0,0.3261,0.0,0.3261,0.0,0.4431,3.0,8.0,5.3391,4.7455,0.0,0.0181,0.0,0.0245,0.1662,0.4431,0.2957,0.2628,understat
7699,Adam Webster,2024-2025,ENG-Premier League,Brighton,D S,Defender,14,888,0.0,0.3765,0.0,0.3765,0.0,0.3819,5.0,3.0,4.8233,4.7511,0.0,0.0382,0.0,0.0387,0.5068,0.3041,0.4888,0.4815,understat
1688,Andrew Robertson,2024-2025,ENG-Premier League,Liverpool,D S,Defender,33,2511,0.0,1.5657,0.0,1.5657,1.0,4.8816,15.0,40.0,19.9313,15.6779,0.0,0.0561,0.0358,0.175,0.5376,1.4337,0.7144,0.5619,understat
631,Ashley Young,2024-2025,ENG-Premier League,Everton,D S,Defender,32,1824,1.0,0.2523,1.0,0.2523,3.0,2.9377,6.0,26.0,4.8678,3.145,0.0493,0.0124,0.148,0.145,0.2961,1.2829,0.2402,0.1552,understat
6885,Axel Disasi,2024-2025,ENG-Premier League,"Aston Villa,Chelsea",D S,Defender,13,844,1.0,0.6245,1.0,0.6245,0.0,0.3375,4.0,5.0,2.5078,2.2157,0.1066,0.0666,0.0,0.036,0.4265,0.5332,0.2674,0.2363,understat
934,Axel Tuanzebe,2024-2025,ENG-Premier League,Ipswich,D S,Defender,22,1731,0.0,0.3538,0.0,0.3538,1.0,0.6263,4.0,5.0,3.9006,3.3179,0.0,0.0184,0.052,0.0326,0.208,0.26,0.2028,0.1725,understat
660,Ben Davies,2024-2025,ENG-Premier League,Tottenham,D S,Defender,17,1325,0.0,0.3614,0.0,0.3614,0.0,0.0992,5.0,2.0,5.1787,5.1665,0.0,0.0246,0.0,0.0067,0.3396,0.1358,0.3518,0.3509,understat
7298,Ben White,2024-2025,ENG-Premier League,Arsenal,D S,Defender,17,1192,0.0,0.4338,0.0,0.4338,2.0,1.45,9.0,10.0,4.3463,3.8967,0.0,0.0328,0.151,0.1095,0.6795,0.755,0.3282,0.2942,understat
7333,Caleb Okoli,2024-2025,ENG-Premier League,Leicester,D S,Defender,19,1113,1.0,0.8699,1.0,0.8699,0.0,0.0,4.0,0.0,2.4788,2.4601,0.0809,0.0703,0.0,0.0,0.3235,0.0,0.2004,0.1989,understat
11728,Calvin Bassey,2024-2025,ENG-Premier League,Fulham,D S,Defender,35,3072,1.0,1.1176,1.0,1.1176,0.0,0.1131,14.0,3.0,10.4572,10.3198,0.0293,0.0327,0.0,0.0033,0.4102,0.0879,0.3064,0.3023,understat
12755,Cameron Burgess,2024-2025,ENG-Premier League,Ipswich,D S,Defender,18,1538,0.0,0.9313,0.0,0.9313,2.0,0.3767,10.0,7.0,4.1141,3.4299,0.0,0.0545,0.117,0.022,0.5852,0.4096,0.2407,0.2007,understat
8430,Chris Richards,2024-2025,ENG-Premier League,Crystal Palace,D S,Defender,24,1925,1.0,1.6956,1.0,1.6956,0.0,0.1143,12.0,2.0,4.3236,4.2093,0.0468,0.0793,0.0,0.0053,0.561,0.0935,0.2021,0.1968,understat
10120,Conor Bradley,2024-2025,ENG-Premier League,Liverpool,D S,Defender,19,736,0.0,1.1355,0.0,1.1355,2.0,1.9163,10.0,7.0,7.8656,5.1931,0.0,0.1389,0.2446,0.2343,1.2228,0.856,0.9618,0.635,understat
6851,Conor Coady,2024-2025,ENG-Premier League,Leicester,D S,Defender,22,1710,1.0,0.6421,1.0,0.6421,0.0,0.0702,2.0,1.0,5.113,4.5,0.0526,0.0338,0.0,0.0037,0.1053,0.0526,0.2691,0.2368,understat
804,Craig Dawson,2024-2025,ENG-Premier League,Wolverhampton Wanderers,D S,Defender,15,950,0.0,0.4068,0.0,0.4068,0.0,0.0698,5.0,2.0,2.3292,2.3171,0.0,0.0385,0.0,0.0066,0.4737,0.1895,0.2207,0.2195,understat
7218,Cristian Romero,2024-2025,ENG-Premier League,Tottenham,D,Defender,18,1426,1.0,1.9051,1.0,1.9051,0.0,0.6253,16.0,7.0,6.6631,6.3244,0.0631,0.1202,0.0,0.0395,1.0098,0.4418,0.4205,0.3992,understat
7382,Dan Burn,2024-2025,ENG-Premier League,Newcastle United,D,Defender,37,3330,1.0,2.5744,1.0,2.5744,1.0,1.1637,21.0,9.0,10.6856,10.0757,0.027,0.0696,0.027,0.0315,0.5676,0.2432,0.2888,0.2723,understat
12408,Daniel Muñoz,2024-2025,ENG-Premier League,Crystal Palace,D,Defender,37,3237,4.0,5.7915,4.0,5.7915,5.0,5.9425,37.0,45.0,17.363,7.9088,0.1112,0.161,0.139,0.1652,1.0287,1.2512,0.4828,0.2199,understat
8756,Dara O&#039;Shea,2024-2025,ENG-Premier League,Ipswich,D,Defender,35,3129,0.0,1.565,0.0,1.565,2.0,0.7031,22.0,3.0,8.6104,7.7821,0.0,0.045,0.0575,0.0202,0.6328,0.0863,0.2477,0.2238,understat
11943,Dean Huijsen,2024-2025,ENG-Premier League,Bournemouth,D S,Defender,32,2403,3.0,1.5729,3.0,1.5729,2.0,2.3319,17.0,15.0,11.5502,10.0397,0.1124,0.0589,0.0749,0.0873,0.6367,0.5618,0.4326,0.376,understat
5712,Diego Carlos,2024-2025,ENG-Premier League,Aston Villa,D S,Defender,10,828,0.0,0.9729,0.0,0.9729,0.0,0.0,4.0,0.0,2.882,2.882,0.0,0.1057,0.0,0.0,0.4348,0.0,0.3133,0.3133,understat
7281,Diogo Dalot,2024-2025,ENG-Premier League,Manchester United,D S,Defender,33,2821,0.0,1.6991,0.0,1.6991,3.0,2.5789,24.0,26.0,10.508,8.3847,0.0,0.0542,0.0957,0.0823,0.7657,0.8295,0.3352,0.2675,understat
10764,Djed Spence,2024-2025,ENG-Premier League,Tottenham,D S,Defender,25,1784,1.0,0.417,1.0,0.417,2.0,1.8481,10.0,11.0,6.8937,6.0086,0.0504,0.021,0.1009,0.0932,0.5045,0.5549,0.3478,0.3031,understat
10856,Emmanuel Agbadou,2024-2025,ENG-Premier League,Wolverhampton Wanderers,D,Defender,16,1414,1.0,0.6944,1.0,0.6944,0.0,0.1892,7.0,4.0,3.7824,3.7526,0.0636,0.0442,0.0,0.012,0.4455,0.2546,0.2407,0.2388,understat
5136,Estupiñán,2024-2025,ENG-Premier League,Brighton,D S,Defender,30,2404,1.0,1.3183,1.0,1.3183,1.0,2.3208,28.0,27.0,12.299,10.6156,0.0374,0.0494,0.0374,0.0869,1.0483,1.0108,0.4604,0.3974,understat
9678,Ethan Pinnock,2024-2025,ENG-Premier League,Brentford,D S,Defender,22,1912,2.0,0.9376,2.0,0.9376,0.0,1.5103,10.0,8.0,8.1411,7.1104,0.0941,0.0441,0.0,0.0711,0.4707,0.3766,0.3832,0.3347,understat
7726,Ezri Konsa Ngoyo,2024-2025,ENG-Premier League,Aston Villa,D S,Defender,34,2934,2.0,1.1035,2.0,1.1035,0.0,0.4107,11.0,6.0,9.7362,9.216,0.0613,0.0338,0.0,0.0126,0.3374,0.184,0.2987,0.2827,understat
76,Fabian Schär,2024-2025,ENG-Premier League,Newcastle United,D S,Defender,34,2938,4.0,4.2034,4.0,4.2034,0.0,0.3913,40.0,5.0,9.6831,8.5122,0.1225,0.1288,0.0,0.012,1.2253,0.1532,0.2966,0.2608,understat
5613,Gabriel,2024-2025,ENG-Premier League,Arsenal,D,Defender,28,2376,3.0,4.3003,3.0,4.3003,1.0,1.2211,22.0,13.0,11.2778,10.1669,0.1136,0.1629,0.0379,0.0463,0.8333,0.4924,0.4272,0.3851,understat
1687,Harry Maguire,2024-2025,ENG-Premier League,Manchester United,D S,Defender,27,1752,1.0,2.3423,1.0,2.3423,0.0,0.9308,16.0,8.0,5.2076,3.6736,0.0514,0.1203,0.0,0.0478,0.8219,0.411,0.2675,0.1887,understat
11807,Ian Maatsen,2024-2025,ENG-Premier League,Aston Villa,D S,Defender,29,1073,1.0,0.9798,1.0,0.9798,2.0,3.0339,19.0,19.0,9.6903,8.367,0.0839,0.0822,0.1678,0.2545,1.5937,1.5937,0.8128,0.7018,understat
6326,Ibrahima Konaté,2024-2025,ENG-Premier League,Liverpool,D S,Defender,31,2578,1.0,1.857,1.0,1.857,2.0,1.0275,19.0,10.0,17.3227,16.6425,0.0349,0.0648,0.0698,0.0359,0.6633,0.3491,0.6047,0.581,understat
7943,Igor Julio,2024-2025,ENG-Premier League,Brighton,D S,Defender,13,959,0.0,0.0835,0.0,0.0835,0.0,0.1428,1.0,2.0,4.9706,4.8278,0.0,0.0078,0.0,0.0134,0.0938,0.1877,0.4665,0.4531,understat
11486,Illia Zabarnyi,2024-2025,ENG-Premier League,Bournemouth,D S,Defender,36,3116,0.0,1.3496,0.0,1.3496,1.0,0.962,12.0,12.0,7.4313,7.2118,0.0,0.039,0.0289,0.0278,0.3466,0.3466,0.2146,0.2083,understat
3203,Issa Diop,2024-2025,ENG-Premier League,Fulham,D S,Defender,21,1332,0.0,0.4851,0.0,0.4851,0.0,0.1431,5.0,3.0,3.8768,3.789,0.0,0.0328,0.0,0.0097,0.3378,0.2027,0.2619,0.256,understat
8831,Iyenoma Destiny Udogie,2024-2025,ENG-Premier League,Tottenham,D S,Defender,25,1949,0.0,0.3497,0.0,0.3497,1.0,1.2607,5.0,16.0,9.8316,9.1745,0.0,0.0161,0.0462,0.0582,0.2309,0.7388,0.454,0.4237,understat
1735,Jack Stephens,2024-2025,ENG-Premier League,Southampton,D S,Defender,19,1418,1.0,0.6748,1.0,0.6748,0.0,0.288,4.0,3.0,3.4234,3.3819,0.0635,0.0428,0.0,0.0183,0.2539,0.1904,0.2173,0.2146,understat
12745,Jacob Greaves,2024-2025,ENG-Premier League,Ipswich,D,Defender,25,2208,1.0,1.4358,1.0,1.4358,0.0,0.226,10.0,6.0,3.7185,3.5595,0.0408,0.0585,0.0,0.0092,0.4076,0.2446,0.1516,0.1451,understat
12014,Jake O&#039;Brien,2024-2025,ENG-Premier League,Everton,D S,Defender,20,1561,2.0,1.22,2.0,1.22,0.0,0.6677,6.0,6.0,4.7437,3.9247,0.1153,0.0703,0.0,0.0385,0.3459,0.3459,0.2735,0.2263,understat
10012,Jakub Kiwior,2024-2025,ENG-Premier League,Arsenal,D S,Defender,17,1102,1.0,0.2143,1.0,0.2143,0.0,0.5098,3.0,5.0,3.4406,3.2759,0.0817,0.0175,0.0,0.0416,0.245,0.4083,0.281,0.2675,understat
11359,James Bree,2024-2025,ENG-Premier League,Southampton,D S,Defender,17,1077,0.0,0.1094,0.0,0.1094,1.0,1.0717,4.0,9.0,3.7004,3.0009,0.0,0.0091,0.0836,0.0896,0.3343,0.7521,0.3092,0.2508,understat
10747,James Hill,2024-2025,ENG-Premier League,Bournemouth,D S,Defender,10,458,0.0,0.1945,0.0,0.1945,1.0,0.3441,6.0,3.0,2.398,2.0917,0.0,0.0382,0.1965,0.0676,1.179,0.5895,0.4712,0.411,understat
7753,James Justin,2024-2025,ENG-Premier League,Leicester,D S,Defender,36,2937,2.0,2.0466,2.0,2.0466,2.0,0.9607,25.0,15.0,6.9224,5.9153,0.0613,0.0627,0.0613,0.0294,0.7661,0.4597,0.2121,0.1813,understat
1665,James Tarkowski,2024-2025,ENG-Premier League,Everton,D,Defender,33,2926,1.0,1.2661,1.0,1.2661,1.0,2.7973,15.0,16.0,5.2075,4.6344,0.0308,0.0389,0.0308,0.086,0.4614,0.4921,0.1602,0.1425,understat
6042,Jan Bednarek,2024-2025,ENG-Premier League,Southampton,D,Defender,30,2538,2.0,1.0302,2.0,1.0302,0.0,0.3539,5.0,5.0,6.6196,6.1905,0.0709,0.0365,0.0,0.0126,0.1773,0.1773,0.2347,0.2195,understat
10807,Jan Paul van Hecke,2024-2025,ENG-Premier League,Brighton,D S,Defender,34,2962,1.0,1.0002,1.0,1.0002,1.0,1.5587,17.0,16.0,14.8462,13.8114,0.0304,0.0304,0.0304,0.0474,0.5165,0.4862,0.4511,0.4197,understat
111,Jannik Vestergaard,2024-2025,ENG-Premier League,Leicester,D S,Defender,18,1411,0.0,0.1115,0.0,0.1115,0.0,0.0719,3.0,3.0,3.8136,3.7926,0.0,0.0071,0.0,0.0046,0.1914,0.1914,0.2433,0.2419,understat
10187,Jarell Quansah,2024-2025,ENG-Premier League,Liverpool,D S,Defender,13,478,0.0,0.0915,0.0,0.0915,0.0,0.1051,1.0,2.0,2.494,2.4206,0.0,0.0172,0.0,0.0198,0.1883,0.3766,0.4696,0.4558,understat
8476,Jarrad Branthwaite,2024-2025,ENG-Premier League,Everton,D S,Defender,30,2510,0.0,1.3814,0.0,1.3814,1.0,0.6528,10.0,3.0,4.8626,4.7077,0.0,0.0495,0.0359,0.0234,0.3586,0.1076,0.1744,0.1688,understat
6816,Jean-Clair Todibo,2024-2025,ENG-Premier League,West Ham,D S,Defender,27,1833,0.0,0.2778,0.0,0.2778,0.0,0.0298,5.0,2.0,3.5863,3.5863,0.0,0.0136,0.0,0.0015,0.2455,0.0982,0.1761,0.1761,understat
6314,Joachim Andersen,2024-2025,ENG-Premier League,"Crystal Palace,Fulham",D,Defender,30,2678,0.0,0.8852,0.0,0.8852,0.0,0.2805,20.0,4.0,10.6726,10.4441,0.0,0.0298,0.0,0.0094,0.6721,0.1344,0.3587,0.351,understat
586,John Stones,2024-2025,ENG-Premier League,Manchester City,D S,Defender,11,539,2.0,0.6665,2.0,0.6665,0.0,0.0838,2.0,2.0,2.6725,2.6725,0.334,0.1113,0.0,0.014,0.334,0.334,0.4462,0.4462,understat
987,Joseph Gomez,2024-2025,ENG-Premier League,Liverpool,D S,Defender,9,510,0.0,0.3743,0.0,0.3743,0.0,0.0807,3.0,2.0,4.231,4.2,0.0,0.0661,0.0,0.0142,0.5294,0.3529,0.7466,0.7412,understat
9790,Josko Gvardiol,2024-2025,ENG-Premier League,Manchester City,D S,Defender,37,3277,5.0,4.6074,5.0,4.6074,0.0,2.0649,40.0,26.0,22.9384,18.7482,0.1373,0.1265,0.0,0.0567,1.0986,0.7141,0.63,0.5149,understat
8780,Joël Veltman,2024-2025,ENG-Premier League,Brighton,D S,Defender,21,1714,0.0,0.7977,0.0,0.7977,0.0,0.7568,6.0,6.0,6.4766,5.0723,0.0,0.0419,0.0,0.0397,0.3151,0.3151,0.3401,0.2663,understat
11745,Julián Araujo,2024-2025,ENG-Premier League,Bournemouth,D S,Defender,12,496,0.0,0.0,0.0,0.0,0.0,0.0628,0.0,1.0,1.8003,1.8003,0.0,0.0,0.0,0.0114,0.0,0.1815,0.3267,0.3267,understat
11707,Jurriën Timber,2024-2025,ENG-Premier League,Arsenal,D S,Defender,30,2443,1.0,1.3133,1.0,1.3133,3.0,1.1327,14.0,17.0,10.5894,9.3674,0.0368,0.0484,0.1105,0.0417,0.5158,0.6263,0.3901,0.3451,understat
5973,Kenny Tete,2024-2025,ENG-Premier League,Fulham,D S,Defender,22,1790,0.0,1.5954,0.0,1.5954,2.0,0.675,25.0,9.0,7.3725,6.5406,0.0,0.0802,0.1006,0.0339,1.257,0.4525,0.3707,0.3289,understat
5261,Kevin Danso,2024-2025,ENG-Premier League,Tottenham,D S,Defender,10,840,0.0,0.2737,0.0,0.2737,0.0,0.0685,7.0,2.0,2.7478,2.703,0.0,0.0293,0.0,0.0073,0.75,0.2143,0.2944,0.2896,understat
652,Kieran Trippier,2024-2025,ENG-Premier League,Newcastle United,D S,Defender,25,1311,0.0,0.1579,0.0,0.1579,3.0,1.8059,4.0,21.0,6.4625,6.1906,0.0,0.0108,0.2059,0.124,0.2746,1.4416,0.4436,0.425,understat
6722,Konstantinos Mavropanos,2024-2025,ENG-Premier League,West Ham,D S,Defender,33,2028,0.0,1.6613,0.0,1.6613,0.0,0.6752,18.0,5.0,4.6871,4.526,0.0,0.0737,0.0,0.03,0.7988,0.2219,0.208,0.2009,understat
8852,Konstantinos Tsimikas,2024-2025,ENG-Premier League,Liverpool,D S,Defender,18,819,0.0,0.5642,0.0,0.5642,1.0,2.5979,4.0,16.0,7.0638,5.9823,0.0,0.062,0.1099,0.2855,0.4396,1.7582,0.7762,0.6574,understat
9677,Kristoffer Ajer,2024-2025,ENG-Premier League,Brentford,D S,Defender,24,1450,0.0,1.1425,0.0,1.1425,0.0,1.4724,9.0,9.0,4.8228,2.9707,0.0,0.0709,0.0,0.0914,0.5586,0.5586,0.2993,0.1844,understat
638,Kyle Walker,2024-2025,ENG-Premier League,Manchester City,D S,Defender,15,968,0.0,0.1099,0.0,0.1099,0.0,0.7248,5.0,7.0,6.893,6.7469,0.0,0.0102,0.0,0.0674,0.4649,0.6508,0.6409,0.6273,understat
8919,Leif Davis,2024-2025,ENG-Premier League,Ipswich,D S,Defender,33,2760,1.0,0.798,1.0,0.798,2.0,6.0618,16.0,61.0,7.2669,4.0115,0.0326,0.026,0.0652,0.1977,0.5217,1.9891,0.237,0.1308,understat
10564,Leny Yoro,2024-2025,ENG-Premier League,Manchester United,D S,Defender,21,1152,0.0,1.1258,0.0,1.1258,0.0,0.0538,5.0,2.0,4.2568,3.4263,0.0,0.088,0.0,0.0042,0.3906,0.1562,0.3326,0.2677,understat
10805,Levi Colwill,2024-2025,ENG-Premier League,Chelsea,D,Defender,35,3150,2.0,2.4856,2.0,2.4856,1.0,1.0662,17.0,12.0,15.1627,13.8436,0.0571,0.071,0.0286,0.0305,0.4857,0.3429,0.4332,0.3955,understat
6048,Lewis Dunk,2024-2025,ENG-Premier League,Brighton,D S,Defender,25,2083,0.0,1.107,0.0,1.107,0.0,0.5168,12.0,5.0,10.1973,10.1028,0.0,0.0478,0.0,0.0223,0.5185,0.216,0.4406,0.4365,understat
10216,Lewis Hall,2024-2025,ENG-Premier League,Newcastle United,D S,Defender,27,2200,0.0,0.5364,0.0,0.5364,4.0,3.9511,11.0,33.0,12.6892,10.6449,0.0,0.0219,0.1636,0.1616,0.45,1.35,0.5191,0.4355,understat
10802,Lisandro Martínez,2024-2025,ENG-Premier League,Manchester United,D,Defender,20,1762,2.0,1.6867,2.0,1.6867,1.0,1.3576,17.0,9.0,9.6392,8.2332,0.1022,0.0862,0.0511,0.0693,0.8683,0.4597,0.4924,0.4205,understat
1823,Lucas Digne,2024-2025,ENG-Premier League,Aston Villa,D S,Defender,32,2413,0.0,0.7811,0.0,0.7811,4.0,6.966,13.0,36.0,8.9903,6.627,0.0,0.0291,0.1492,0.2598,0.4849,1.3427,0.3353,0.2472,understat
8562,Luke Thomas,2024-2025,ENG-Premier League,Leicester,D S,Defender,14,1123,0.0,0.3487,0.0,0.3487,0.0,0.4182,5.0,8.0,1.7491,1.3889,0.0,0.0279,0.0,0.0335,0.4007,0.6411,0.1402,0.1113,understat
12746,Luke Woolfenden,2024-2025,ENG-Premier League,Ipswich,D S,Defender,15,1170,0.0,0.0581,0.0,0.0581,0.0,0.0,1.0,0.0,1.3068,1.3068,0.0,0.0045,0.0,0.0,0.0769,0.0,0.1005,0.1005,understat
9685,Mads Roerslev,2024-2025,ENG-Premier League,Brentford,D S,Defender,19,1079,0.0,0.222,0.0,0.222,2.0,2.7905,5.0,14.0,5.1774,2.4617,0.0,0.0185,0.1668,0.2328,0.4171,1.1677,0.4318,0.2053,understat
9017,Malo Gusto,2024-2025,ENG-Premier League,Chelsea,D S,Defender,32,1838,0.0,1.5562,0.0,1.5562,1.0,1.3433,22.0,22.0,10.9802,9.0307,0.0,0.0762,0.049,0.0658,1.0773,1.0773,0.5377,0.4422,understat
6490,Manuel Akanji,2024-2025,ENG-Premier League,Manchester City,D S,Defender,26,2017,0.0,1.0099,0.0,1.0099,0.0,0.4247,15.0,9.0,13.8797,13.6113,0.0,0.0451,0.0,0.0189,0.6693,0.4016,0.6193,0.6073,understat
7134,Marc Cucurella,2024-2025,ENG-Premier League,Chelsea,D S,Defender,36,3006,5.0,3.1617,5.0,3.1617,1.0,1.8079,24.0,19.0,15.4875,12.0767,0.1497,0.0947,0.0299,0.0541,0.7186,0.5689,0.4637,0.3616,understat
10864,Marcos Senesi,2024-2025,ENG-Premier League,Bournemouth,D S,Defender,17,1117,0.0,0.6512,0.0,0.6512,0.0,0.2383,2.0,5.0,4.3485,4.1686,0.0,0.0525,0.0,0.0192,0.1611,0.4029,0.3504,0.3359,understat
6852,Matt Doherty,2024-2025,ENG-Premier League,Wolverhampton Wanderers,D S,Defender,30,2140,2.0,1.5767,2.0,1.5767,1.0,1.7242,10.0,12.0,8.0575,6.3443,0.0841,0.0663,0.0421,0.0725,0.4206,0.5047,0.3389,0.2668,understat
7902,Matthijs de Ligt,2024-2025,ENG-Premier League,Manchester United,D S,Defender,29,2141,2.0,2.872,2.0,2.872,0.0,0.2811,18.0,6.0,5.2497,4.9913,0.0841,0.1207,0.0,0.0118,0.7567,0.2522,0.2207,0.2098,understat
7332,Max Kilman,2024-2025,ENG-Premier League,West Ham,D,Defender,38,3348,0.0,1.7148,0.0,1.7148,1.0,0.9289,13.0,16.0,7.727,7.1784,0.0,0.0461,0.0269,0.025,0.3495,0.4301,0.2077,0.193,understat
8853,Maxence Lacroix,2024-2025,ENG-Premier League,Crystal Palace,D,Defender,35,3126,1.0,2.7525,1.0,2.7525,1.0,1.6881,30.0,8.0,8.1401,6.9428,0.0288,0.0792,0.0288,0.0486,0.8637,0.2303,0.2344,0.1999,understat
11281,Michael Kayode,2024-2025,ENG-Premier League,Brentford,D S,Defender,12,527,0.0,0.1811,0.0,0.1811,1.0,0.9814,2.0,8.0,2.7945,1.632,0.0,0.0309,0.1708,0.1676,0.3416,1.3662,0.4772,0.2787,understat
1653,Michael Keane,2024-2025,ENG-Premier League,Everton,D S,Defender,14,1043,3.0,1.1266,3.0,1.1266,0.0,0.1236,10.0,1.0,1.2808,1.2519,0.2589,0.0972,0.0,0.0107,0.8629,0.0863,0.1105,0.108,understat
10050,Micky van de Ven,2024-2025,ENG-Premier League,Tottenham,D S,Defender,13,1031,0.0,0.771,0.0,0.771,2.0,1.1784,6.0,2.0,5.8283,4.6499,0.0,0.0673,0.1746,0.1029,0.5238,0.1746,0.5088,0.4059,understat
11709,Milos Kerkez,2024-2025,ENG-Premier League,Bournemouth,D,Defender,38,3359,2.0,0.7434,2.0,0.7434,5.0,4.9144,19.0,35.0,13.3909,9.969,0.0536,0.0199,0.134,0.1317,0.5091,0.9378,0.3588,0.2671,understat
13068,Morato,2024-2025,ENG-Premier League,Nottingham Forest,D S,Defender,26,852,0.0,0.1038,0.0,0.1038,0.0,0.0,2.0,0.0,2.0777,2.0777,0.0,0.011,0.0,0.0,0.2113,0.0,0.2195,0.2195,understat
12123,Murillo,2024-2025,ENG-Premier League,Nottingham Forest,D,Defender,36,3199,2.0,1.9497,2.0,1.9497,0.0,1.3909,25.0,12.0,5.3695,4.5544,0.0563,0.0549,0.0,0.0391,0.7033,0.3376,0.1511,0.1281,understat
12272,Myles Lewis-Skelly,2024-2025,ENG-Premier League,Arsenal,D S,Defender,23,1371,1.0,0.2545,1.0,0.2545,0.0,0.4992,3.0,8.0,5.4651,5.0741,0.0656,0.0167,0.0,0.0328,0.1969,0.5252,0.3588,0.3331,understat
579,Nathan Aké,2024-2025,ENG-Premier League,Manchester City,D S,Defender,10,684,0.0,0.2419,0.0,0.2419,0.0,0.016,3.0,1.0,3.5274,3.3895,0.0,0.0318,0.0,0.0021,0.3947,0.1316,0.4641,0.446,understat
9733,Nathan Collins,2024-2025,ENG-Premier League,Brentford,D,Defender,38,3420,2.0,2.6544,2.0,2.6544,3.0,1.9734,17.0,9.0,10.904,10.0507,0.0526,0.0699,0.0789,0.0519,0.4474,0.2368,0.2869,0.2645,understat
12763,Nathan Wood,2024-2025,ENG-Premier League,Southampton,D S,Defender,11,780,0.0,0.2938,0.0,0.2938,0.0,0.0215,2.0,1.0,2.3716,2.3501,0.0,0.0339,0.0,0.0025,0.2308,0.1154,0.2736,0.2712,understat
603,Nathaniel Clyne,2024-2025,ENG-Premier League,Crystal Palace,D S,Defender,13,483,0.0,0.0234,0.0,0.0234,0.0,0.1614,2.0,3.0,1.4451,1.2837,0.0,0.0044,0.0,0.0301,0.3727,0.559,0.2693,0.2392,understat
11592,Nico O&#039;Reilly,2024-2025,ENG-Premier League,Manchester City,D S,Defender,9,526,2.0,1.0967,2.0,1.0967,0.0,0.2605,8.0,4.0,2.7525,1.652,0.3422,0.1876,0.0,0.0446,1.3688,0.6844,0.471,0.2827,understat
6174,Nikola Milenkovic,2024-2025,ENG-Premier League,Nottingham Forest,D,Defender,37,3330,5.0,4.5712,5.0,4.5712,2.0,1.0439,29.0,9.0,5.9734,4.9077,0.1351,0.1235,0.0541,0.0282,0.7838,0.2432,0.1614,0.1326,understat
10696,Noussair Mazraoui,2024-2025,ENG-Premier League,Manchester United,D S,Defender,37,2881,0.0,0.8145,0.0,0.8145,1.0,1.5644,13.0,20.0,10.5478,9.0858,0.0,0.0254,0.0312,0.0489,0.4061,0.6248,0.3295,0.2838,understat
6163,Nélson Semedo,2024-2025,ENG-Premier League,Wolverhampton Wanderers,D S,Defender,34,2897,0.0,0.9947,0.0,0.9947,4.0,2.1852,18.0,25.0,9.7999,7.223,0.0,0.0309,0.1243,0.0679,0.5592,0.7767,0.3044,0.2244,understat
11944,Patrick Dorgu,2024-2025,ENG-Premier League,Manchester United,D S,Defender,12,843,0.0,0.3947,0.0,0.3947,0.0,0.969,10.0,11.0,2.9226,1.9455,0.0,0.0421,0.0,0.1034,1.0676,1.1744,0.312,0.2077,understat
6221,Pau Torres,2024-2025,ENG-Premier League,Aston Villa,D S,Defender,24,2011,0.0,0.3871,0.0,0.3871,0.0,0.1446,8.0,3.0,7.1924,7.0646,0.0,0.0173,0.0,0.0065,0.358,0.1343,0.3219,0.3162,understat
6912,Pedro Porro,2024-2025,ENG-Premier League,Tottenham,D S,Defender,33,2611,2.0,1.8373,2.0,1.8373,6.0,6.576,39.0,57.0,15.4505,12.0033,0.0689,0.0633,0.2068,0.2267,1.3443,1.9648,0.5326,0.4137,understat
9105,Radu Dragusin,2024-2025,ENG-Premier League,Tottenham,D S,Defender,16,1264,0.0,0.1773,0.0,0.1773,0.0,0.5174,5.0,4.0,4.849,4.778,0.0,0.0126,0.0,0.0368,0.356,0.2848,0.3453,0.3402,understat
8129,Riccardo Calafiori,2024-2025,ENG-Premier League,Arsenal,D S,Defender,19,986,2.0,0.7748,2.0,0.7748,1.0,0.4056,10.0,6.0,4.1176,3.7666,0.1826,0.0707,0.0913,0.037,0.9128,0.5477,0.3758,0.3438,understat
8961,Rúben Dias,2024-2025,ENG-Premier League,Manchester City,D S,Defender,27,2262,0.0,1.3357,0.0,1.3357,0.0,0.2134,21.0,5.0,14.7342,14.5673,0.0,0.0531,0.0,0.0085,0.8355,0.1989,0.5862,0.5796,understat
10945,Santiago Bueno,2024-2025,ENG-Premier League,Wolverhampton Wanderers,D S,Defender,29,1672,0.0,0.3284,0.0,0.3284,0.0,0.0,6.0,0.0,3.8933,3.8738,0.0,0.0177,0.0,0.0,0.323,0.0,0.2096,0.2085,understat
10721,Sepp van den Berg,2024-2025,ENG-Premier League,Brentford,D S,Defender,31,2602,0.0,2.1478,0.0,2.1478,0.0,1.0298,20.0,7.0,11.5455,9.675,0.0,0.0743,0.0,0.0356,0.6918,0.2421,0.3993,0.3346,understat
8495,Taylor Harwood-Bellis,2024-2025,ENG-Premier League,Southampton,D S,Defender,34,2832,1.0,2.1952,1.0,2.1952,0.0,1.9899,20.0,14.0,7.3812,6.123,0.0318,0.0698,0.0,0.0632,0.6356,0.4449,0.2346,0.1946,understat
6157,Timothy Castagne,2024-2025,ENG-Premier League,Fulham,D S,Defender,24,1627,0.0,0.3607,0.0,0.3607,1.0,0.8743,8.0,10.0,6.59,5.5789,0.0,0.02,0.0553,0.0484,0.4425,0.5532,0.3645,0.3086,understat
5590,Tosin Adarabioyo,2024-2025,ENG-Premier League,Chelsea,D S,Defender,22,1410,1.0,1.186,1.0,1.186,1.0,0.3341,13.0,2.0,8.5696,8.5497,0.0638,0.0757,0.0638,0.0213,0.8298,0.1277,0.547,0.5457,understat
10293,Toti,2024-2025,ENG-Premier League,Wolverhampton Wanderers,D S,Defender,31,2622,0.0,0.9773,0.0,0.9773,1.0,0.9932,7.0,9.0,7.025,6.8781,0.0,0.0335,0.0343,0.0341,0.2403,0.3089,0.2411,0.2361,understat
1791,Trent Alexander-Arnold,2024-2025,ENG-Premier League,Liverpool,D S,Defender,33,2405,3.0,1.8941,3.0,1.8941,6.0,8.0567,45.0,52.0,20.0909,13.7822,0.1123,0.0709,0.2245,0.3015,1.684,1.9459,0.7518,0.5158,understat
6615,Trevoh Chalobah,2024-2025,ENG-Premier League,"Chelsea,Crystal Palace",D S,Defender,25,1983,3.0,2.5484,3.0,2.5484,1.0,2.152,18.0,8.0,6.1127,5.5258,0.1362,0.1157,0.0454,0.0977,0.8169,0.3631,0.2774,0.2508,understat
8214,Tyrick Mitchell,2024-2025,ENG-Premier League,Crystal Palace,D,Defender,37,3131,0.0,1.4204,0.0,1.4204,5.0,7.1097,12.0,41.0,14.7243,7.3928,0.0,0.0408,0.1437,0.2044,0.3449,1.1785,0.4232,0.2125,understat
1024,Tyrone Mings,2024-2025,ENG-Premier League,Aston Villa,D S,Defender,14,1137,0.0,0.7992,0.0,0.7992,0.0,0.1797,9.0,3.0,5.2533,5.0775,0.0,0.0633,0.0,0.0142,0.7124,0.2375,0.4158,0.4019,understat
9512,Valentino Livramento,2024-2025,ENG-Premier League,Newcastle United,D S,Defender,37,2848,0.0,0.325,0.0,0.325,1.0,3.1475,6.0,25.0,13.3969,10.8081,0.0,0.0103,0.0316,0.0995,0.1896,0.79,0.4234,0.3415,understat
6080,Victor Lindelöf,2024-2025,ENG-Premier League,Manchester United,D S,Defender,16,679,0.0,0.0,0.0,0.0,0.0,0.1225,0.0,3.0,1.1769,1.0819,0.0,0.0,0.0,0.0162,0.0,0.3976,0.156,0.1434,understat
833,Virgil van Dijk,2024-2025,ENG-Premier League,Liverpool,D,Defender,37,3330,3.0,2.8214,3.0,2.8214,1.0,1.2136,26.0,12.0,22.2956,21.5174,0.0811,0.0763,0.027,0.0328,0.7027,0.3243,0.6026,0.5816,understat
10291,Vitalii Mykolenko,2024-2025,ENG-Premier League,Everton,D,Defender,35,3085,1.0,0.6015,1.0,0.6015,2.0,3.0272,14.0,24.0,8.0472,5.3573,0.0292,0.0175,0.0583,0.0883,0.4084,0.7002,0.2348,0.1563,understat
7589,Wesley Fofana,2024-2025,ENG-Premier League,Chelsea,D,Defender,14,1192,0.0,0.2048,0.0,0.2048,0.0,0.526,3.0,6.0,4.9536,4.4307,0.0,0.0155,0.0,0.0397,0.2265,0.453,0.374,0.3345,understat
6888,William Saliba,2024-2025,ENG-Premier League,Arsenal,D,Defender,35,3044,2.0,3.1965,2.0,3.1965,0.0,0.7514,6.0,7.0,14.3453,14.2999,0.0591,0.0945,0.0,0.0222,0.1774,0.207,0.4241,0.4228,understat
8646,Wout Faes,2024-2025,ENG-Premier League,Leicester,D S,Defender,34,2799,1.0,1.5632,1.0,1.5632,0.0,0.1705,12.0,4.0,5.011,4.8082,0.0322,0.0503,0.0,0.0055,0.3859,0.1286,0.1611,0.1546,understat
4120,Álex Moreno,2024-2025,ENG-Premier League,Nottingham Forest,D S,Defender,15,978,0.0,0.217,0.0,0.217,1.0,1.0761,6.0,8.0,2.5304,1.5371,0.0,0.02,0.092,0.099,0.5521,0.7362,0.2329,0.1415,understat
5232,Alexander Isak,2024-2025,ENG-Premier League,Newcastle United,F,Forward,34,2822,23.0,22.357,19.0,19.3123,6.0,5.4487,99.0,42.0,26.2096,3.5792,0.7335,0.713,0.1914,0.1738,3.1573,1.3395,0.8359,0.1142,understat
9983,Beto,2024-2025,ENG-Premier League,Everton,F S,Forward,30,1520,8.0,9.2668,8.0,9.2668,0.0,1.3864,49.0,12.0,8.3155,1.1153,0.4737,0.5487,0.0,0.0821,2.9013,0.7105,0.4924,0.066,understat
9912,Cameron Archer,2024-2025,ENG-Premier League,Southampton,F S,Forward,35,1409,2.0,6.9276,2.0,6.1665,0.0,0.4735,29.0,6.0,7.4672,1.9211,0.1278,0.4425,0.0,0.0302,1.8524,0.3833,0.477,0.1227,understat
4456,Chris Wood,2024-2025,ENG-Premier League,Nottingham Forest,F S,Forward,36,3024,20.0,15.6387,17.0,13.3551,3.0,3.0441,68.0,22.0,14.7202,1.6692,0.5952,0.4654,0.0893,0.0906,2.0238,0.6548,0.4381,0.0497,understat
501,Danny Welbeck,2024-2025,ENG-Premier League,Brighton,F S,Forward,30,2152,10.0,10.456,9.0,9.6949,4.0,2.0768,59.0,23.0,15.518,5.8725,0.4182,0.4373,0.1673,0.0869,2.4675,0.9619,0.649,0.2456,understat
10720,Darwin Núñez,2024-2025,ENG-Premier League,Liverpool,F S,Forward,30,1072,5.0,6.9123,5.0,6.9123,2.0,1.7422,34.0,11.0,11.6966,3.6132,0.4198,0.5803,0.1679,0.1463,2.8545,0.9235,0.982,0.3033,understat
6854,Diogo Jota,2024-2025,ENG-Premier League,Liverpool,F S,Forward,26,1188,6.0,10.2062,6.0,10.2062,3.0,1.8523,51.0,11.0,13.053,3.0368,0.4545,0.7732,0.2273,0.1403,3.8636,0.8333,0.9889,0.2301,understat
5555,Dominic Calvert-Lewin,2024-2025,ENG-Premier League,Everton,F S,Forward,26,1625,3.0,8.5845,3.0,8.5845,1.0,0.7406,50.0,7.0,7.6791,1.2928,0.1662,0.4754,0.0554,0.041,2.7692,0.3877,0.4253,0.0716,understat
1679,Dominic Solanke,2024-2025,ENG-Premier League,Tottenham,F S,Forward,27,2220,9.0,12.416,8.0,11.6549,3.0,2.4611,60.0,14.0,16.3017,4.2772,0.3649,0.5034,0.1216,0.0998,2.4324,0.5676,0.6609,0.1734,understat
8260,Erling Haaland,2024-2025,ENG-Premier League,Manchester City,F,Forward,31,2749,22.0,23.9546,19.0,20.9099,3.0,3.5812,109.0,29.0,22.8452,3.5354,0.7203,0.7843,0.0982,0.1172,3.5686,0.9494,0.7479,0.1157,understat
12963,Evanilson,2024-2025,ENG-Premier League,Bournemouth,F S,Forward,31,2376,10.0,13.7143,10.0,12.9531,1.0,1.9152,73.0,25.0,15.3869,2.7852,0.3788,0.5195,0.0379,0.0725,2.7652,0.947,0.5828,0.1055,understat
5543,Gabriel Jesus,2024-2025,ENG-Premier League,Arsenal,F S,Forward,17,581,3.0,3.375,3.0,3.375,0.0,0.5536,20.0,8.0,4.9541,2.0515,0.4647,0.5228,0.0,0.0857,3.0981,1.2392,0.7674,0.3178,understat
8563,George Hirst,2024-2025,ENG-Premier League,Ipswich,F S,Forward,26,609,3.0,2.7488,3.0,2.7488,1.0,0.4037,14.0,4.0,4.2322,1.243,0.4433,0.4062,0.1478,0.0597,2.069,0.5911,0.6255,0.1837,understat
755,Jamie Vardy,2024-2025,ENG-Premier League,Leicester,F,Forward,35,2890,9.0,12.2194,8.0,10.697,4.0,3.7375,58.0,19.0,14.0403,0.9949,0.2803,0.3805,0.1246,0.1164,1.8062,0.5917,0.4372,0.031,understat
5735,Jean-Philippe Mateta,2024-2025,ENG-Premier League,Crystal Palace,F S,Forward,37,2690,14.0,15.8326,12.0,14.3103,2.0,3.8528,69.0,29.0,18.6026,3.6145,0.4684,0.5297,0.0669,0.1289,2.3086,0.9703,0.6224,0.1209,understat
11366,Jhon Durán,2024-2025,ENG-Premier League,Aston Villa,F S,Forward,20,563,7.0,5.0996,7.0,5.0996,0.0,0.2347,31.0,4.0,5.6876,1.4234,1.119,0.8152,0.0,0.0375,4.9556,0.6394,0.9092,0.2275,understat
11070,Jørgen Strand Larsen,2024-2025,ENG-Premier League,Wolverhampton Wanderers,F S,Forward,35,2624,14.0,11.6897,14.0,11.6897,4.0,3.3586,54.0,19.0,16.568,3.4464,0.4802,0.4009,0.1372,0.1152,1.8521,0.6517,0.5683,0.1182,understat
8868,Liam Delap,2024-2025,ENG-Premier League,Ipswich,F S,Forward,37,2671,12.0,11.931,10.0,10.4086,2.0,2.7845,68.0,20.0,14.707,3.1533,0.4043,0.402,0.0674,0.0938,2.2913,0.6739,0.4956,0.1063,understat
9780,Mathys Tel,2024-2025,ENG-Premier League,Tottenham,F S,Forward,13,920,2.0,2.7995,1.0,2.0383,1.0,2.5071,23.0,14.0,5.1057,1.6563,0.1957,0.2739,0.0978,0.2453,2.25,1.3696,0.4995,0.162,understat
531,Michail Antonio,2024-2025,ENG-Premier League,West Ham,F S,Forward,14,859,1.0,2.9934,1.0,2.9934,1.0,1.5986,19.0,9.0,5.1906,1.7513,0.1048,0.3136,0.1048,0.1675,1.9907,0.943,0.5438,0.1835,understat
6098,Niclas Füllkrug,2024-2025,ENG-Premier League,West Ham,F S,Forward,18,775,3.0,2.1643,3.0,2.1643,2.0,2.0832,16.0,14.0,4.3964,2.0445,0.3484,0.2513,0.2323,0.2419,1.8581,1.6258,0.5106,0.2374,understat
10048,Nicolas Jackson,2024-2025,ENG-Premier League,Chelsea,F S,Forward,30,2294,10.0,13.8341,10.0,13.8341,5.0,3.4724,76.0,28.0,16.8951,3.0803,0.3923,0.5427,0.1962,0.1362,2.9817,1.0985,0.6628,0.1208,understat
8865,Ollie Watkins,2024-2025,ENG-Premier League,Aston Villa,F S,Forward,38,2666,16.0,18.6325,14.0,17.1101,8.0,3.8764,84.0,25.0,18.9005,3.2909,0.5401,0.629,0.2701,0.1309,2.8357,0.844,0.6381,0.1111,understat
11360,Paul Onuachu,2024-2025,ENG-Premier League,Southampton,F S,Forward,25,1015,4.0,4.8867,4.0,4.8867,1.0,0.5159,34.0,8.0,5.4832,0.9348,0.3547,0.4333,0.0887,0.0457,3.0148,0.7094,0.4862,0.0829,understat
11055,Rasmus Højlund,2024-2025,ENG-Premier League,Manchester United,F S,Forward,32,2032,4.0,5.8652,4.0,5.8652,0.0,2.1415,32.0,16.0,8.6069,2.4272,0.1772,0.2598,0.0,0.0949,1.4173,0.7087,0.3812,0.1075,understat
4105,Raúl Jiménez,2024-2025,ENG-Premier League,Fulham,F S,Forward,38,2531,12.0,14.4054,9.0,12.1219,3.0,4.0792,96.0,25.0,17.4313,5.3986,0.4267,0.5122,0.1067,0.1451,3.4137,0.889,0.6198,0.192,understat
6026,Richarlison,2024-2025,ENG-Premier League,Tottenham,F S,Forward,15,471,4.0,4.3029,4.0,4.3029,1.0,0.8243,17.0,4.0,3.5217,0.0788,0.7643,0.8222,0.1911,0.1575,3.2484,0.7643,0.6729,0.0151,understat
10717,Rodrigo Muniz,2024-2025,ENG-Premier League,Fulham,F S,Forward,31,922,8.0,6.8383,8.0,6.8383,1.0,0.781,40.0,7.0,7.6933,1.7913,0.7809,0.6675,0.0976,0.0762,3.9046,0.6833,0.751,0.1749,understat
5584,Aaron Wan-Bissaka,2024-2025,ENG-Premier League,West Ham,D M S,Midfielder,36,3156,2.0,1.3521,2.0,1.3521,5.0,4.0888,16.0,33.0,12.052,8.2712,0.057,0.0386,0.1426,0.1166,0.4563,0.9411,0.3437,0.2359,understat
1726,Abdoulaye Doucouré,2024-2025,ENG-Premier League,Everton,M S,Midfielder,33,2619,3.0,4.051,3.0,4.051,2.0,2.3178,31.0,27.0,9.8979,4.9222,0.1031,0.1392,0.0687,0.0797,1.0653,0.9278,0.3401,0.1691,understat
12409,Adam Wharton,2024-2025,ENG-Premier League,Crystal Palace,M S,Midfielder,20,1337,0.0,0.3358,0.0,0.3358,2.0,3.3525,13.0,26.0,6.5372,5.2496,0.0,0.0226,0.1346,0.2257,0.8751,1.7502,0.4401,0.3534,understat
12149,Alex Scott,2024-2025,ENG-Premier League,Bournemouth,M S,Midfielder,20,764,0.0,0.7,0.0,0.7,0.0,1.2159,15.0,12.0,3.5423,1.8693,0.0,0.0825,0.0,0.1432,1.767,1.4136,0.4173,0.2202,understat
8379,Alexis Mac Allister,2024-2025,ENG-Premier League,Liverpool,M S,Midfielder,35,2621,5.0,3.5684,5.0,3.5684,5.0,4.8916,38.0,45.0,23.3635,19.0719,0.1717,0.1225,0.1717,0.168,1.3048,1.5452,0.8023,0.6549,understat
9667,Amadou Onana,2024-2025,ENG-Premier League,Aston Villa,M S,Midfielder,26,1650,3.0,2.578,3.0,2.578,0.0,0.6835,17.0,10.0,9.0193,8.5359,0.1636,0.1406,0.0,0.0373,0.9273,0.5455,0.492,0.4656,understat
922,Andreas Pereira,2024-2025,ENG-Premier League,Fulham,M S,Midfielder,33,2063,2.0,4.4485,2.0,3.6873,4.0,5.7183,39.0,57.0,12.6383,7.4349,0.0873,0.1941,0.1745,0.2495,1.7014,2.4867,0.5514,0.3244,understat
13022,André,2024-2025,ENG-Premier League,Wolverhampton Wanderers,M S,Midfielder,33,2538,0.0,0.2957,0.0,0.2957,0.0,0.8053,10.0,18.0,9.4976,8.8668,0.0,0.0105,0.0,0.0286,0.3546,0.6383,0.3368,0.3144,understat
8940,Antonee Robinson,2024-2025,ENG-Premier League,Fulham,D M S,Midfielder,36,3166,0.0,1.0539,0.0,1.0539,10.0,4.4045,16.0,43.0,16.4986,13.7688,0.0,0.03,0.2843,0.1252,0.4548,1.2224,0.469,0.3914,understat
10184,Archie Gray,2024-2025,ENG-Premier League,Tottenham,D M S,Midfielder,28,1729,0.0,0.0294,0.0,0.0294,0.0,0.1526,1.0,3.0,4.388,4.2449,0.0,0.0015,0.0,0.0079,0.0521,0.1562,0.2284,0.221,understat
6424,Ben Johnson,2024-2025,ENG-Premier League,Ipswich,D M S,Midfielder,23,1327,1.0,1.4645,1.0,1.4645,2.0,2.1658,7.0,11.0,4.2046,1.292,0.0678,0.0993,0.1356,0.1469,0.4748,0.746,0.2852,0.0876,understat
3635,Bernardo Silva,2024-2025,ENG-Premier League,Manchester City,M S,Midfielder,33,2660,4.0,4.7937,4.0,4.7937,4.0,4.9999,32.0,53.0,19.4248,13.0239,0.1353,0.1622,0.1353,0.1692,1.0827,1.7932,0.6572,0.4407,understat
13020,Bilal El Khannouss,2024-2025,ENG-Premier League,Leicester,M S,Midfielder,32,2242,2.0,1.442,2.0,1.442,3.0,4.9142,30.0,42.0,7.0972,3.5223,0.0803,0.0579,0.1204,0.1973,1.2043,1.686,0.2849,0.1414,understat
5789,Boubacar Kamara,2024-2025,ENG-Premier League,Aston Villa,D M S,Midfielder,26,1744,1.0,0.7929,1.0,0.7929,0.0,0.9014,10.0,11.0,7.0083,5.8874,0.0516,0.0409,0.0,0.0465,0.5161,0.5677,0.3617,0.3038,understat
6310,Boubakary Soumare,2024-2025,ENG-Premier League,Leicester,M S,Midfielder,31,2182,0.0,0.2561,0.0,0.2561,0.0,0.3478,7.0,10.0,7.1072,6.8268,0.0,0.0106,0.0,0.0143,0.2887,0.4125,0.2931,0.2816,understat
8327,Bruno Guimarães,2024-2025,ENG-Premier League,Newcastle United,M,Midfielder,38,3321,5.0,4.7024,5.0,4.7024,6.0,6.5793,45.0,52.0,20.8159,14.0209,0.1355,0.1274,0.1626,0.1783,1.2195,1.4092,0.5641,0.38,understat
11297,Carlos Alcaraz,2024-2025,ENG-Premier League,"Everton,Southampton",M S,Midfielder,16,753,2.0,1.6602,2.0,1.6602,3.0,2.2887,27.0,14.0,3.915,0.6431,0.239,0.1984,0.3586,0.2735,3.2271,1.6733,0.4679,0.0769,understat
10527,Carlos Baleba,2024-2025,ENG-Premier League,Brighton,D M S,Midfielder,34,2717,3.0,2.8825,3.0,2.8825,1.0,1.6279,44.0,21.0,16.6921,13.2641,0.0994,0.0955,0.0331,0.0539,1.4575,0.6956,0.5529,0.4394,understat
2478,Carlos Soler,2024-2025,ENG-Premier League,West Ham,M S,Midfielder,31,1422,1.0,2.2922,1.0,2.2922,1.0,1.0894,25.0,17.0,5.2866,2.4398,0.0633,0.1451,0.0633,0.0689,1.5823,1.0759,0.3346,0.1544,understat
2248,Casemiro,2024-2025,ENG-Premier League,Manchester United,M S,Midfielder,24,1519,1.0,1.9391,1.0,1.9391,0.0,2.1708,32.0,22.0,7.1316,5.0405,0.0592,0.1149,0.0,0.1286,1.896,1.3035,0.4225,0.2986,understat
9451,Chimuanya Ugochukwu,2024-2025,ENG-Premier League,Southampton,M S,Midfielder,26,1689,1.0,0.824,1.0,0.824,1.0,0.9678,10.0,14.0,4.1584,3.4593,0.0533,0.0439,0.0533,0.0516,0.5329,0.746,0.2216,0.1843,understat
646,Christian Eriksen,2024-2025,ENG-Premier League,Manchester United,M S,Midfielder,23,1043,1.0,1.3318,0.0,0.5706,2.0,3.2394,15.0,29.0,7.5654,6.6493,0.0863,0.1149,0.1726,0.2795,1.2943,2.5024,0.6528,0.5738,understat
7083,Christian Nørgaard,2024-2025,ENG-Premier League,Brentford,M,Midfielder,34,2870,5.0,5.7737,5.0,5.7737,4.0,1.9166,39.0,18.0,14.5996,11.1221,0.1568,0.1811,0.1254,0.0601,1.223,0.5645,0.4578,0.3488,understat
8497,Cole Palmer,2024-2025,ENG-Premier League,Chelsea,M S,Midfielder,37,3228,15.0,15.7742,11.0,11.9684,8.0,12.9544,126.0,87.0,29.9998,9.8023,0.4182,0.4398,0.223,0.3612,3.513,2.4257,0.8364,0.2733,understat
6145,Daichi Kamada,2024-2025,ENG-Premier League,Crystal Palace,M S,Midfielder,34,1527,0.0,0.9769,0.0,0.9769,0.0,1.8321,20.0,20.0,8.1202,6.362,0.0,0.0576,0.0,0.108,1.1788,1.1788,0.4786,0.375,understat
6820,David Brooks,2024-2025,ENG-Premier League,Bournemouth,M S,Midfielder,29,937,2.0,2.8714,2.0,2.8714,0.0,1.7746,25.0,19.0,6.4634,3.1609,0.1921,0.2758,0.0,0.1705,2.4013,1.825,0.6208,0.3036,understat
5553,Declan Rice,2024-2025,ENG-Premier League,Arsenal,M S,Midfielder,35,2848,4.0,3.627,4.0,3.627,7.0,9.0606,48.0,59.0,17.2402,10.361,0.1264,0.1146,0.2212,0.2863,1.5169,1.8645,0.5448,0.3274,understat
13364,Diego Gómez,2024-2025,ENG-Premier League,Brighton,M S,Midfielder,16,487,1.0,0.8773,1.0,0.8773,0.0,1.5822,9.0,9.0,4.7666,4.0309,0.1848,0.1621,0.0,0.2924,1.6632,1.6632,0.8809,0.7449,understat
6756,Dwight McNeil,2024-2025,ENG-Premier League,Everton,M S,Midfielder,21,1374,4.0,1.5123,4.0,1.5123,6.0,6.0396,24.0,37.0,8.5831,3.559,0.262,0.0991,0.393,0.3956,1.5721,2.4236,0.5622,0.2331,understat
11926,Edson Álvarez,2024-2025,ENG-Premier League,West Ham,D M S,Midfielder,28,1772,0.0,0.3193,0.0,0.3193,1.0,0.7972,12.0,12.0,4.2976,3.4204,0.0,0.0162,0.0508,0.0405,0.6095,0.6095,0.2183,0.1737,understat
9154,Elliot Anderson,2024-2025,ENG-Premier League,Nottingham Forest,M S,Midfielder,37,2773,2.0,2.23,2.0,2.23,6.0,4.1258,40.0,37.0,9.8836,6.3576,0.0649,0.0724,0.1947,0.1339,1.2982,1.2009,0.3208,0.2063,understat
1245,Emerson,2024-2025,ENG-Premier League,West Ham,D M S,Midfielder,31,2167,2.0,2.1319,2.0,2.1319,1.0,1.213,16.0,17.0,6.6306,3.9276,0.0831,0.0885,0.0415,0.0504,0.6645,0.706,0.2754,0.1631,understat
7230,Emile Smith-Rowe,2024-2025,ENG-Premier League,Fulham,M S,Midfielder,34,2101,6.0,5.2617,6.0,5.2617,3.0,2.4348,37.0,24.0,12.5058,6.8569,0.257,0.2254,0.1285,0.1043,1.585,1.0281,0.5357,0.2937,understat
11356,Enzo Fernández,2024-2025,ENG-Premier League,Chelsea,M S,Midfielder,36,2941,6.0,6.1332,6.0,6.1332,7.0,7.7375,53.0,77.0,20.8484,10.7255,0.1836,0.1877,0.2142,0.2368,1.6219,2.3563,0.638,0.3282,understat
10845,Flynn Downes,2024-2025,ENG-Premier League,Southampton,D M S,Midfielder,27,2175,1.0,0.8942,1.0,0.8942,0.0,1.6156,10.0,15.0,8.3105,6.5585,0.0414,0.037,0.0,0.0669,0.4138,0.6207,0.3439,0.2714,understat
8267,Guido Rodríguez,2024-2025,ENG-Premier League,West Ham,M S,Midfielder,23,1179,0.0,0.1627,0.0,0.1627,1.0,0.2193,8.0,4.0,2.9447,2.7942,0.0,0.0124,0.0763,0.0167,0.6107,0.3053,0.2248,0.2133,understat
971,Harry Winks,2024-2025,ENG-Premier League,Leicester,M S,Midfielder,22,1532,0.0,0.1876,0.0,0.1876,2.0,1.3259,10.0,17.0,5.1529,4.7662,0.0,0.011,0.1175,0.0779,0.5875,0.9987,0.3027,0.28,understat
5722,Ibrahim Sangare,2024-2025,ENG-Premier League,Nottingham Forest,M S,Midfielder,13,584,0.0,0.0164,0.0,0.0164,1.0,0.7157,1.0,5.0,3.003,2.354,0.0,0.0025,0.1541,0.1103,0.1541,0.7705,0.4628,0.3628,understat
668,Idrissa Gueye,2024-2025,ENG-Premier League,Everton,M S,Midfielder,37,3090,0.0,1.0408,0.0,1.0408,3.0,2.4162,27.0,19.0,9.3505,7.5581,0.0,0.0303,0.0874,0.0704,0.7864,0.5534,0.2723,0.2201,understat
314,Ilkay Gündogan,2024-2025,ENG-Premier League,Manchester City,M S,Midfielder,33,2231,1.0,3.4267,1.0,3.4267,6.0,3.6679,27.0,42.0,19.3066,14.6037,0.0403,0.1382,0.242,0.148,1.0892,1.6943,0.7788,0.5891,understat
13019,Jack Clarke,2024-2025,ENG-Premier League,Ipswich,M S,Midfielder,32,1151,0.0,1.3016,0.0,1.3016,4.0,2.6665,17.0,28.0,5.4964,1.924,0.0,0.1018,0.3128,0.2085,1.3293,2.1894,0.4298,0.1504,understat
675,Jack Grealish,2024-2025,ENG-Premier League,Manchester City,M S,Midfielder,20,689,1.0,1.2712,1.0,1.2712,1.0,1.9155,15.0,24.0,6.7372,4.15,0.1306,0.166,0.1306,0.2502,1.9594,3.135,0.88,0.5421,understat
12754,Jack Taylor,2024-2025,ENG-Premier League,Ipswich,M S,Midfielder,32,777,1.0,0.5857,1.0,0.5857,0.0,0.767,19.0,5.0,2.7209,2.4429,0.1158,0.0678,0.0,0.0888,2.2008,0.5792,0.3152,0.283,understat
9415,Jaden Philogene-Bidace,2024-2025,ENG-Premier League,"Aston Villa,Ipswich",D M S,Midfielder,21,786,2.0,2.7951,2.0,2.7951,0.0,0.3332,19.0,6.0,3.0547,1.6043,0.229,0.3201,0.0,0.0382,2.1756,0.687,0.3498,0.1837,understat
6345,Jadon Sancho,2024-2025,ENG-Premier League,Chelsea,M S,Midfielder,31,1760,3.0,2.4174,3.0,2.4174,4.0,4.3143,24.0,39.0,10.859,5.5997,0.1534,0.1236,0.2045,0.2206,1.2273,1.9943,0.5553,0.2863,understat
7438,James Garner,2024-2025,ENG-Premier League,Everton,D M S,Midfielder,21,1603,0.0,0.6002,0.0,0.6002,1.0,1.2151,12.0,12.0,5.4359,4.6161,0.0,0.0337,0.0561,0.0682,0.6737,0.6737,0.3052,0.2592,understat
6818,James Maddison,2024-2025,ENG-Premier League,Tottenham,M S,Midfielder,31,1851,9.0,5.8936,9.0,5.8936,7.0,6.0167,39.0,42.0,15.6569,7.8411,0.4376,0.2866,0.3404,0.2925,1.8963,2.0421,0.7613,0.3813,understat
843,James Ward-Prowse,2024-2025,ENG-Premier League,"Nottingham Forest,West Ham",M S,Midfielder,24,1449,1.0,1.2942,1.0,1.2942,2.0,3.2619,14.0,24.0,5.5389,2.9147,0.0621,0.0804,0.1242,0.2026,0.8696,1.4907,0.344,0.181,understat
7762,Jean-Ricner Bellegarde,2024-2025,ENG-Premier League,Wolverhampton Wanderers,M S,Midfielder,35,1693,2.0,1.7939,2.0,1.7939,7.0,4.0526,22.0,26.0,9.2703,4.4061,0.1063,0.0954,0.3721,0.2154,1.1695,1.3822,0.4928,0.2342,understat
2182,Jefferson Lerma,2024-2025,ENG-Premier League,Crystal Palace,D M S,Midfielder,33,2274,0.0,0.8986,0.0,0.8986,1.0,1.3883,26.0,10.0,10.0064,8.9941,0.0,0.0356,0.0396,0.0549,1.029,0.3958,0.396,0.356,understat
10301,Jens Cajuste,2024-2025,ENG-Premier League,Ipswich,M S,Midfielder,30,2019,1.0,0.6125,1.0,0.6125,1.0,0.6245,12.0,13.0,5.9575,5.012,0.0446,0.0273,0.0446,0.0278,0.5349,0.5795,0.2656,0.2234,understat
9752,Jesper Lindstrom,2024-2025,ENG-Premier League,Everton,M S,Midfielder,25,1279,0.0,2.0184,0.0,2.0184,1.0,2.8819,28.0,19.0,5.9341,3.5495,0.0,0.142,0.0704,0.2028,1.9703,1.337,0.4176,0.2498,understat
10766,Joe Ayodele-Aribo,2024-2025,ENG-Premier League,Southampton,D M S,Midfielder,32,2019,3.0,2.9261,3.0,2.9261,0.0,1.7567,17.0,16.0,6.9061,3.7258,0.1337,0.1304,0.0,0.0783,0.7578,0.7132,0.3079,0.1661,understat
6630,Joe Willock,2024-2025,ENG-Premier League,Newcastle United,M S,Midfielder,32,1043,0.0,2.0176,0.0,2.0176,2.0,3.1126,18.0,22.0,8.0176,3.4173,0.0,0.1741,0.1726,0.2686,1.5532,1.8984,0.6918,0.2949,understat
7723,John McGinn,2024-2025,ENG-Premier League,Aston Villa,M S,Midfielder,34,2247,1.0,3.7942,1.0,3.7942,4.0,3.4791,31.0,30.0,11.8426,7.253,0.0401,0.152,0.1602,0.1393,1.2417,1.2016,0.4743,0.2905,understat
1389,Jorginho,2024-2025,ENG-Premier League,Arsenal,M S,Midfielder,15,717,0.0,0.0592,0.0,0.0592,0.0,0.4612,2.0,3.0,4.1774,3.7387,0.0,0.0074,0.0,0.0579,0.251,0.3766,0.5244,0.4693,understat
12766,Jota Silva,2024-2025,ENG-Premier League,Nottingham Forest,M S,Midfielder,31,799,3.0,2.7387,3.0,2.7387,1.0,3.3551,23.0,14.0,4.373,0.8781,0.3379,0.3085,0.1126,0.3779,2.5907,1.577,0.4926,0.0989,understat
11384,João Gomes,2024-2025,ENG-Premier League,Wolverhampton Wanderers,M S,Midfielder,36,3034,3.0,2.872,3.0,2.872,1.0,1.1996,35.0,22.0,13.4006,10.5748,0.089,0.0852,0.0297,0.0356,1.0382,0.6526,0.3975,0.3137,understat
11058,Julio Enciso,2024-2025,ENG-Premier League,"Brighton,Ipswich",M S,Midfielder,25,1168,2.0,2.74,2.0,2.74,3.0,2.2276,52.0,18.0,6.2311,2.7869,0.1541,0.2111,0.2312,0.1716,4.0068,1.387,0.4801,0.2147,understat
13038,Justin Devenny,2024-2025,ENG-Premier League,Crystal Palace,M S,Midfielder,23,472,1.0,1.1472,1.0,1.1472,1.0,0.6335,10.0,7.0,2.107,0.9025,0.1907,0.2187,0.1907,0.1208,1.9068,1.3347,0.4018,0.1721,understat
6963,Justin Kluivert,2024-2025,ENG-Premier League,Bournemouth,M S,Midfielder,34,2390,12.0,10.4416,6.0,5.8746,6.0,5.5129,63.0,44.0,15.8159,6.403,0.4519,0.3932,0.2259,0.2076,2.3724,1.6569,0.5956,0.2411,understat
8719,Kalvin Phillips,2024-2025,ENG-Premier League,Ipswich,M S,Midfielder,19,1247,0.0,0.4593,0.0,0.4593,0.0,0.3232,11.0,5.0,2.4181,2.1468,0.0,0.0331,0.0,0.0233,0.7939,0.3609,0.1745,0.1549,understat
10166,Kasey McAteer,2024-2025,ENG-Premier League,Leicester,M S,Midfielder,18,854,1.0,1.4463,1.0,1.4463,1.0,0.9053,13.0,9.0,3.964,1.7886,0.1054,0.1524,0.1054,0.0954,1.37,0.9485,0.4177,0.1885,understat
10809,Keane Lewis-Potter,2024-2025,ENG-Premier League,Brentford,D M S,Midfielder,38,3131,1.0,3.2576,1.0,3.2576,3.0,3.3383,28.0,26.0,9.597,5.591,0.0287,0.0936,0.0862,0.096,0.8049,0.7474,0.2759,0.1607,understat
885,Kyle Walker-Peters,2024-2025,ENG-Premier League,Southampton,D M,Midfielder,33,2934,0.0,1.1615,0.0,1.1615,2.0,2.7974,20.0,23.0,9.1334,6.9385,0.0,0.0356,0.0613,0.0858,0.6135,0.7055,0.2802,0.2128,understat
10025,Lamare Bogarde,2024-2025,ENG-Premier League,Aston Villa,D M S,Midfielder,8,478,0.0,0.0651,0.0,0.0651,0.0,0.1753,1.0,2.0,1.8143,1.5739,0.0,0.0123,0.0,0.033,0.1883,0.3766,0.3416,0.2963,understat
5221,Leon Bailey,2024-2025,ENG-Premier League,Aston Villa,M S,Midfielder,24,1152,1.0,2.8678,1.0,2.8678,2.0,2.3723,28.0,16.0,6.2921,2.2767,0.0781,0.2241,0.1562,0.1853,2.1875,1.25,0.4916,0.1779,understat
1789,Lewis Cook,2024-2025,ENG-Premier League,Bournemouth,D M S,Midfielder,36,2978,1.0,0.9639,1.0,0.9639,3.0,4.5854,14.0,47.0,12.7058,10.7139,0.0302,0.0291,0.0907,0.1386,0.4231,1.4204,0.384,0.3238,understat
12912,Lucas Bergvall,2024-2025,ENG-Premier League,Tottenham,M S,Midfielder,27,1187,0.0,0.6092,0.0,0.6092,1.0,0.7204,11.0,11.0,5.083,4.3403,0.0,0.0462,0.0758,0.0546,0.834,0.834,0.3854,0.3291,understat
11766,Manuel Ugarte,2024-2025,ENG-Premier League,Manchester United,M S,Midfielder,29,1802,1.0,1.0874,1.0,1.0874,2.0,1.6161,19.0,10.0,7.2358,6.0528,0.0499,0.0543,0.0999,0.0807,0.9489,0.4994,0.3614,0.3023,understat
7603,Marc Guehi,2024-2025,ENG-Premier League,Crystal Palace,D M,Midfielder,34,3060,3.0,2.9608,3.0,2.9608,2.0,2.1349,15.0,16.0,8.6262,7.7395,0.0882,0.0871,0.0588,0.0628,0.4412,0.4706,0.2537,0.2276,understat
2117,Marco Asensio,2024-2025,ENG-Premier League,Aston Villa,M S,Midfielder,13,751,3.0,4.5562,3.0,3.0339,1.0,1.2644,24.0,16.0,4.5252,2.1886,0.3595,0.546,0.1198,0.1515,2.8762,1.9174,0.5423,0.2623,understat
10741,Marcus Tavernier,2024-2025,ENG-Premier League,Bournemouth,M S,Midfielder,29,1930,3.0,6.4115,3.0,6.4115,5.0,5.2019,57.0,43.0,16.5135,8.3255,0.1399,0.299,0.2332,0.2426,2.658,2.0052,0.7701,0.3882,understat
1299,Mario Lemina,2024-2025,ENG-Premier League,Wolverhampton Wanderers,D M S,Midfielder,17,1366,1.0,1.1921,1.0,1.1921,3.0,1.288,17.0,10.0,5.3427,3.8733,0.0659,0.0785,0.1977,0.0849,1.1201,0.6589,0.352,0.2552,understat
2517,Martin Odegaard,2024-2025,ENG-Premier League,Arsenal,M S,Midfielder,30,2343,3.0,5.6358,2.0,4.8746,8.0,7.8521,49.0,63.0,19.575,11.7609,0.1152,0.2165,0.3073,0.3016,1.8822,2.42,0.7519,0.4518,understat
2254,Mateo Kovacic,2024-2025,ENG-Premier League,Manchester City,M S,Midfielder,31,2220,6.0,1.8061,6.0,1.8061,2.0,3.6855,45.0,33.0,16.833,13.3531,0.2432,0.0732,0.0811,0.1494,1.8243,1.3378,0.6824,0.5413,understat
11000,Matheus Nunes,2024-2025,ENG-Premier League,Manchester City,D M S,Midfielder,26,1673,1.0,1.1898,1.0,1.1898,6.0,3.9489,9.0,23.0,10.1885,7.7193,0.0538,0.064,0.3228,0.2124,0.4842,1.2373,0.5481,0.4153,understat
7166,Mathias Jensen,2024-2025,ENG-Premier League,Brentford,M S,Midfielder,24,819,0.0,0.2694,0.0,0.2694,2.0,1.9876,6.0,16.0,5.3873,4.1618,0.0,0.0296,0.2198,0.2184,0.6593,1.7582,0.592,0.4573,understat
12758,Mats Wieffer,2024-2025,ENG-Premier League,Brighton,D M S,Midfielder,25,988,1.0,1.0993,1.0,1.0993,3.0,1.0669,9.0,15.0,5.1766,4.2475,0.0911,0.1001,0.2733,0.0972,0.8198,1.3664,0.4716,0.3869,understat
13206,Matt O&#039;Riley,2024-2025,ENG-Premier League,Brighton,M S,Midfielder,21,934,2.0,3.0611,1.0,2.2999,2.0,2.4148,22.0,21.0,6.485,2.859,0.1927,0.295,0.1927,0.2327,2.1199,2.0236,0.6249,0.2755,understat
8864,Matthew Cash,2024-2025,ENG-Premier League,Aston Villa,D M S,Midfielder,27,2085,1.0,0.4955,1.0,0.4955,1.0,1.4866,13.0,10.0,7.0914,6.5723,0.0432,0.0214,0.0432,0.0642,0.5612,0.4317,0.3061,0.2837,understat
9453,Moisés Caicedo,2024-2025,ENG-Premier League,Chelsea,D M,Midfielder,38,3381,1.0,0.6911,1.0,0.6911,2.0,2.9249,20.0,29.0,19.785,17.5084,0.0266,0.0184,0.0532,0.0779,0.5324,0.772,0.5267,0.4661,understat
6857,Morgan Gibbs-White,2024-2025,ENG-Premier League,Nottingham Forest,M,Midfielder,34,2868,7.0,6.1403,7.0,6.1403,8.0,6.1058,61.0,51.0,17.9285,10.1307,0.2197,0.1927,0.251,0.1916,1.9142,1.6004,0.5626,0.3179,understat
9406,Nathan Broadhead,2024-2025,ENG-Premier League,Ipswich,M S,Midfielder,18,677,2.0,1.8283,2.0,1.8283,0.0,0.8386,13.0,7.0,4.2322,2.159,0.2659,0.243,0.0,0.1115,1.7282,0.9306,0.5626,0.287,understat
8204,Neco Williams,2024-2025,ENG-Premier League,Nottingham Forest,D M S,Midfielder,35,2579,1.0,3.0045,1.0,3.0045,3.0,1.7043,37.0,18.0,8.4585,5.0818,0.0349,0.1048,0.1047,0.0595,1.2912,0.6282,0.2952,0.1773,understat
9802,Nico González,2024-2025,ENG-Premier League,Manchester City,M S,Midfielder,11,767,1.0,0.8193,1.0,0.8193,0.0,0.0816,9.0,1.0,6.6206,6.3496,0.1173,0.0961,0.0,0.0096,1.0561,0.1173,0.7769,0.7451,understat
8252,Nicolás Domínguez,2024-2025,ENG-Premier League,Nottingham Forest,M S,Midfielder,34,1979,0.0,1.9268,0.0,1.9268,1.0,1.4655,21.0,13.0,4.8848,3.6539,0.0,0.0876,0.0455,0.0666,0.955,0.5912,0.2221,0.1662,understat
11357,Noni Madueke,2024-2025,ENG-Premier League,Chelsea,D M S,Midfielder,32,2113,7.0,11.8622,7.0,11.8622,3.0,3.1217,80.0,33.0,18.6683,6.7253,0.2982,0.5053,0.1278,0.133,3.4075,1.4056,0.7951,0.2865,understat
725,Ola Aina,2024-2025,ENG-Premier League,Nottingham Forest,D M,Midfielder,35,3020,2.0,0.4609,2.0,0.4609,1.0,2.045,11.0,16.0,10.0877,8.547,0.0596,0.0137,0.0298,0.0609,0.3278,0.4768,0.3006,0.2547,understat
2958,Oleksandr Zinchenko,2024-2025,ENG-Premier League,Arsenal,D M S,Midfielder,15,500,0.0,0.4987,0.0,0.4987,1.0,0.1287,10.0,3.0,3.0112,2.7368,0.0,0.0898,0.18,0.0232,1.8,0.54,0.542,0.4926,understat
12358,Oliver Scarles,2024-2025,ENG-Premier League,West Ham,D M S,Midfielder,15,644,0.0,0.1373,0.0,0.1373,0.0,0.1161,3.0,3.0,0.7347,0.5882,0.0,0.0192,0.0,0.0162,0.4193,0.4193,0.1027,0.0822,understat
7198,Oliver Skipp,2024-2025,ENG-Premier League,Leicester,M S,Midfielder,24,1095,0.0,0.2431,0.0,0.2431,0.0,0.3397,5.0,9.0,2.2539,1.7921,0.0,0.02,0.0,0.0279,0.411,0.7397,0.1853,0.1473,understat
10348,Omari Hutchinson,2024-2025,ENG-Premier League,Ipswich,M S,Midfielder,31,2620,3.0,3.5238,3.0,3.5238,2.0,3.3736,45.0,31.0,10.519,4.6738,0.1031,0.121,0.0687,0.1159,1.5458,1.0649,0.3613,0.1606,understat
6088,Orel Mangala,2024-2025,ENG-Premier League,Everton,M S,Midfielder,19,1254,1.0,0.7136,1.0,0.7136,0.0,0.495,16.0,8.0,2.8464,2.0122,0.0718,0.0512,0.0,0.0355,1.1483,0.5742,0.2043,0.1444,understat
2199,Pablo Sarabia,2024-2025,ENG-Premier League,Wolverhampton Wanderers,M S,Midfielder,23,788,3.0,2.1774,3.0,2.1774,2.0,1.9621,17.0,15.0,5.3389,1.8083,0.3426,0.2487,0.2284,0.2241,1.9416,1.7132,0.6098,0.2065,understat
9021,Pape Sarr,2024-2025,ENG-Premier League,Tottenham,M S,Midfielder,36,1913,3.0,3.994,3.0,3.994,2.0,2.0151,34.0,16.0,11.2476,7.2568,0.1411,0.1879,0.0941,0.0948,1.5996,0.7527,0.5292,0.3414,understat
6674,Rayan Ait Nouri,2024-2025,ENG-Premier League,Wolverhampton Wanderers,D M,Midfielder,37,3180,4.0,3.6125,4.0,3.6125,7.0,5.461,36.0,46.0,13.9666,7.902,0.1132,0.1022,0.1981,0.1546,1.0189,1.3019,0.3953,0.2236,understat
8067,Reece James,2024-2025,ENG-Premier League,Chelsea,D M S,Midfielder,19,1062,1.0,0.5809,1.0,0.5809,1.0,1.324,11.0,11.0,3.8691,3.5283,0.0847,0.0492,0.0847,0.1122,0.9322,0.9322,0.3279,0.299,understat
6492,Reiss Nelson,2024-2025,ENG-Premier League,"Arsenal,Fulham",M S,Midfielder,12,491,1.0,1.4182,1.0,1.4182,1.0,1.1306,11.0,13.0,4.7344,3.077,0.1833,0.26,0.1833,0.2072,2.0163,2.3829,0.8678,0.564,understat
10847,Rico Lewis,2024-2025,ENG-Premier League,Manchester City,D M S,Midfielder,28,1903,1.0,1.6415,1.0,1.6415,2.0,0.3464,10.0,7.0,14.2924,12.8761,0.0473,0.0776,0.0946,0.0164,0.4729,0.3311,0.6759,0.609,understat
6108,Rodrigo Bentancur,2024-2025,ENG-Premier League,Tottenham,M S,Midfielder,26,1674,2.0,1.3009,2.0,1.3009,0.0,0.3508,22.0,9.0,8.4305,7.8636,0.1075,0.0699,0.0,0.0189,1.1828,0.4839,0.4533,0.4228,understat
12756,Rodrigo Gomes,2024-2025,ENG-Premier League,Wolverhampton Wanderers,D M S,Midfielder,25,756,2.0,0.6804,2.0,0.6804,0.0,0.9794,7.0,12.0,1.9416,0.3166,0.2381,0.081,0.0,0.1166,0.8333,1.4286,0.2311,0.0377,understat
10004,Romeo Lavia,2024-2025,ENG-Premier League,Chelsea,M S,Midfielder,16,830,0.0,0.1465,0.0,0.1465,1.0,0.7232,2.0,7.0,2.7112,1.9502,0.0,0.0159,0.1084,0.0784,0.2169,0.759,0.294,0.2115,understat
592,Ross Barkley,2024-2025,ENG-Premier League,Aston Villa,M S,Midfielder,20,507,3.0,2.1608,3.0,2.1608,1.0,0.9665,16.0,9.0,4.7822,3.2662,0.5325,0.3836,0.1775,0.1716,2.8402,1.5976,0.8489,0.5798,understat
10744,Ryan Christie,2024-2025,ENG-Premier League,Bournemouth,M S,Midfielder,29,2150,2.0,1.6257,2.0,1.6257,3.0,3.8194,33.0,42.0,9.7317,6.2039,0.0837,0.0681,0.1256,0.1599,1.3814,1.7581,0.4074,0.2597,understat
10697,Ryan Gravenberch,2024-2025,ENG-Premier League,Liverpool,M,Midfielder,37,3199,0.0,1.3319,0.0,1.3319,4.0,2.4154,20.0,26.0,21.4089,19.3624,0.0,0.0375,0.1125,0.068,0.5627,0.7315,0.6023,0.5447,understat
13134,Ryan Manning,2024-2025,ENG-Premier League,Southampton,D M S,Midfielder,24,1495,0.0,0.3368,0.0,0.3368,1.0,3.3715,8.0,34.0,5.2339,3.9986,0.0,0.0203,0.0602,0.203,0.4816,2.0468,0.3151,0.2407,understat
6837,Ryan Sessegnon,2024-2025,ENG-Premier League,Fulham,D M S,Midfielder,16,576,4.0,2.4818,4.0,2.4818,2.0,1.3141,14.0,12.0,5.2143,1.8583,0.625,0.3878,0.3125,0.2053,2.1875,1.875,0.8147,0.2904,understat
11003,Ryan Yates,2024-2025,ENG-Premier League,Nottingham Forest,M S,Midfielder,35,1883,2.0,2.8633,2.0,2.8633,1.0,1.0838,33.0,19.0,6.0594,4.1808,0.0956,0.1369,0.0478,0.0518,1.5773,0.9081,0.2896,0.1998,understat
12748,Sam Morsy,2024-2025,ENG-Premier League,Ipswich,M S,Midfielder,33,2767,1.0,0.2958,1.0,0.2958,1.0,1.417,13.0,24.0,9.2555,8.3848,0.0325,0.0096,0.0325,0.0461,0.4228,0.7806,0.301,0.2727,understat
12752,Sammie Szmodics,2024-2025,ENG-Premier League,Ipswich,M S,Midfielder,20,1025,4.0,4.5141,4.0,4.5141,0.0,0.1945,21.0,5.0,5.3695,0.7285,0.3512,0.3964,0.0,0.0171,1.8439,0.439,0.4715,0.064,understat
8285,Sander Berge,2024-2025,ENG-Premier League,Fulham,M S,Midfielder,31,2242,0.0,0.426,0.0,0.426,0.0,0.7262,3.0,18.0,7.7637,6.7345,0.0,0.0171,0.0,0.0292,0.1204,0.7226,0.3117,0.2703,understat
7958,Sandro Tonali,2024-2025,ENG-Premier League,Newcastle United,M S,Midfielder,36,2619,4.0,4.2384,4.0,4.2384,2.0,2.1789,35.0,28.0,15.4809,11.2011,0.1375,0.1456,0.0687,0.0749,1.2027,0.9622,0.532,0.3849,understat
1537,Sasa Lukic,2024-2025,ENG-Premier League,Fulham,M S,Midfielder,30,2380,0.0,1.5361,0.0,1.5361,2.0,3.0994,18.0,27.0,11.6226,7.8366,0.0,0.0581,0.0756,0.1172,0.6807,1.021,0.4395,0.2963,understat
7078,Sean Longstaff,2024-2025,ENG-Premier League,Newcastle United,M S,Midfielder,25,758,0.0,0.4065,0.0,0.4065,0.0,0.2087,6.0,4.0,2.1645,1.7918,0.0,0.0483,0.0,0.0248,0.7124,0.4749,0.257,0.2128,understat
11710,Simon Adingra,2024-2025,ENG-Premier League,Brighton,D M S,Midfielder,29,1081,2.0,3.1381,2.0,3.1381,2.0,2.0663,34.0,16.0,5.7631,2.1684,0.1665,0.2613,0.1665,0.172,2.8307,1.3321,0.4798,0.1805,understat
7484,Stephy Mavididi,2024-2025,ENG-Premier League,Leicester,M S,Midfielder,30,1586,4.0,3.3922,4.0,3.3922,1.0,2.5836,26.0,22.0,9.1002,5.0818,0.227,0.1925,0.0567,0.1466,1.4754,1.2484,0.5164,0.2884,understat
8226,Tariq Lamptey,2024-2025,ENG-Premier League,Brighton,D M S,Midfielder,15,870,2.0,0.3391,2.0,0.3391,2.0,0.8966,6.0,5.0,2.2554,1.4431,0.2069,0.0351,0.2069,0.0927,0.6207,0.5172,0.2333,0.1493,understat
2328,Thomas Partey,2024-2025,ENG-Premier League,Arsenal,D M S,Midfielder,35,2810,4.0,2.3901,4.0,2.3901,2.0,2.5808,26.0,20.0,16.3526,14.6756,0.1281,0.0766,0.0641,0.0827,0.8327,0.6406,0.5237,0.47,understat
9554,Tim Iroegbunam,2024-2025,ENG-Premier League,Everton,M S,Midfielder,18,533,0.0,0.2085,0.0,0.2085,1.0,0.1754,5.0,3.0,1.8716,1.4877,0.0,0.0352,0.1689,0.0296,0.8443,0.5066,0.316,0.2512,understat
6835,Tom Cairney,2024-2025,ENG-Premier League,Fulham,M S,Midfielder,25,568,2.0,0.7964,2.0,0.7964,0.0,1.6267,11.0,10.0,6.08,5.425,0.3169,0.1262,0.0,0.2577,1.743,1.5845,0.9634,0.8596,understat
8288,Tomas Soucek,2024-2025,ENG-Premier League,West Ham,M S,Midfielder,35,2586,9.0,8.0689,9.0,8.0689,1.0,0.9474,55.0,14.0,13.59,5.3603,0.3132,0.2808,0.0348,0.033,1.9142,0.4872,0.473,0.1866,understat
7352,Tyler Adams,2024-2025,ENG-Premier League,Bournemouth,M S,Midfielder,28,1965,0.0,1.407,0.0,1.407,3.0,1.5069,9.0,18.0,7.6065,5.1692,0.0,0.0644,0.1374,0.069,0.4122,0.8244,0.3484,0.2368,understat
11367,Victor Kristiansen,2024-2025,ENG-Premier League,Leicester,D M S,Midfielder,30,2510,0.0,0.1596,0.0,0.1596,1.0,1.6647,3.0,18.0,6.2668,5.769,0.0,0.0057,0.0359,0.0597,0.1076,0.6454,0.2247,0.2069,understat
9680,Vitaly Janelt,2024-2025,ENG-Premier League,Brentford,D M S,Midfielder,32,2303,1.0,0.9458,1.0,0.9458,3.0,2.3588,14.0,14.0,8.972,5.9912,0.0391,0.037,0.1172,0.0922,0.5471,0.5471,0.3506,0.2341,understat
8965,Vladimir Coufal,2024-2025,ENG-Premier League,West Ham,D M S,Midfielder,22,1052,0.0,0.3236,0.0,0.3236,0.0,0.5784,7.0,8.0,3.653,3.2961,0.0,0.0277,0.0,0.0495,0.5989,0.6844,0.3125,0.282,understat
13403,Welington,2024-2025,ENG-Premier League,Southampton,D M S,Midfielder,10,481,0.0,0.0433,0.0,0.0433,0.0,0.0715,3.0,3.0,0.4048,0.3333,0.0,0.0081,0.0,0.0134,0.5613,0.5613,0.0757,0.0624,understat
12749,Wes Burns,2024-2025,ENG-Premier League,Ipswich,M S,Midfielder,18,962,0.0,0.4134,0.0,0.4134,1.0,2.2046,7.0,10.0,3.0202,0.9019,0.0,0.0387,0.0936,0.2063,0.6549,0.9356,0.2826,0.0844,understat
5545,Wilfred Ndidi,2024-2025,ENG-Premier League,Leicester,M,Midfielder,28,2368,0.0,1.9735,0.0,1.9735,5.0,2.7866,22.0,17.0,8.7353,5.4216,0.0,0.075,0.19,0.1059,0.8361,0.6461,0.332,0.2061,understat
6104,Will Hughes,2024-2025,ENG-Premier League,Crystal Palace,M S,Midfielder,33,2160,0.0,0.9225,0.0,0.9225,3.0,3.3641,22.0,33.0,9.0265,7.8835,0.0,0.0384,0.125,0.1402,0.9167,1.375,0.3761,0.3285,understat
8224,William Smallbone,2024-2025,ENG-Premier League,Southampton,M S,Midfielder,18,657,1.0,0.6897,1.0,0.6897,0.0,0.5868,7.0,10.0,2.883,2.2862,0.137,0.0945,0.0,0.0804,0.9589,1.3699,0.3949,0.3132,understat
12759,Yankuba Minteh,2024-2025,ENG-Premier League,Brighton,D M S,Midfielder,32,1832,6.0,5.6698,6.0,5.6698,4.0,4.8718,34.0,28.0,14.3454,4.8954,0.2948,0.2785,0.1965,0.2393,1.6703,1.3755,0.7047,0.2405,understat
11385,Yasin Ayari,2024-2025,ENG-Premier League,Brighton,M S,Midfielder,34,1977,2.0,2.2343,2.0,2.2343,1.0,3.1146,28.0,28.0,10.2078,7.505,0.091,0.1017,0.0455,0.1418,1.2747,1.2747,0.4647,0.3417,understat
11772,Yehor Yarmolyuk,2024-2025,ENG-Premier League,Brentford,M S,Midfielder,31,1416,0.0,0.7879,0.0,0.7879,0.0,1.0256,9.0,9.0,5.0116,4.213,0.0,0.0501,0.0,0.0652,0.572,0.572,0.3185,0.2678,understat
5956,Youri Tielemans,2024-2025,ENG-Premier League,Aston Villa,M S,Midfielder,36,3049,3.0,3.7098,3.0,2.9486,7.0,8.0442,41.0,60.0,21.2288,16.2057,0.0886,0.1095,0.2066,0.2374,1.2102,1.7711,0.6266,0.4784,understat
12761,Yukinari Sugawara,2024-2025,ENG-Premier League,Southampton,D M S,Midfielder,30,1533,1.0,0.4496,1.0,0.4496,1.0,3.2835,14.0,17.0,5.6136,4.1678,0.0587,0.0264,0.0587,0.1928,0.8219,0.998,0.3296,0.2447,understat
5609,Yves Bissouma,2024-2025,ENG-Premier League,Tottenham,M S,Midfielder,28,1404,2.0,0.4451,2.0,0.4451,0.0,0.293,11.0,6.0,5.6092,5.1737,0.1282,0.0285,0.0,0.0188,0.7051,0.3846,0.3596,0.3316,understat
12911,Abdul Fatawu,2024-2025,ENG-Premier League,Leicester,D F M S,Winger,11,571,0.0,0.466,0.0,0.466,2.0,1.4725,13.0,6.0,2.3616,1.3567,0.0,0.0735,0.3152,0.2321,2.049,0.9457,0.3722,0.2138,understat
4419,Adam Armstrong,2024-2025,ENG-Premier League,Southampton,F M S,Winger,20,1282,2.0,3.9335,2.0,3.1723,2.0,2.0054,26.0,9.0,6.0387,1.9467,0.1404,0.2761,0.1404,0.1408,1.8253,0.6318,0.4239,0.1367,understat
900,Adama Traoré,2024-2025,ENG-Premier League,Fulham,F M S,Winger,36,1761,2.0,5.6586,2.0,5.6586,7.0,6.4245,39.0,43.0,15.5213,5.0822,0.1022,0.2892,0.3578,0.3283,1.9932,2.1976,0.7932,0.2597,understat
10552,Alejandro Garnacho,2024-2025,ENG-Premier League,Manchester United,F M S,Winger,36,2176,6.0,9.4398,6.0,9.4398,2.0,3.4675,84.0,38.0,16.767,5.7935,0.2482,0.3904,0.0827,0.1434,3.4743,1.5717,0.6935,0.2396,understat
500,Alex Iwobi,2024-2025,ENG-Premier League,Fulham,D F M S,Winger,38,3023,9.0,5.0215,9.0,5.0215,6.0,8.4589,68.0,58.0,21.4788,10.6456,0.2679,0.1495,0.1786,0.2518,2.0245,1.7268,0.6395,0.3169,understat
8127,Amad Diallo Traore,2024-2025,ENG-Premier League,Manchester United,D F M S,Winger,26,1887,8.0,4.7458,8.0,4.7458,6.0,4.7559,47.0,49.0,12.2649,5.4104,0.3816,0.2264,0.2862,0.2268,2.2417,2.337,0.585,0.258,understat
9524,Anthony Elanga,2024-2025,ENG-Premier League,Nottingham Forest,F M S,Winger,38,2549,6.0,5.9229,6.0,5.9229,11.0,6.6059,44.0,50.0,12.8495,4.0262,0.2118,0.2091,0.3884,0.2332,1.5536,1.7654,0.4537,0.1422,understat
8150,Anthony Gordon,2024-2025,ENG-Premier League,Newcastle United,F M S,Winger,34,2474,6.0,9.1965,5.0,7.6742,5.0,4.8246,59.0,51.0,15.2555,6.2966,0.2183,0.3346,0.1819,0.1755,2.1463,1.8553,0.555,0.2291,understat
11363,Antoine Semenyo,2024-2025,ENG-Premier League,Bournemouth,F M S,Winger,37,3219,11.0,14.5493,11.0,14.5493,5.0,6.6088,126.0,46.0,26.1798,7.8842,0.3075,0.4068,0.1398,0.1848,3.5228,1.2861,0.732,0.2204,understat
6827,Bobby Reid,2024-2025,ENG-Premier League,Leicester,F M S,Winger,23,729,1.0,0.6671,1.0,0.6671,2.0,1.0937,7.0,6.0,1.5033,0.7258,0.1235,0.0824,0.2469,0.135,0.8642,0.7407,0.1856,0.0896,understat
11310,Brajan Gruda,2024-2025,ENG-Premier League,Brighton,F M S,Winger,21,684,1.0,1.0134,1.0,1.0134,4.0,2.2727,11.0,23.0,3.966,1.7326,0.1316,0.1333,0.5263,0.299,1.4474,3.0263,0.5218,0.228,understat
10760,Brennan Johnson,2024-2025,ENG-Premier League,Tottenham,F M S,Winger,33,2178,11.0,11.1626,11.0,11.1626,3.0,2.9487,54.0,19.0,16.4776,3.7469,0.4545,0.4613,0.124,0.1218,2.2314,0.7851,0.6809,0.1548,understat
1228,Bruno Fernandes,2024-2025,ENG-Premier League,Manchester United,F M S,Winger,36,3034,8.0,9.8878,5.0,7.6043,10.0,10.2275,96.0,92.0,24.2281,13.6447,0.2373,0.2933,0.2966,0.3034,2.8477,2.7291,0.7187,0.4048,understat
6552,Bryan Mbeumo,2024-2025,ENG-Premier League,Brentford,D F M,Winger,38,3419,20.0,13.6322,15.0,9.0651,7.0,10.3765,86.0,70.0,24.3771,9.3518,0.5265,0.3588,0.1843,0.2731,2.2638,1.8426,0.6417,0.2462,understat
7322,Bukayo Saka,2024-2025,ENG-Premier League,Arsenal,F M S,Winger,25,1763,6.0,8.9434,5.0,8.1823,10.0,11.5837,67.0,58.0,16.461,6.0236,0.3063,0.4566,0.5105,0.5913,3.4203,2.9609,0.8403,0.3075,understat
6456,Callum Hudson-Odoi,2024-2025,ENG-Premier League,Nottingham Forest,F M S,Winger,31,2221,5.0,2.5115,5.0,2.5115,2.0,2.9466,37.0,44.0,11.8488,8.0001,0.2026,0.1018,0.081,0.1194,1.4993,1.783,0.4801,0.3242,understat
3300,Christopher Nkunku,2024-2025,ENG-Premier League,Chelsea,F M S,Winger,27,878,3.0,5.0279,3.0,5.0279,2.0,2.0136,25.0,14.0,6.7695,1.9545,0.3075,0.5154,0.205,0.2064,2.5626,1.4351,0.6939,0.2003,understat
11296,Cody Gakpo,2024-2025,ENG-Premier League,Liverpool,F M S,Winger,35,1970,10.0,8.6013,10.0,8.6013,4.0,6.2572,57.0,38.0,22.0903,8.6772,0.4569,0.393,0.1827,0.2859,2.6041,1.736,1.0092,0.3964,understat
12750,Conor Chaplin,2024-2025,ENG-Premier League,Ipswich,F M S,Winger,22,851,1.0,1.435,1.0,1.435,1.0,0.7889,16.0,8.0,3.1729,1.4127,0.1058,0.1518,0.1058,0.0834,1.6921,0.8461,0.3356,0.1494,understat
9492,Crysencio Summerville,2024-2025,ENG-Premier League,West Ham,F M S,Winger,19,760,1.0,1.814,1.0,1.814,1.0,2.1588,14.0,17.0,4.3514,1.179,0.1184,0.2148,0.1184,0.2556,1.6579,2.0132,0.5153,0.1396,understat
6665,Curtis Jones,2024-2025,ENG-Premier League,Liverpool,D F M S,Winger,33,1719,3.0,4.5703,3.0,4.5703,3.0,1.7506,34.0,22.0,12.4584,7.695,0.1571,0.2393,0.1571,0.0917,1.7801,1.1518,0.6523,0.4029,understat
9662,Dango Ouattara,2024-2025,ENG-Premier League,Bournemouth,F M S,Winger,32,2013,7.0,10.9337,7.0,10.9337,4.0,5.9895,62.0,35.0,18.4766,4.4394,0.313,0.4888,0.1788,0.2678,2.772,1.5648,0.8261,0.1985,understat
6691,Dejan Kulusevski,2024-2025,ENG-Premier League,Tottenham,F M S,Winger,32,2391,7.0,5.5233,7.0,5.5233,4.0,6.5027,47.0,64.0,16.0127,5.7733,0.2635,0.2079,0.1506,0.2448,1.7691,2.409,0.6027,0.2173,understat
9788,Dominik Szoboszlai,2024-2025,ENG-Premier League,Liverpool,F M S,Winger,36,2519,6.0,7.0086,6.0,7.0086,6.0,7.8584,68.0,57.0,27.4682,15.5949,0.2144,0.2504,0.2144,0.2808,2.4295,2.0365,0.9814,0.5572,understat
8706,Eberechi Eze,2024-2025,ENG-Premier League,Crystal Palace,F M S,Winger,34,2635,8.0,9.877,7.0,8.3546,8.0,7.0196,102.0,58.0,18.7629,8.6757,0.2732,0.3374,0.2732,0.2398,3.4839,1.981,0.6409,0.2963,understat
6482,Eddie Nketiah,2024-2025,ENG-Premier League,Crystal Palace,F M S,Winger,29,984,3.0,7.1534,3.0,7.1534,1.0,1.3858,43.0,13.0,9.5028,2.1898,0.2744,0.6543,0.0915,0.1268,3.9329,1.189,0.8692,0.2003,understat
11132,Ethan Nwaneri,2024-2025,ENG-Premier League,Arsenal,F M S,Winger,26,883,4.0,1.7758,4.0,1.7758,2.0,1.1618,24.0,16.0,4.7332,2.7514,0.4077,0.181,0.2039,0.1184,2.4462,1.6308,0.4824,0.2804,understat
11362,Facundo Buonanotte,2024-2025,ENG-Premier League,Leicester,F M S,Winger,31,1498,5.0,4.361,5.0,4.361,2.0,3.3527,36.0,25.0,7.7602,3.0961,0.3004,0.262,0.1202,0.2014,2.1629,1.502,0.4662,0.186,understat
7752,Gabriel Martinelli,2024-2025,ENG-Premier League,Arsenal,F M S,Winger,33,2310,8.0,9.2135,8.0,9.2135,4.0,5.2642,56.0,40.0,16.8277,4.3923,0.3117,0.359,0.1558,0.2051,2.1818,1.5584,0.6556,0.1711,understat
6937,Georginio Rutter,2024-2025,ENG-Premier League,Brighton,F M S,Winger,28,1679,5.0,5.6771,5.0,5.6771,3.0,3.1324,50.0,19.0,10.1842,2.7958,0.268,0.3043,0.1608,0.1679,2.6802,1.0185,0.5459,0.1499,understat
5682,Gonçalo Guedes,2024-2025,ENG-Premier League,Wolverhampton Wanderers,F M S,Winger,29,968,2.0,3.3299,2.0,3.3299,4.0,1.4344,27.0,14.0,5.65,1.7406,0.186,0.3096,0.3719,0.1334,2.5103,1.3017,0.5253,0.1618,understat
5596,Harry Wilson,2024-2025,ENG-Premier League,Fulham,F M S,Winger,25,1150,6.0,3.6057,6.0,3.6057,1.0,1.4602,43.0,20.0,6.6733,2.5168,0.4696,0.2822,0.0783,0.1143,3.3652,1.5652,0.5223,0.197,understat
6681,Harvey Barnes,2024-2025,ENG-Premier League,Newcastle United,F M S,Winger,33,1740,9.0,7.6951,9.0,7.6951,4.0,4.3516,63.0,24.0,13.8205,3.1923,0.4655,0.398,0.2069,0.2251,3.2586,1.2414,0.7149,0.1651,understat
8845,Hee-Chan Hwang,2024-2025,ENG-Premier League,Wolverhampton Wanderers,F M S,Winger,21,623,2.0,0.799,2.0,0.799,0.0,0.2851,5.0,3.0,2.0133,0.9641,0.2889,0.1154,0.0,0.0412,0.7223,0.4334,0.2908,0.1393,understat
9307,Iliman Ndiaye,2024-2025,ENG-Premier League,Everton,F M S,Winger,33,2478,9.0,7.0949,7.0,5.5725,0.0,1.9087,37.0,18.0,11.5091,5.1906,0.3269,0.2577,0.0,0.0693,1.3438,0.6538,0.418,0.1885,understat
5675,Ismaila Sarr,2024-2025,ENG-Premier League,Crystal Palace,F M S,Winger,38,2738,8.0,12.3086,8.0,12.3086,6.0,10.0565,59.0,44.0,24.2353,7.3139,0.263,0.4046,0.1972,0.3306,1.9394,1.4463,0.7966,0.2404,understat
8720,Jack Harrison,2024-2025,ENG-Premier League,Everton,F M S,Winger,34,2102,1.0,3.3758,1.0,3.3758,0.0,3.65,29.0,33.0,7.7573,2.742,0.0428,0.1445,0.0,0.1563,1.2417,1.4129,0.3321,0.1174,understat
11269,Jack Hinshelwood,2024-2025,ENG-Premier League,Brighton,D F M S,Winger,26,1857,5.0,3.2538,5.0,3.2538,2.0,1.4211,18.0,16.0,9.0289,7.1092,0.2423,0.1577,0.0969,0.0689,0.8724,0.7754,0.4376,0.3445,understat
6063,Jacob Murphy,2024-2025,ENG-Premier League,Newcastle United,D F M S,Winger,35,2443,8.0,6.591,8.0,6.591,11.0,9.3413,43.0,41.0,18.842,4.9106,0.2947,0.2428,0.4052,0.3441,1.5841,1.5104,0.6941,0.1809,understat
8941,Jacob Ramsey,2024-2025,ENG-Premier League,Aston Villa,F M S,Winger,29,1665,1.0,1.454,1.0,1.454,3.0,2.8912,19.0,21.0,9.2129,5.7574,0.0541,0.0786,0.1622,0.1563,1.027,1.1351,0.498,0.3112,understat
1776,Jarrod Bowen,2024-2025,ENG-Premier League,West Ham,F M,Winger,34,2993,13.0,9.8161,12.0,9.0549,8.0,7.6333,87.0,50.0,15.4567,3.2646,0.3909,0.2952,0.2406,0.2295,2.6161,1.5035,0.4648,0.0982,understat
87,Joelinton,2024-2025,ENG-Premier League,Newcastle United,F M,Winger,29,2435,4.0,4.2708,4.0,4.2708,3.0,2.492,45.0,23.0,16.4074,11.3031,0.1478,0.1579,0.1109,0.0921,1.6632,0.8501,0.6064,0.4178,understat
672,Jordan Ayew,2024-2025,ENG-Premier League,"Crystal Palace,Leicester",F M S,Winger,31,1688,5.0,4.3414,4.0,3.5802,0.0,1.9064,33.0,17.0,5.8106,2.6949,0.2666,0.2315,0.0,0.1016,1.7595,0.9064,0.3098,0.1437,understat
8044,Joshua Zirkzee,2024-2025,ENG-Premier League,Manchester United,F M S,Winger,32,1378,3.0,5.2184,3.0,5.2184,1.0,2.0098,28.0,12.0,9.0333,2.9636,0.1959,0.3408,0.0653,0.1313,1.8287,0.7837,0.59,0.1936,understat
8272,João Pedro,2024-2025,ENG-Premier League,Brighton,F M S,Winger,27,1975,10.0,8.8636,5.0,5.0578,6.0,5.6185,47.0,30.0,15.9104,7.6452,0.4557,0.4039,0.2734,0.256,2.1418,1.3671,0.725,0.3484,understat
8981,Jéremy Doku,2024-2025,ENG-Premier League,Manchester City,F M S,Winger,29,1518,3.0,1.8944,3.0,1.8944,6.0,4.6464,29.0,32.0,10.5652,5.7007,0.1779,0.1123,0.3557,0.2755,1.7194,1.8972,0.6264,0.338,understat
5220,Kai Havertz,2024-2025,ENG-Premier League,Arsenal,F M S,Winger,23,1880,9.0,11.8306,9.0,11.8306,3.0,2.9489,53.0,17.0,16.0174,4.6963,0.4309,0.5664,0.1436,0.1412,2.5372,0.8138,0.7668,0.2248,understat
9630,Kamaldeen Sulemana,2024-2025,ENG-Premier League,Southampton,F M S,Winger,26,1405,1.0,1.561,1.0,1.561,1.0,1.2624,29.0,10.0,3.2779,1.0029,0.0641,0.1,0.0641,0.0809,1.8577,0.6406,0.21,0.0642,understat
10806,Kaoru Mitoma,2024-2025,ENG-Premier League,Brighton,F M S,Winger,36,2608,10.0,10.2227,10.0,10.2227,4.0,4.9492,57.0,37.0,21.4071,8.4278,0.3451,0.3528,0.138,0.1708,1.967,1.2768,0.7387,0.2908,understat
447,Kevin De Bruyne,2024-2025,ENG-Premier League,Manchester City,F M S,Winger,28,1706,4.0,5.5445,4.0,5.5445,7.0,8.9344,57.0,57.0,18.8076,8.7033,0.211,0.2925,0.3693,0.4713,3.007,3.007,0.9922,0.4591,understat
9156,Kevin Schade,2024-2025,ENG-Premier League,Brentford,F M S,Winger,38,2332,11.0,9.468,11.0,9.468,2.0,3.7145,55.0,23.0,15.7675,4.1054,0.4245,0.3654,0.0772,0.1434,2.1226,0.8877,0.6085,0.1584,understat
11174,Kobbie Mainoo,2024-2025,ENG-Premier League,Manchester United,F M S,Winger,25,1660,0.0,0.7448,0.0,0.7448,0.0,2.0455,15.0,14.0,6.9945,4.4265,0.0,0.0404,0.0,0.1109,0.8133,0.759,0.3792,0.24,understat
7698,Leandro Trossard,2024-2025,ENG-Premier League,Arsenal,F M S,Winger,38,2569,8.0,8.7421,8.0,8.7421,7.0,7.0434,72.0,43.0,18.9516,7.0507,0.2803,0.3063,0.2452,0.2468,2.5224,1.5064,0.6639,0.247,understat
7365,Lucas Paquetá,2024-2025,ENG-Premier League,West Ham,F M S,Winger,33,2398,4.0,5.1342,2.0,3.6119,0.0,2.7335,41.0,36.0,10.565,5.7044,0.1501,0.1927,0.0,0.1026,1.5388,1.3511,0.3965,0.2141,understat
10408,Luis Díaz,2024-2025,ENG-Premier League,Liverpool,F M S,Winger,36,2433,13.0,12.3563,13.0,12.3563,5.0,6.2452,71.0,56.0,27.0609,10.241,0.4809,0.4571,0.185,0.231,2.6264,2.0715,1.001,0.3788,understat
556,Marcus Rashford,2024-2025,ENG-Premier League,"Aston Villa,Manchester United",F M S,Winger,25,1435,6.0,4.986,5.0,4.2249,3.0,4.7289,35.0,27.0,10.0257,3.5099,0.3763,0.3127,0.1882,0.2966,2.1951,1.6934,0.6288,0.2201,understat
7908,Marshall Munetsi,2024-2025,ENG-Premier League,Wolverhampton Wanderers,F M S,Winger,14,1076,2.0,2.8331,2.0,2.8331,1.0,1.9887,22.0,9.0,5.9031,1.3662,0.1673,0.237,0.0836,0.1663,1.8401,0.7528,0.4938,0.1143,understat
7768,Mason Mount,2024-2025,ENG-Premier League,Manchester United,F M S,Winger,17,626,1.0,2.9395,1.0,2.9395,0.0,0.3356,20.0,8.0,4.9927,1.9044,0.1438,0.4226,0.0,0.0482,2.8754,1.1502,0.7178,0.2738,understat
12948,Mateus Fernandes,2024-2025,ENG-Premier League,Southampton,F M S,Winger,36,2964,2.0,5.0106,2.0,5.0106,4.0,3.8473,42.0,34.0,12.3547,6.9763,0.0607,0.1521,0.1215,0.1168,1.2753,1.0324,0.3751,0.2118,understat
7080,Matheus Cunha,2024-2025,ENG-Premier League,Wolverhampton Wanderers,F M S,Winger,33,2617,15.0,8.4463,15.0,8.4463,6.0,7.4111,110.0,56.0,18.0231,7.1014,0.5159,0.2905,0.2063,0.2549,3.783,1.9259,0.6198,0.2442,understat
5304,Mikel Merino,2024-2025,ENG-Premier League,Arsenal,F M S,Winger,28,1578,7.0,6.8651,7.0,6.8651,2.0,2.1651,38.0,17.0,11.0076,5.7726,0.3992,0.3915,0.1141,0.1235,2.1673,0.9696,0.6278,0.3292,understat
8859,Mikkel Damsgaard,2024-2025,ENG-Premier League,Brentford,F M S,Winger,38,2978,2.0,3.4767,2.0,3.4767,9.0,9.2463,35.0,63.0,19.4251,11.847,0.0604,0.1051,0.272,0.2794,1.0578,1.904,0.5871,0.358,understat
1250,Mohamed Salah,2024-2025,ENG-Premier League,Liverpool,F M,Winger,38,3392,29.0,27.7063,20.0,20.8557,18.0,15.8583,130.0,89.0,48.5359,16.2068,0.7695,0.7351,0.4776,0.4208,3.4493,2.3614,1.2878,0.43,understat
12027,Mohammed Kudus,2024-2025,ENG-Premier League,West Ham,F M S,Winger,32,2634,5.0,7.2222,5.0,7.2222,3.0,3.7307,75.0,32.0,15.98,6.2241,0.1708,0.2468,0.1025,0.1275,2.5626,1.0934,0.546,0.2127,understat
12412,Morgan Rogers,2024-2025,ENG-Premier League,Aston Villa,F M,Winger,37,3191,8.0,8.2166,8.0,8.2166,10.0,8.1459,55.0,51.0,21.3808,8.9013,0.2256,0.2317,0.282,0.2298,1.5512,1.4384,0.603,0.2511,understat
8393,Omar Marmoush,2024-2025,ENG-Premier League,Manchester City,F M S,Winger,16,1195,7.0,5.6498,7.0,5.6498,0.0,2.6768,49.0,15.0,9.663,2.6018,0.5272,0.4255,0.0,0.2016,3.6904,1.1297,0.7278,0.196,understat
9738,Patson Daka,2024-2025,ENG-Premier League,Leicester,F M S,Winger,23,686,1.0,1.7677,1.0,1.7677,0.0,0.0259,15.0,1.0,1.958,0.1644,0.1312,0.2319,0.0,0.0034,1.9679,0.1312,0.2569,0.0216,understat
6382,Pedro Neto,2024-2025,ENG-Premier League,Chelsea,D F M S,Winger,35,2238,4.0,4.4209,4.0,4.4209,6.0,6.5664,59.0,46.0,14.4256,6.6024,0.1609,0.1778,0.2413,0.2641,2.3727,1.8499,0.5801,0.2655,understat
6055,Phil Foden,2024-2025,ENG-Premier League,Manchester City,F M S,Winger,28,1770,7.0,6.1841,7.0,6.1841,2.0,5.3823,54.0,44.0,13.7346,5.4465,0.3559,0.3144,0.1017,0.2737,2.7458,2.2373,0.6984,0.2769,understat
618,Raheem Sterling,2024-2025,ENG-Premier League,Arsenal,F M S,Winger,17,486,0.0,0.9708,0.0,0.9708,2.0,0.5391,10.0,8.0,2.2374,1.0505,0.0,0.1798,0.3704,0.0998,1.8519,1.4815,0.4143,0.1945,understat
453,Son Heung-Min,2024-2025,ENG-Premier League,Tottenham,F M S,Winger,30,2135,7.0,7.9067,6.0,6.3844,9.0,9.0441,57.0,51.0,18.7897,6.8606,0.2951,0.3333,0.3794,0.3813,2.4028,2.1499,0.7921,0.2892,understat
11735,Sávio,2024-2025,ENG-Premier League,Manchester City,F M S,Winger,29,1801,1.0,5.2469,1.0,5.2469,8.0,6.9447,55.0,45.0,16.147,5.9301,0.05,0.2622,0.3998,0.347,2.7485,2.2488,0.8069,0.2963,understat
65,Timo Werner,2024-2025,ENG-Premier League,Tottenham,F M S,Winger,18,488,0.0,0.9532,0.0,0.9532,3.0,3.0807,8.0,10.0,5.6669,1.7122,0.0,0.1758,0.5533,0.5682,1.4754,1.8443,1.0451,0.3158,understat
10586,Tyler Dibling,2024-2025,ENG-Premier League,Southampton,F M S,Winger,33,1860,2.0,3.0918,2.0,3.0918,0.0,1.9797,28.0,20.0,8.5922,4.6982,0.0968,0.1496,0.0,0.0958,1.3548,0.9677,0.4158,0.2273,understat
10822,Wilson Odobert,2024-2025,ENG-Premier League,Tottenham,F M S,Winger,16,845,1.0,2.116,1.0,2.116,0.0,0.8557,13.0,6.0,4.0302,1.8009,0.1065,0.2254,0.0,0.0911,1.3846,0.6391,0.4293,0.1918,understat
5786,Yoane Wissa,2024-2025,ENG-Premier League,Brentford,F M S,Winger,35,2943,18.0,20.7311,18.0,20.7311,4.0,3.4495,90.0,28.0,27.7268,5.427,0.5505,0.634,0.1223,0.1055,2.7523,0.8563,0.8479,0.166,understat
11763,Abduqodir Khusanov,2025-2026,ENG-Premier League,Manchester City,D S,Defender,21,1421,0.0,0.6728,0.0,0.6728,0.0,0.5715,7.0,6.0,7.6341,7.1267,0.0,0.0426,0.0,0.0362,0.4433,0.38,0.4835,0.4514,understat
825,Adam Smith,2025-2026,ENG-Premier League,Bournemouth,D S,Defender,22,1079,0.0,0.0,0.0,0.0,2.0,0.4985,0.0,6.0,4.5372,4.063,0.0,0.0,0.1668,0.0416,0.0,0.5005,0.3784,0.3389,understat
8640,Adrien Truffert,2025-2026,ENG-Premier League,Bournemouth,D,Defender,38,3391,1.0,1.9887,1.0,1.9887,5.0,4.4081,16.0,33.0,15.2389,9.9589,0.0265,0.0528,0.1327,0.117,0.4247,0.8758,0.4045,0.2643,understat
1688,Andrew Robertson,2025-2026,ENG-Premier League,Liverpool,D S,Defender,24,1160,1.0,1.0473,1.0,1.0473,0.0,1.5095,10.0,20.0,5.851,4.4723,0.0776,0.0813,0.0,0.1171,0.7759,1.5517,0.454,0.347,understat
8940,Antonee Robinson,2025-2026,ENG-Premier League,Fulham,D S,Defender,22,1484,1.0,0.9772,0.0,0.2161,0.0,1.09,6.0,21.0,4.5613,3.8489,0.0606,0.0593,0.0,0.0661,0.3639,1.2736,0.2766,0.2334,understat
6885,Axel Disasi,2025-2026,ENG-Premier League,West Ham,D,Defender,14,1258,0.0,1.0807,0.0,1.0807,0.0,0.0239,5.0,1.0,3.1755,2.8731,0.0,0.0773,0.0,0.0017,0.3577,0.0715,0.2272,0.2055,understat
934,Axel Tuanzebe,2025-2026,ENG-Premier League,Burnley,D,Defender,14,1209,1.0,0.5583,1.0,0.5583,0.0,0.0,2.0,0.0,2.7747,2.2164,0.0744,0.0416,0.0,0.0,0.1489,0.0,0.2065,0.165,understat
13080,Ayden Heaven,2025-2026,ENG-Premier League,Manchester United,D S,Defender,17,923,0.0,0.2151,0.0,0.2151,1.0,0.3655,3.0,2.0,4.1653,3.711,0.0,0.021,0.0975,0.0356,0.2925,0.195,0.4062,0.3619,understat
7268,Bafode Diakite,2025-2026,ENG-Premier League,Bournemouth,D S,Defender,18,1276,0.0,0.0139,0.0,0.0139,0.0,0.0846,1.0,2.0,3.9265,3.8777,0.0,0.001,0.0,0.006,0.0705,0.1411,0.2769,0.2735,understat
11243,Bashir Humphreys,2025-2026,ENG-Premier League,Burnley,D S,Defender,20,1585,0.0,0.5261,0.0,0.5261,0.0,0.8644,9.0,9.0,3.3382,2.9342,0.0,0.0299,0.0,0.0491,0.511,0.511,0.1895,0.1666,understat
7298,Ben White,2025-2026,ENG-Premier League,Arsenal,D S,Defender,12,703,0.0,0.2829,0.0,0.2829,1.0,1.5578,5.0,8.0,4.4764,3.1786,0.0,0.0362,0.128,0.1994,0.6401,1.0242,0.5731,0.4069,understat
7240,Benoit Badiashile Mukinayi,2025-2026,ENG-Premier League,Chelsea,D S,Defender,8,478,0.0,0.0,0.0,0.0,0.0,0.0,0.0,0.0,1.0458,1.0458,0.0,0.0,0.0,0.0,0.0,0.0,0.1969,0.1969,understat
11728,Calvin Bassey,2025-2026,ENG-Premier League,Fulham,D S,Defender,30,2523,1.0,1.1909,1.0,1.1909,0.0,0.4309,11.0,10.0,6.1886,5.8932,0.0357,0.0425,0.0,0.0154,0.3924,0.3567,0.2208,0.2102,understat
11167,Chadi Riad,2025-2026,ENG-Premier League,Crystal Palace,D S,Defender,9,562,0.0,0.2799,0.0,0.2799,1.0,0.4277,4.0,1.0,1.6206,1.5276,0.0,0.0448,0.1601,0.0685,0.6406,0.1601,0.2595,0.2446,understat
8430,Chris Richards,2025-2026,ENG-Premier League,Crystal Palace,D S,Defender,33,2819,1.0,1.7815,1.0,1.7815,0.0,0.4875,15.0,9.0,7.8095,7.5028,0.0319,0.0569,0.0,0.0156,0.4789,0.2873,0.2493,0.2395,understat
10120,Conor Bradley,2025-2026,ENG-Premier League,Liverpool,D S,Defender,15,962,0.0,0.2198,0.0,0.2198,1.0,1.1937,6.0,4.0,3.4124,2.4055,0.0,0.0206,0.0936,0.1117,0.5613,0.3742,0.3193,0.225,understat
10024,Cristhian Mosquera,2025-2026,ENG-Premier League,Arsenal,D S,Defender,20,976,0.0,0.0859,0.0,0.0859,0.0,0.2935,1.0,5.0,5.388,5.1847,0.0,0.0079,0.0,0.0271,0.0922,0.4611,0.4968,0.4781,understat
7218,Cristian Romero,2025-2026,ENG-Premier League,Tottenham,D S,Defender,23,1878,4.0,1.8382,4.0,1.8382,1.0,1.8169,17.0,12.0,6.1135,4.2831,0.1917,0.0881,0.0479,0.0871,0.8147,0.5751,0.293,0.2053,understat
13715,Dan Ballard,2025-2026,ENG-Premier League,Sunderland,D S,Defender,29,2143,2.0,3.6954,2.0,3.6954,0.0,1.5806,25.0,14.0,4.7525,2.6089,0.084,0.1552,0.0,0.0664,1.0499,0.588,0.1996,0.1096,understat
7382,Dan Burn,2025-2026,ENG-Premier League,Newcastle United,D S,Defender,29,2205,1.0,0.9215,1.0,0.9215,2.0,0.4086,10.0,7.0,5.2363,4.9391,0.0408,0.0376,0.0816,0.0167,0.4082,0.2857,0.2137,0.2016,understat
12408,Daniel Muñoz,2025-2026,ENG-Premier League,Crystal Palace,D,Defender,29,2417,4.0,3.147,4.0,3.147,3.0,5.0661,26.0,27.0,10.4256,4.4382,0.1489,0.1172,0.1117,0.1886,0.9681,1.0054,0.3882,0.1653,understat
13740,David Møller Wolfe,2025-2026,ENG-Premier League,Wolverhampton Wanderers,D S,Defender,22,1059,0.0,0.0826,0.0,0.0826,2.0,1.3047,3.0,8.0,1.7903,1.2973,0.0,0.007,0.17,0.1109,0.255,0.6799,0.1521,0.1103,understat
7281,Diogo Dalot,2025-2026,ENG-Premier League,Manchester United,D S,Defender,34,2614,1.0,2.1947,1.0,2.1947,3.0,3.5058,24.0,30.0,13.0552,9.6665,0.0344,0.0756,0.1033,0.1207,0.8263,1.0329,0.4495,0.3328,understat
10856,Emmanuel Agbadou,2025-2026,ENG-Premier League,Wolverhampton Wanderers,D S,Defender,14,1093,0.0,0.4468,0.0,0.4468,0.0,0.1718,10.0,4.0,1.6553,1.5437,0.0,0.0368,0.0,0.0141,0.8234,0.3294,0.1363,0.1271,understat
7726,Ezri Konsa Ngoyo,2025-2026,ENG-Premier League,Aston Villa,D,Defender,34,3036,0.0,1.0741,0.0,1.0741,0.0,0.6015,11.0,5.0,9.3611,8.8386,0.0,0.0318,0.0,0.0178,0.3261,0.1482,0.2775,0.262,understat
76,Fabian Schär,2025-2026,ENG-Premier League,Newcastle United,D S,Defender,16,1096,0.0,0.9632,0.0,0.9632,0.0,0.1627,17.0,4.0,3.1929,3.0597,0.0,0.0791,0.0,0.0134,1.396,0.3285,0.2622,0.2513,understat
5613,Gabriel,2025-2026,ENG-Premier League,Arsenal,D S,Defender,32,2748,3.0,4.6491,3.0,4.6491,4.0,2.725,27.0,7.0,8.894,8.3099,0.0983,0.1523,0.131,0.0892,0.8843,0.2293,0.2913,0.2722,understat
1687,Harry Maguire,2025-2026,ENG-Premier League,Manchester United,D S,Defender,23,1666,1.0,1.1766,1.0,1.1766,2.0,0.7251,14.0,4.0,5.0689,5.0689,0.054,0.0636,0.108,0.0392,0.7563,0.2161,0.2738,0.2738,understat
11704,Hjalmar Ekdal,2025-2026,ENG-Premier League,Burnley,D S,Defender,19,1545,0.0,0.6082,0.0,0.6082,0.0,0.1681,6.0,4.0,2.7117,2.5869,0.0,0.0354,0.0,0.0098,0.3495,0.233,0.158,0.1507,understat
11807,Ian Maatsen,2025-2026,ENG-Premier League,Aston Villa,D S,Defender,30,1587,0.0,1.2995,0.0,1.2995,1.0,2.9667,20.0,25.0,5.083,3.7247,0.0,0.0737,0.0567,0.1682,1.1342,1.4178,0.2883,0.2112,understat
6326,Ibrahima Konaté,2025-2026,ENG-Premier League,Liverpool,D,Defender,36,3133,1.0,1.9586,1.0,1.9586,0.0,0.7253,12.0,8.0,11.116,10.7976,0.0287,0.0563,0.0,0.0208,0.3447,0.2298,0.3193,0.3102,understat
3203,Issa Diop,2025-2026,ENG-Premier League,Fulham,D S,Defender,13,810,1.0,0.4417,1.0,0.4417,0.0,0.0,2.0,0.0,1.552,1.552,0.1111,0.0491,0.0,0.0,0.2222,0.0,0.1724,0.1724,understat
8831,Iyenoma Destiny Udogie,2025-2026,ENG-Premier League,Tottenham,D S,Defender,20,1342,0.0,0.2185,0.0,0.2185,1.0,1.122,4.0,12.0,5.1768,4.2792,0.0,0.0147,0.0671,0.0752,0.2683,0.8048,0.3472,0.287,understat
12113,Jackson Tchatchoua,2025-2026,ENG-Premier League,Wolverhampton Wanderers,D S,Defender,31,1822,0.0,0.1055,0.0,0.1055,1.0,2.243,3.0,21.0,6.0326,4.17,0.0,0.0052,0.0494,0.1108,0.1482,1.0373,0.298,0.206,understat
13779,Jair,2025-2026,ENG-Premier League,Nottingham Forest,D S,Defender,9,536,0.0,0.4848,0.0,0.4848,0.0,0.0788,3.0,1.0,1.1901,0.6265,0.0,0.0814,0.0,0.0132,0.5037,0.1679,0.1998,0.1052,understat
6807,Jaka Bijol,2025-2026,ENG-Premier League,Leeds,D S,Defender,25,1895,1.0,0.7185,1.0,0.7185,2.0,1.3992,15.0,7.0,5.491,4.5039,0.0475,0.0341,0.095,0.0665,0.7124,0.3325,0.2608,0.2139,understat
12014,Jake O&#039;Brien,2025-2026,ENG-Premier League,Everton,D S,Defender,37,3146,1.0,1.3069,1.0,1.3069,1.0,0.7244,13.0,17.0,6.4874,5.0529,0.0286,0.0374,0.0286,0.0207,0.3719,0.4863,0.1856,0.1446,understat
10747,James Hill,2025-2026,ENG-Premier League,Bournemouth,D S,Defender,29,2100,0.0,0.9503,0.0,0.9503,3.0,1.4292,12.0,13.0,7.5596,7.1762,0.0,0.0407,0.1286,0.0613,0.5143,0.5571,0.324,0.3075,understat
1665,James Tarkowski,2025-2026,ENG-Premier League,Everton,D,Defender,37,3330,2.0,2.8691,2.0,2.8691,3.0,2.0567,20.0,18.0,6.8241,5.569,0.0541,0.0775,0.0811,0.0556,0.5405,0.4865,0.1844,0.1505,understat
10807,Jan Paul van Hecke,2025-2026,ENG-Premier League,Brighton,D,Defender,36,3214,3.0,3.3586,3.0,3.3586,3.0,1.0256,23.0,12.0,14.1222,13.2135,0.084,0.094,0.084,0.0287,0.6441,0.336,0.3955,0.37,understat
8476,Jarrad Branthwaite,2025-2026,ENG-Premier League,Everton,D S,Defender,10,682,1.0,0.31,1.0,0.31,0.0,0.3732,6.0,3.0,1.2879,1.127,0.132,0.0409,0.0,0.0493,0.7918,0.3959,0.17,0.1487,understat
13091,Jaydee Canvot,2025-2026,ENG-Premier League,Crystal Palace,D S,Defender,20,1334,0.0,1.5658,0.0,1.5658,0.0,0.0824,7.0,3.0,3.8457,3.8195,0.0,0.1056,0.0,0.0056,0.4723,0.2024,0.2595,0.2577,understat
6816,Jean-Clair Todibo,2025-2026,ENG-Premier League,West Ham,D S,Defender,23,1827,0.0,0.656,0.0,0.656,1.0,0.38,2.0,5.0,1.8247,1.5997,0.0,0.0323,0.0493,0.0187,0.0985,0.2463,0.0899,0.0788,understat
6314,Joachim Andersen,2025-2026,ENG-Premier League,Fulham,D,Defender,33,2882,0.0,1.6593,0.0,1.6593,1.0,0.5809,16.0,6.0,9.2598,8.9279,0.0,0.0518,0.0312,0.0181,0.4997,0.1874,0.2892,0.2788,understat
6377,Joe Rodon,2025-2026,ENG-Premier League,Leeds,D S,Defender,35,2954,2.0,1.846,2.0,1.846,0.0,0.4615,18.0,9.0,6.2426,5.7999,0.0609,0.0562,0.0,0.0141,0.5484,0.2742,0.1902,0.1767,understat
10756,Joe Worrall,2025-2026,ENG-Premier League,Burnley,D S,Defender,11,478,0.0,0.0381,0.0,0.0381,0.0,0.0,1.0,0.0,0.5446,0.5065,0.0,0.0072,0.0,0.0,0.1883,0.0,0.1025,0.0954,understat
8489,Jorge Cuenca,2025-2026,ENG-Premier League,Fulham,D S,Defender,15,949,0.0,0.0508,0.0,0.0508,0.0,0.5159,1.0,3.0,2.3104,2.3104,0.0,0.0048,0.0,0.0489,0.0948,0.2845,0.2191,0.2191,understat
13776,Jorrel Hato,2025-2026,ENG-Premier League,Chelsea,D S,Defender,22,1131,0.0,0.3383,0.0,0.3383,0.0,0.7096,4.0,8.0,6.1744,5.8192,0.0,0.0269,0.0,0.0565,0.3183,0.6366,0.4913,0.4631,understat
987,Joseph Gomez,2025-2026,ENG-Premier League,Liverpool,D S,Defender,21,577,0.0,0.1997,0.0,0.1997,2.0,1.2492,4.0,5.0,4.3386,3.0969,0.0,0.0311,0.312,0.1948,0.6239,0.7799,0.6767,0.4831,understat
12535,Josh Acheampong,2025-2026,ENG-Premier League,Chelsea,D S,Defender,17,657,1.0,0.6709,1.0,0.6709,0.0,0.138,4.0,2.0,2.1219,2.0502,0.137,0.0919,0.0,0.0189,0.5479,0.274,0.2907,0.2809,understat
9790,Josko Gvardiol,2025-2026,ENG-Premier League,Manchester City,D S,Defender,18,1374,2.0,1.8614,2.0,1.8614,2.0,0.4376,17.0,4.0,10.0963,9.5483,0.131,0.1219,0.131,0.0287,1.1135,0.262,0.6613,0.6254,understat
8780,Joël Veltman,2025-2026,ENG-Premier League,Brighton,D S,Defender,24,1025,1.0,1.0643,1.0,1.0643,0.0,0.252,4.0,4.0,2.4635,2.3218,0.0878,0.0934,0.0,0.0221,0.3512,0.3512,0.2163,0.2039,understat
11707,Jurriën Timber,2025-2026,ENG-Premier League,Arsenal,D S,Defender,30,2475,3.0,4.0308,3.0,4.0308,5.0,2.5891,25.0,28.0,11.4386,8.6594,0.1091,0.1466,0.1818,0.0942,0.9091,1.0182,0.4159,0.3149,understat
5973,Kenny Tete,2025-2026,ENG-Premier League,Fulham,D S,Defender,22,1805,1.0,0.7288,1.0,0.7288,0.0,0.9491,16.0,11.0,3.9444,3.1576,0.0499,0.0363,0.0,0.0473,0.7978,0.5485,0.1967,0.1574,understat
5261,Kevin Danso,2025-2026,ENG-Premier League,Tottenham,D S,Defender,24,1489,0.0,0.5242,0.0,0.5242,0.0,0.1587,11.0,2.0,1.6506,1.5963,0.0,0.0317,0.0,0.0096,0.6649,0.1209,0.0998,0.0965,understat
652,Kieran Trippier,2025-2026,ENG-Premier League,Newcastle United,D S,Defender,21,1606,0.0,0.0959,0.0,0.0959,1.0,1.8195,2.0,28.0,5.1302,4.7119,0.0,0.0054,0.056,0.102,0.1121,1.5691,0.2875,0.2641,understat
6722,Konstantinos Mavropanos,2025-2026,ENG-Premier League,West Ham,D S,Defender,31,2518,3.0,2.7911,3.0,2.7911,0.0,0.4896,23.0,4.0,4.4581,4.0938,0.1072,0.0998,0.0,0.0175,0.8221,0.143,0.1593,0.1463,understat
9677,Kristoffer Ajer,2025-2026,ENG-Premier League,Brentford,D S,Defender,27,1809,0.0,1.0539,0.0,1.0539,1.0,0.9043,10.0,5.0,5.4918,3.8736,0.0,0.0524,0.0498,0.045,0.4975,0.2488,0.2732,0.1927,understat
885,Kyle Walker-Peters,2025-2026,ENG-Premier League,West Ham,D S,Defender,23,1365,1.0,1.1882,1.0,1.1882,0.0,0.357,5.0,6.0,4.9049,3.5975,0.0659,0.0783,0.0,0.0235,0.3297,0.3956,0.3234,0.2372,understat
10564,Leny Yoro,2025-2026,ENG-Premier League,Manchester United,D S,Defender,32,1736,0.0,1.2474,0.0,1.2474,0.0,0.2197,9.0,4.0,4.6704,4.4985,0.0,0.0647,0.0,0.0114,0.4666,0.2074,0.2421,0.2332,understat
6048,Lewis Dunk,2025-2026,ENG-Premier League,Brighton,D S,Defender,33,2831,1.0,1.3369,1.0,1.3369,0.0,0.5454,23.0,7.0,12.6895,12.6021,0.0318,0.0425,0.0,0.0173,0.7312,0.2225,0.4034,0.4006,understat
10216,Lewis Hall,2025-2026,ENG-Premier League,Newcastle United,D S,Defender,30,2164,1.0,1.2881,1.0,1.2881,1.0,2.5339,25.0,25.0,8.8684,7.4675,0.0416,0.0536,0.0416,0.1054,1.0397,1.0397,0.3688,0.3106,understat
10802,Lisandro Martínez,2025-2026,ENG-Premier League,Manchester United,D S,Defender,18,1217,0.0,0.1135,0.0,0.1135,0.0,0.4642,5.0,5.0,6.6897,6.5686,0.0,0.0084,0.0,0.0343,0.3698,0.3698,0.4947,0.4858,understat
1823,Lucas Digne,2025-2026,ENG-Premier League,Aston Villa,D S,Defender,31,1857,0.0,0.7033,0.0,0.7033,6.0,3.0525,14.0,26.0,5.531,4.143,0.0,0.0341,0.2908,0.1479,0.6785,1.2601,0.2681,0.2008,understat
11824,Lucas Pires,2025-2026,ENG-Premier League,Burnley,D S,Defender,20,1391,0.0,0.9026,0.0,0.9026,0.0,1.5199,16.0,20.0,3.8335,2.3545,0.0,0.0584,0.0,0.0983,1.0352,1.294,0.248,0.1523,understat
14099,Luke O&#039;Nien,2025-2026,ENG-Premier League,Sunderland,D S,Defender,12,556,0.0,0.2099,0.0,0.2099,1.0,0.1062,4.0,2.0,2.2224,1.9999,0.0,0.034,0.1619,0.0172,0.6475,0.3237,0.3597,0.3237,understat
1006,Luke Shaw,2025-2026,ENG-Premier League,Manchester United,D,Defender,38,3269,1.0,0.5989,1.0,0.5989,1.0,1.4937,10.0,15.0,11.4567,10.6089,0.0275,0.0165,0.0275,0.0411,0.2753,0.413,0.3154,0.2921,understat
8378,Malick Thiaw,2025-2026,ENG-Premier League,Newcastle United,D S,Defender,35,2968,4.0,5.898,4.0,5.898,0.0,0.8269,28.0,6.0,9.1483,8.6449,0.1213,0.1788,0.0,0.0251,0.8491,0.1819,0.2774,0.2621,understat
7603,Marc Guehi,2025-2026,ENG-Premier League,"Crystal Palace,Manchester City",D,Defender,35,3150,3.0,4.6973,3.0,4.6973,3.0,2.7266,32.0,18.0,17.6728,15.4881,0.0857,0.1342,0.0857,0.0779,0.9143,0.5143,0.5049,0.4425,understat
10864,Marcos Senesi,2025-2026,ENG-Premier League,Bournemouth,D,Defender,37,3298,0.0,1.8507,0.0,1.8507,5.0,4.0267,16.0,24.0,14.2653,10.9058,0.0,0.0505,0.1364,0.1099,0.4366,0.6549,0.3893,0.2976,understat
11000,Matheus Nunes,2025-2026,ENG-Premier League,Manchester City,D S,Defender,34,2865,1.0,0.6755,1.0,0.6755,5.0,3.0991,7.0,28.0,22.1042,20.2891,0.0314,0.0212,0.1571,0.0974,0.2199,0.8796,0.6944,0.6374,understat
12758,Mats Wieffer,2025-2026,ENG-Premier League,Brighton,D S,Defender,26,1922,2.0,1.9274,2.0,1.9274,3.0,2.869,18.0,19.0,10.284,8.2677,0.0937,0.0903,0.1405,0.1343,0.8429,0.8897,0.4816,0.3871,understat
6852,Matt Doherty,2025-2026,ENG-Premier League,Wolverhampton Wanderers,D,Defender,11,822,0.0,0.0823,0.0,0.0823,0.0,0.1728,3.0,3.0,0.301,0.1282,0.0,0.009,0.0,0.0189,0.3285,0.3285,0.033,0.014,understat
8864,Matthew Cash,2025-2026,ENG-Premier League,Aston Villa,D S,Defender,35,3040,3.0,1.2179,3.0,1.2179,3.0,3.2149,30.0,31.0,10.3011,8.0726,0.0888,0.0361,0.0888,0.0952,0.8882,0.9178,0.305,0.239,understat
7902,Matthijs de Ligt,2025-2026,ENG-Premier League,Manchester United,D,Defender,13,1170,1.0,1.3234,1.0,1.3234,0.0,0.4282,11.0,3.0,2.8319,2.3888,0.0769,0.1018,0.0,0.0329,0.8462,0.2308,0.2178,0.1838,understat
7332,Max Kilman,2025-2026,ENG-Premier League,West Ham,D S,Defender,21,1552,0.0,1.1671,0.0,1.1671,0.0,0.2077,7.0,4.0,1.2339,1.1281,0.0,0.0677,0.0,0.012,0.4059,0.232,0.0716,0.0654,understat
8853,Maxence Lacroix,2025-2026,ENG-Premier League,Crystal Palace,D,Defender,35,3094,1.0,3.0068,1.0,3.0068,2.0,1.2869,25.0,7.0,10.7443,9.9812,0.0291,0.0875,0.0582,0.0374,0.7272,0.2036,0.3125,0.2903,understat
9487,Maxime Estève,2025-2026,ENG-Premier League,Burnley,D,Defender,34,2946,0.0,0.4516,0.0,0.4516,0.0,0.7021,10.0,6.0,4.438,4.2896,0.0,0.0138,0.0,0.0214,0.3055,0.1833,0.1356,0.131,understat
11281,Michael Kayode,2025-2026,ENG-Premier League,Brentford,D,Defender,37,3281,1.0,1.1691,1.0,1.1691,1.0,3.1847,9.0,33.0,13.0463,9.5688,0.0274,0.0321,0.0274,0.0874,0.2469,0.9052,0.3579,0.2625,understat
1653,Michael Keane,2025-2026,ENG-Premier League,Everton,D S,Defender,33,2586,3.0,3.5691,3.0,3.5691,1.0,0.1301,26.0,2.0,5.3535,4.2836,0.1044,0.1242,0.0348,0.0045,0.9049,0.0696,0.1863,0.1491,understat
10050,Micky van de Ven,2025-2026,ENG-Premier League,Tottenham,D,Defender,35,3049,4.0,2.4526,4.0,2.4526,1.0,1.0143,16.0,5.0,5.5816,5.2438,0.1181,0.0724,0.0295,0.0299,0.4723,0.1476,0.1648,0.1548,understat
11709,Milos Kerkez,2025-2026,ENG-Premier League,Liverpool,D S,Defender,34,2271,2.0,1.3936,2.0,1.3936,1.0,1.8635,9.0,26.0,9.4891,6.8594,0.0793,0.0552,0.0396,0.0739,0.3567,1.0304,0.3761,0.2718,understat
13068,Morato,2025-2026,ENG-Premier League,Nottingham Forest,D S,Defender,21,1333,1.0,1.8854,1.0,1.8854,0.0,0.0937,5.0,2.0,4.4784,3.8473,0.0675,0.1273,0.0,0.0063,0.3376,0.135,0.3024,0.2598,understat
12123,Murillo,2025-2026,ENG-Premier League,Nottingham Forest,D,Defender,25,2132,1.0,0.5957,1.0,0.5957,0.0,0.2994,11.0,8.0,6.3586,6.0499,0.0422,0.0251,0.0,0.0126,0.4644,0.3377,0.2684,0.2554,understat
579,Nathan Aké,2025-2026,ENG-Premier League,Manchester City,D S,Defender,18,681,0.0,1.0962,0.0,1.0962,0.0,0.7114,7.0,6.0,4.4475,3.9373,0.0,0.1449,0.0,0.094,0.9251,0.793,0.5878,0.5204,understat
9733,Nathan Collins,2025-2026,ENG-Premier League,Brentford,D S,Defender,35,2966,1.0,2.9171,1.0,2.9171,2.0,2.4297,20.0,9.0,10.0359,8.5106,0.0303,0.0885,0.0607,0.0737,0.6069,0.2731,0.3045,0.2582,understat
603,Nathaniel Clyne,2025-2026,ENG-Premier League,Crystal Palace,D S,Defender,10,613,0.0,0.2702,0.0,0.2702,1.0,0.6745,3.0,3.0,1.4968,1.2266,0.0,0.0397,0.1468,0.099,0.4405,0.4405,0.2198,0.1801,understat
8204,Neco Williams,2025-2026,ENG-Premier League,Nottingham Forest,D S,Defender,37,3203,2.0,1.8706,2.0,1.8706,3.0,4.3956,46.0,36.0,12.1051,9.0096,0.0562,0.0526,0.0843,0.1235,1.2925,1.0116,0.3401,0.2532,understat
12905,Nicolò Savona,2025-2026,ENG-Premier League,Nottingham Forest,D S,Defender,14,1036,2.0,1.2355,2.0,1.2355,0.0,0.5945,5.0,6.0,3.0065,1.5372,0.1737,0.1073,0.0,0.0516,0.4344,0.5212,0.2612,0.1335,understat
6174,Nikola Milenkovic,2025-2026,ENG-Premier League,Nottingham Forest,D S,Defender,38,3360,0.0,0.5094,0.0,0.5094,0.0,0.2676,15.0,3.0,8.0697,7.9984,0.0,0.0136,0.0,0.0072,0.4018,0.0804,0.2162,0.2142,understat
5659,Nordi Mukiele,2025-2026,ENG-Premier League,Sunderland,D,Defender,32,2793,3.0,2.7789,3.0,2.7789,3.0,2.7528,26.0,23.0,9.0767,6.9887,0.0967,0.0895,0.0967,0.0887,0.8378,0.7411,0.2925,0.2252,understat
10696,Noussair Mazraoui,2025-2026,ENG-Premier League,Manchester United,D S,Defender,20,990,0.0,0.1968,0.0,0.1968,0.0,0.2095,5.0,6.0,5.6487,5.4004,0.0,0.0179,0.0,0.019,0.4545,0.5455,0.5135,0.4909,understat
725,Ola Aina,2025-2026,ENG-Premier League,Nottingham Forest,D,Defender,18,1595,0.0,0.4096,0.0,0.4096,0.0,0.3413,12.0,9.0,3.9507,3.5273,0.0,0.0231,0.0,0.0193,0.6771,0.5078,0.2229,0.199,understat
12358,Oliver Scarles,2025-2026,ENG-Premier League,West Ham,D S,Defender,13,665,0.0,0.2388,0.0,0.2388,0.0,0.9762,3.0,5.0,1.5898,0.6791,0.0,0.0323,0.0,0.1321,0.406,0.6767,0.2152,0.0919,understat
3645,Olivier Boscagli,2025-2026,ENG-Premier League,Brighton,D S,Defender,12,801,0.0,0.0207,0.0,0.0207,1.0,0.1476,1.0,3.0,3.546,3.5086,0.0,0.0023,0.1124,0.0166,0.1124,0.3371,0.3984,0.3942,understat
8986,Omar Alderete,2025-2026,ENG-Premier League,Sunderland,D S,Defender,33,2808,1.0,1.5456,1.0,1.5456,1.0,0.6075,24.0,9.0,4.5496,3.7731,0.0321,0.0495,0.0321,0.0195,0.7692,0.2885,0.1458,0.1209,understat
8717,Pascal Struijk,2025-2026,ENG-Premier League,Leeds,D S,Defender,34,2940,0.0,2.9674,0.0,2.9674,1.0,1.0937,31.0,12.0,7.1203,6.1816,0.0,0.0908,0.0306,0.0335,0.949,0.3673,0.218,0.1892,understat
6221,Pau Torres,2025-2026,ENG-Premier League,Aston Villa,D S,Defender,21,1679,0.0,1.5826,0.0,1.5826,0.0,0.0069,9.0,1.0,4.5037,4.4295,0.0,0.0848,0.0,0.0004,0.4824,0.0536,0.2414,0.2374,understat
9911,Piero Hincapié,2025-2026,ENG-Premier League,Arsenal,D S,Defender,25,1786,1.0,0.4126,1.0,0.4126,2.0,2.1274,3.0,13.0,8.4794,6.883,0.0504,0.0208,0.1008,0.1072,0.1512,0.6551,0.4273,0.3468,understat
13727,Quilindschy Hartman,2025-2026,ENG-Premier League,Burnley,D,Defender,21,1843,0.0,0.3775,0.0,0.3775,5.0,2.7901,9.0,20.0,5.2355,4.0756,0.0,0.0184,0.2442,0.1363,0.4395,0.9767,0.2557,0.199,understat
9105,Radu Dragusin,2025-2026,ENG-Premier League,Tottenham,D S,Defender,10,513,0.0,0.2078,0.0,0.2078,0.0,0.0,4.0,0.0,0.8118,0.8118,0.0,0.0364,0.0,0.0,0.7018,0.0,0.1424,0.1424,understat
7432,Reinildo,2025-2026,ENG-Premier League,Sunderland,D S,Defender,25,1974,0.0,0.17,0.0,0.17,1.0,0.2959,4.0,6.0,3.9468,3.7053,0.0,0.0078,0.0456,0.0135,0.1824,0.2736,0.1799,0.1689,understat
8129,Riccardo Calafiori,2025-2026,ENG-Premier League,Arsenal,D S,Defender,26,1755,1.0,3.4695,1.0,3.4695,2.0,0.6484,32.0,9.0,8.1578,6.5584,0.0513,0.1779,0.1026,0.0333,1.641,0.4615,0.4184,0.3363,understat
9679,Rico Henry,2025-2026,ENG-Premier League,Brentford,D S,Defender,25,1315,0.0,0.1457,0.0,0.1457,1.0,0.3162,5.0,4.0,2.4185,2.2317,0.0,0.01,0.0684,0.0216,0.3422,0.2738,0.1655,0.1527,understat
8961,Rúben Dias,2025-2026,ENG-Premier League,Manchester City,D S,Defender,26,2142,2.0,0.4371,2.0,0.4371,0.0,0.4226,10.0,7.0,14.6866,14.2491,0.084,0.0184,0.0,0.0178,0.4202,0.2941,0.6171,0.5987,understat
10945,Santiago Bueno,2025-2026,ENG-Premier League,Wolverhampton Wanderers,D S,Defender,29,2549,3.0,1.9953,3.0,1.9953,1.0,0.9024,10.0,10.0,4.3502,3.939,0.1059,0.0704,0.0353,0.0319,0.3531,0.3531,0.1536,0.1391,understat
10721,Sepp van den Berg,2025-2026,ENG-Premier League,Brentford,D S,Defender,32,2758,0.0,3.3329,0.0,3.3329,2.0,2.1971,23.0,7.0,8.7362,6.4254,0.0,0.1088,0.0653,0.0717,0.7505,0.2284,0.2851,0.2097,understat
8635,Sven Botman,2025-2026,ENG-Premier League,Newcastle United,D S,Defender,25,1842,1.0,1.551,1.0,1.551,0.0,1.4832,15.0,6.0,6.021,5.7225,0.0489,0.0758,0.0,0.0725,0.7329,0.2932,0.2942,0.2796,understat
5590,Tosin Adarabioyo,2025-2026,ENG-Premier League,Chelsea,D S,Defender,16,791,0.0,0.0724,0.0,0.0724,0.0,0.416,2.0,1.0,3.179,3.179,0.0,0.0082,0.0,0.0473,0.2276,0.1138,0.3617,0.3617,understat
10293,Toti,2025-2026,ENG-Premier League,Wolverhampton Wanderers,D S,Defender,19,1437,0.0,0.9501,0.0,0.9501,0.0,0.1586,5.0,6.0,2.2873,2.1013,0.0,0.0595,0.0,0.0099,0.3132,0.3758,0.1433,0.1316,understat
6615,Trevoh Chalobah,2025-2026,ENG-Premier League,Chelsea,D S,Defender,34,2781,3.0,1.8415,3.0,1.8415,0.0,0.6306,16.0,5.0,14.7285,14.5968,0.0971,0.0596,0.0,0.0204,0.5178,0.1618,0.4767,0.4724,understat
8214,Tyrick Mitchell,2025-2026,ENG-Premier League,Crystal Palace,D S,Defender,38,3258,1.0,1.9847,1.0,1.9847,2.0,3.0361,19.0,29.0,13.1555,9.8705,0.0276,0.0548,0.0552,0.0839,0.5249,0.8011,0.3634,0.2727,understat
1024,Tyrone Mings,2025-2026,ENG-Premier League,Aston Villa,D S,Defender,17,1314,0.0,1.4921,0.0,1.4921,0.0,0.7093,9.0,5.0,3.9032,3.5913,0.0,0.1022,0.0,0.0486,0.6164,0.3425,0.2673,0.246,understat
9512,Valentino Livramento,2025-2026,ENG-Premier League,Newcastle United,D S,Defender,17,1323,0.0,0.1523,0.0,0.1523,1.0,0.6163,3.0,10.0,6.2279,5.6118,0.0,0.0104,0.068,0.0419,0.2041,0.6803,0.4237,0.3818,understat
833,Virgil van Dijk,2025-2026,ENG-Premier League,Liverpool,D,Defender,38,3420,6.0,4.8912,6.0,4.8912,0.0,0.3285,30.0,11.0,12.4856,11.3832,0.1579,0.1287,0.0,0.0086,0.7895,0.2895,0.3286,0.2996,understat
10291,Vitalii Mykolenko,2025-2026,ENG-Premier League,Everton,D,Defender,33,2963,0.0,0.2775,0.0,0.2775,1.0,1.1418,9.0,22.0,8.0947,7.0456,0.0,0.0084,0.0304,0.0347,0.2734,0.6682,0.2459,0.214,understat
7589,Wesley Fofana,2025-2026,ENG-Premier League,Chelsea,D S,Defender,25,1745,0.0,0.5402,0.0,0.5402,1.0,0.6585,8.0,3.0,8.7659,8.7352,0.0,0.0279,0.0516,0.034,0.4126,0.1547,0.4521,0.4505,understat
6888,William Saliba,2025-2026,ENG-Premier League,Arsenal,D S,Defender,31,2609,1.0,1.5778,1.0,1.5778,0.0,1.306,5.0,10.0,11.0173,10.5019,0.0345,0.0544,0.0,0.0451,0.1725,0.345,0.3801,0.3623,understat
9958,Yerson Mosquera,2025-2026,ENG-Premier League,Wolverhampton Wanderers,D S,Defender,27,2154,0.0,2.9658,0.0,2.9658,0.0,1.2028,30.0,11.0,5.8531,3.759,0.0,0.1239,0.0,0.0503,1.2535,0.4596,0.2446,0.1571,understat
5232,Alexander Isak,2025-2026,ENG-Premier League,Liverpool,F S,Forward,14,717,3.0,3.2453,3.0,3.2453,1.0,0.8461,17.0,2.0,4.253,0.9801,0.3766,0.4074,0.1255,0.1062,2.1339,0.251,0.5338,0.123,understat
8384,Armando Broja,2025-2026,ENG-Premier League,Burnley,F S,Forward,24,822,1.0,2.5165,1.0,2.5165,1.0,0.6098,16.0,5.0,2.6858,1.0258,0.1095,0.2755,0.1095,0.0668,1.7518,0.5474,0.2941,0.1123,understat
11974,Benjamin Sesko,2025-2026,ENG-Premier League,Manchester United,F S,Forward,30,1636,11.0,12.5041,11.0,12.5041,1.0,0.5977,61.0,9.0,14.2272,1.6295,0.6051,0.6879,0.055,0.0329,3.3557,0.4951,0.7827,0.0896,understat
9983,Beto,2025-2026,ENG-Premier League,Everton,F S,Forward,37,1552,9.0,10.9477,9.0,10.9477,1.0,1.0042,43.0,12.0,12.0972,0.9316,0.5219,0.6349,0.058,0.0582,2.4936,0.6959,0.7015,0.054,understat
9789,Brian Brobbey,2025-2026,ENG-Premier League,Sunderland,F S,Forward,31,1943,7.0,7.1119,7.0,7.1119,1.0,1.5084,36.0,15.0,9.2881,1.6009,0.3242,0.3294,0.0463,0.0699,1.6675,0.6948,0.4302,0.0742,understat
4456,Chris Wood,2025-2026,ENG-Premier League,Nottingham Forest,F S,Forward,15,913,3.0,3.3652,3.0,3.3652,0.0,0.3217,23.0,5.0,3.2678,0.507,0.2957,0.3317,0.0,0.0317,2.2673,0.4929,0.3221,0.05,understat
5595,Daniel James,2025-2026,ENG-Premier League,Leeds,D F S,Forward,19,538,0.0,0.7999,0.0,0.7999,0.0,0.4895,14.0,9.0,1.5797,0.3268,0.0,0.1338,0.0,0.0819,2.342,1.5056,0.2643,0.0547,understat
501,Danny Welbeck,2025-2026,ENG-Premier League,Brighton,F S,Forward,37,2286,13.0,12.7189,12.0,10.4354,1.0,2.2625,56.0,20.0,14.9849,4.7967,0.5118,0.5007,0.0394,0.0891,2.2047,0.7874,0.59,0.1888,understat
5555,Dominic Calvert-Lewin,2025-2026,ENG-Premier League,Leeds,F S,Forward,35,2732,14.0,18.6713,10.0,14.8655,1.0,1.5441,73.0,20.0,18.0262,2.7684,0.4612,0.6151,0.0329,0.0509,2.4048,0.6589,0.5938,0.0912,understat
1679,Dominic Solanke,2025-2026,ENG-Premier League,Tottenham,F S,Forward,15,989,3.0,3.5864,3.0,3.5864,0.0,0.5976,20.0,6.0,4.7046,1.6909,0.273,0.3264,0.0,0.0544,1.82,0.546,0.4281,0.1539,understat
8260,Erling Haaland,2025-2026,ENG-Premier League,Manchester City,F S,Forward,35,2979,27.0,28.7953,24.0,25.7507,8.0,5.5077,125.0,25.0,32.7354,5.1635,0.8157,0.8699,0.2417,0.1664,3.7764,0.7553,0.989,0.156,understat
12963,Evanilson,2025-2026,ENG-Premier League,Bournemouth,F S,Forward,36,2810,6.0,11.8301,6.0,11.8301,1.0,3.0691,72.0,30.0,15.95,3.4856,0.1922,0.3789,0.032,0.0983,2.306,0.9609,0.5109,0.1116,understat
8995,Hugo Ekitike,2025-2026,ENG-Premier League,Liverpool,F S,Forward,28,1835,11.0,11.9322,11.0,11.9322,4.0,2.4913,65.0,21.0,16.323,4.8864,0.5395,0.5852,0.1962,0.1222,3.188,1.03,0.8006,0.2397,understat
5735,Jean-Philippe Mateta,2025-2026,ENG-Premier League,Crystal Palace,F S,Forward,32,2225,12.0,15.9774,8.0,12.9328,0.0,1.2496,63.0,9.0,15.1708,2.3938,0.4854,0.6463,0.0,0.0505,2.5483,0.364,0.6136,0.0968,understat
11070,Jørgen Strand Larsen,2025-2026,ENG-Premier League,"Crystal Palace,Wolverhampton Wanderers",F S,Forward,36,2353,4.0,6.5142,3.0,4.9919,1.0,0.6866,44.0,10.0,7.0698,2.569,0.153,0.2492,0.0382,0.0263,1.683,0.3825,0.2704,0.0983,understat
8868,Liam Delap,2025-2026,ENG-Premier League,Chelsea,F S,Forward,28,1064,1.0,5.0301,1.0,5.0301,0.0,0.1693,36.0,3.0,7.5159,3.4006,0.0846,0.4255,0.0,0.0143,3.0451,0.2538,0.6357,0.2876,understat
6544,Lukas Nmecha,2025-2026,ENG-Premier League,Leeds,F S,Forward,31,1076,6.0,8.1403,4.0,5.8568,1.0,1.6845,30.0,11.0,6.9615,1.4674,0.5019,0.6809,0.0836,0.1409,2.5093,0.9201,0.5823,0.1227,understat
8865,Ollie Watkins,2025-2026,ENG-Premier League,Aston Villa,F S,Forward,37,2908,16.0,18.8277,16.0,18.8277,3.0,2.816,83.0,23.0,21.7459,4.3408,0.4952,0.5827,0.0928,0.0872,2.5688,0.7118,0.673,0.1343,understat
4105,Raúl Jiménez,2025-2026,ENG-Premier League,Fulham,F S,Forward,36,2215,9.0,12.0166,5.0,8.9719,3.0,1.9441,73.0,25.0,10.5513,1.558,0.3657,0.4883,0.1219,0.079,2.9661,1.0158,0.4287,0.0633,understat
10717,Rodrigo Muniz,2025-2026,ENG-Premier League,Fulham,F S,Forward,21,1001,1.0,4.5453,1.0,4.5453,1.0,0.9615,32.0,8.0,4.831,1.298,0.0899,0.4087,0.0899,0.0864,2.8771,0.7193,0.4344,0.1167,understat
13222,Thiago,2025-2026,ENG-Premier League,Brentford,F S,Forward,38,3292,22.0,24.6898,14.0,17.8393,1.0,3.45,84.0,24.0,22.6935,4.9276,0.6015,0.675,0.0273,0.0943,2.2965,0.6561,0.6204,0.1347,understat
12916,Thierno Barry,2025-2026,ENG-Premier League,Everton,F S,Forward,38,1921,8.0,9.1493,8.0,9.1493,0.0,1.0039,38.0,12.0,10.249,2.1521,0.3748,0.4287,0.0,0.047,1.7803,0.5622,0.4802,0.1008,understat
8875,Tolu Arokodare,2025-2026,ENG-Premier League,Wolverhampton Wanderers,F S,Forward,33,1357,3.0,7.4266,3.0,6.6654,1.0,1.1597,46.0,11.0,5.4045,1.1025,0.199,0.4925,0.0663,0.0769,3.0508,0.7296,0.3584,0.0731,understat
10948,Valentín Castellanos,2025-2026,ENG-Premier League,West Ham,F S,Forward,18,1430,6.0,7.1198,6.0,7.1198,0.0,0.7475,50.0,12.0,6.7795,1.139,0.3776,0.4481,0.0,0.047,3.1469,0.7552,0.4267,0.0717,understat
7254,Viktor Gyokeres,2025-2026,ENG-Premier League,Arsenal,F S,Forward,36,2255,14.0,13.8714,11.0,11.5879,1.0,2.6537,55.0,20.0,14.7752,3.2595,0.5588,0.5536,0.0399,0.1059,2.1951,0.7982,0.5897,0.1301,understat
11155,Wilfried Gnonto,2025-2026,ENG-Premier League,Leeds,F S,Forward,23,493,0.0,0.4377,0.0,0.4377,1.0,1.2471,10.0,8.0,2.8794,1.2366,0.0,0.0799,0.1826,0.2277,1.8256,1.4604,0.5256,0.2258,understat
9556,William Osula,2025-2026,ENG-Premier League,Newcastle United,F S,Forward,24,777,7.0,4.9154,7.0,4.9154,0.0,0.4467,23.0,6.0,5.1104,0.3746,0.8108,0.5694,0.0,0.0517,2.6641,0.695,0.5919,0.0434,understat
7148,Wilson Isidor,2025-2026,ENG-Premier League,Sunderland,F S,Forward,32,1142,6.0,5.6194,6.0,5.6194,0.0,0.0,43.0,0.0,6.0322,0.6748,0.4729,0.4429,0.0,0.0,3.3888,0.0,0.4754,0.0532,understat
5786,Yoane Wissa,2025-2026,ENG-Premier League,Newcastle United,F S,Forward,19,492,1.0,3.2382,1.0,3.2382,0.0,0.1695,13.0,3.0,4.3541,1.3059,0.1829,0.5924,0.0,0.031,2.378,0.5488,0.7965,0.2389,understat
13729,Zian Flemming,2025-2026,ENG-Premier League,Burnley,F S,Forward,29,1795,11.0,9.5548,9.0,8.0325,0.0,0.6848,52.0,10.0,7.8253,1.7186,0.5515,0.4791,0.0,0.0343,2.6072,0.5014,0.3924,0.0862,understat
8942,Aaron Hickey,2025-2026,ENG-Premier League,Brentford,D M S,Midfielder,21,668,0.0,0.5499,0.0,0.5499,0.0,0.6038,6.0,1.0,2.6958,2.2481,0.0,0.0741,0.0,0.0814,0.8084,0.1347,0.3632,0.3029,understat
5584,Aaron Wan-Bissaka,2025-2026,ENG-Premier League,West Ham,D M S,Midfielder,25,2093,0.0,0.0,0.0,0.0,2.0,1.429,0.0,18.0,3.8278,3.0861,0.0,0.0,0.086,0.0614,0.0,0.774,0.1646,0.1327,understat
12409,Adam Wharton,2025-2026,ENG-Premier League,Crystal Palace,M S,Midfielder,34,2596,1.0,1.1521,1.0,1.1521,5.0,6.6246,32.0,44.0,14.6792,10.5615,0.0347,0.0399,0.1733,0.2297,1.1094,1.5254,0.5089,0.3662,understat
12168,Alejandro Jiménez,2025-2026,ENG-Premier League,Bournemouth,D M S,Midfielder,31,2354,1.0,1.2104,1.0,1.2104,0.0,1.7029,21.0,15.0,7.3223,4.8696,0.0382,0.0463,0.0,0.0651,0.8029,0.5735,0.28,0.1862,understat
500,Alex Iwobi,2025-2026,ENG-Premier League,Fulham,M,Midfielder,29,2473,4.0,2.4032,4.0,2.4032,3.0,3.63,39.0,42.0,10.4246,6.6024,0.1456,0.0875,0.1092,0.1321,1.4193,1.5285,0.3794,0.2403,understat
12149,Alex Scott,2025-2026,ENG-Premier League,Bournemouth,M S,Midfielder,37,2915,3.0,3.5001,3.0,3.5001,1.0,2.8919,44.0,26.0,15.2462,10.9916,0.0926,0.1081,0.0309,0.0893,1.3585,0.8027,0.4707,0.3394,understat
8379,Alexis Mac Allister,2025-2026,ENG-Premier League,Liverpool,M S,Midfielder,37,2683,2.0,4.0717,2.0,4.0717,4.0,2.8496,52.0,34.0,13.186,8.3446,0.0671,0.1366,0.1342,0.0956,1.7443,1.1405,0.4423,0.2799,understat
8127,Amad Diallo Traore,2025-2026,ENG-Premier League,Manchester United,D M S,Midfielder,32,2341,2.0,5.73,2.0,5.73,3.0,5.6472,54.0,40.0,18.6813,10.0517,0.0769,0.2203,0.1153,0.2171,2.076,1.5378,0.7182,0.3864,understat
9667,Amadou Onana,2025-2026,ENG-Premier League,Aston Villa,M S,Midfielder,25,1793,2.0,2.7725,2.0,2.7725,0.0,0.5039,19.0,7.0,6.8153,5.3132,0.1004,0.1392,0.0,0.0253,0.9537,0.3514,0.3421,0.2667,understat
8211,Amine Adli,2025-2026,ENG-Premier League,Bournemouth,M S,Midfielder,31,1036,3.0,3.5745,3.0,3.5745,1.0,1.2779,20.0,17.0,6.1351,2.1691,0.2606,0.3105,0.0869,0.111,1.7375,1.4768,0.533,0.1884,understat
11808,Andrey Santos,2025-2026,ENG-Premier League,Chelsea,M S,Midfielder,27,1217,1.0,2.5552,1.0,2.5552,0.0,0.6884,11.0,8.0,6.3246,4.395,0.074,0.189,0.0,0.0509,0.8135,0.5916,0.4677,0.325,understat
13022,André,2025-2026,ENG-Premier League,Wolverhampton Wanderers,M S,Midfielder,35,2763,1.0,0.5157,1.0,0.5157,0.0,1.2478,15.0,18.0,6.2202,5.5261,0.0326,0.0168,0.0,0.0406,0.4886,0.5863,0.2026,0.18,understat
5598,Angel Gomes,2025-2026,ENG-Premier League,Wolverhampton Wanderers,M S,Midfielder,12,475,0.0,0.1934,0.0,0.1934,0.0,0.2992,6.0,6.0,1.675,1.359,0.0,0.0366,0.0,0.0567,1.1368,1.1368,0.3174,0.2575,understat
9910,Anton Stach,2025-2026,ENG-Premier League,Leeds,M S,Midfielder,29,2394,5.0,2.9208,5.0,2.9208,3.0,5.9581,55.0,61.0,10.1479,6.2069,0.188,0.1098,0.1128,0.224,2.0677,2.2932,0.3815,0.2333,understat
13834,Ao Tanaka,2025-2026,ENG-Premier League,Leeds,M S,Midfielder,28,1330,2.0,2.1982,2.0,2.1982,0.0,1.3577,17.0,18.0,6.8061,4.3134,0.1353,0.1487,0.0,0.0919,1.1504,1.218,0.4606,0.2919,understat
10184,Archie Gray,2025-2026,ENG-Premier League,Tottenham,D M S,Midfielder,24,1497,2.0,1.5885,2.0,1.5885,2.0,1.6584,11.0,8.0,3.5702,2.1685,0.1202,0.0955,0.1202,0.0997,0.6613,0.481,0.2146,0.1304,understat
3635,Bernardo Silva,2025-2026,ENG-Premier League,Manchester City,M S,Midfielder,38,2917,2.0,2.8996,2.0,2.8996,4.0,5.2829,30.0,47.0,25.1888,19.4027,0.0617,0.0895,0.1234,0.163,0.9256,1.4501,0.7772,0.5986,understat
5789,Boubacar Kamara,2025-2026,ENG-Premier League,Aston Villa,M S,Midfielder,18,1434,1.0,1.0522,1.0,1.0522,3.0,0.729,7.0,15.0,5.698,4.2702,0.0628,0.066,0.1883,0.0458,0.4393,0.9414,0.3576,0.268,understat
11310,Brajan Gruda,2025-2026,ENG-Premier League,Brighton,M S,Midfielder,18,716,1.0,1.7725,1.0,1.7725,1.0,1.2155,16.0,16.0,5.4799,2.8442,0.1257,0.2228,0.1257,0.1528,2.0112,2.0112,0.6888,0.3575,understat
1228,Bruno Fernandes,2025-2026,ENG-Premier League,Manchester United,M,Midfielder,35,3082,9.0,11.9318,5.0,7.3648,21.0,17.7571,85.0,137.0,25.9442,11.6638,0.2628,0.3484,0.6132,0.5185,2.4822,4.0006,0.7576,0.3406,understat
8327,Bruno Guimarães,2025-2026,ENG-Premier League,Newcastle United,M S,Midfielder,29,2467,9.0,6.5973,7.0,5.075,5.0,3.8693,42.0,44.0,14.0981,9.3658,0.3283,0.2407,0.1824,0.1412,1.5322,1.6052,0.5143,0.3417,understat
6456,Callum Hudson-Odoi,2025-2026,ENG-Premier League,Nottingham Forest,M S,Midfielder,30,1857,3.0,2.9517,3.0,2.9517,4.0,3.9338,30.0,44.0,11.1277,5.7289,0.1454,0.1431,0.1939,0.1907,1.454,2.1325,0.5393,0.2777,understat
11297,Carlos Alcaraz,2025-2026,ENG-Premier League,Everton,M S,Midfielder,20,681,0.0,1.0088,0.0,1.0088,1.0,1.2138,20.0,9.0,2.6838,1.3459,0.0,0.1333,0.1322,0.1604,2.6432,1.1894,0.3547,0.1779,understat
10527,Carlos Baleba,2025-2026,ENG-Premier League,Brighton,M S,Midfielder,31,1692,0.0,0.5733,0.0,0.5733,0.0,0.8125,20.0,9.0,5.856,4.6079,0.0,0.0305,0.0,0.0432,1.0638,0.4787,0.3115,0.2451,understat
2248,Casemiro,2025-2026,ENG-Premier League,Manchester United,M S,Midfielder,34,2649,9.0,6.5774,9.0,6.5774,2.0,3.1777,52.0,36.0,16.1687,11.8756,0.3058,0.2235,0.068,0.108,1.7667,1.2231,0.5493,0.4035,understat
9451,Chimuanya Ugochukwu,2025-2026,ENG-Premier League,Burnley,M S,Midfielder,35,2407,3.0,2.6225,3.0,2.6225,1.0,0.4494,22.0,10.0,7.2667,4.9091,0.1122,0.0981,0.0374,0.0168,0.8226,0.3739,0.2717,0.1836,understat
13719,Chris Rigg,2025-2026,ENG-Premier League,Sunderland,M S,Midfielder,18,780,1.0,0.8001,1.0,0.8001,1.0,1.1892,12.0,9.0,1.9689,0.7254,0.1154,0.0923,0.1154,0.1372,1.3846,1.0385,0.2272,0.0837,understat
9040,Conor Gallagher,2025-2026,ENG-Premier League,Tottenham,M S,Midfielder,16,1229,1.0,1.5124,1.0,1.5124,1.0,0.8551,11.0,13.0,4.1735,2.5543,0.0732,0.1108,0.0732,0.0626,0.8055,0.952,0.3056,0.1871,understat
6665,Curtis Jones,2025-2026,ENG-Premier League,Liverpool,D M S,Midfielder,34,1910,1.0,2.4063,1.0,2.4063,2.0,2.8341,22.0,22.0,10.6202,7.2371,0.0471,0.1134,0.0942,0.1335,1.0366,1.0366,0.5004,0.341,understat
6145,Daichi Kamada,2025-2026,ENG-Premier League,Crystal Palace,M S,Midfielder,28,1924,0.0,1.4872,0.0,1.4872,0.0,2.5858,19.0,20.0,9.8842,7.306,0.0,0.0696,0.0,0.121,0.8888,0.9356,0.4624,0.3418,understat
6820,David Brooks,2025-2026,ENG-Premier League,Bournemouth,M S,Midfielder,31,1191,1.0,6.5401,1.0,6.5401,3.0,4.1968,48.0,25.0,12.1954,2.6665,0.0756,0.4942,0.2267,0.3171,3.6272,1.8892,0.9216,0.2015,understat
5553,Declan Rice,2025-2026,ENG-Premier League,Arsenal,D M S,Midfielder,36,3111,4.0,3.721,4.0,3.721,5.0,8.1594,40.0,63.0,18.4909,12.9569,0.1157,0.1076,0.1446,0.236,1.1572,1.8226,0.5349,0.3748,understat
8920,Dilane Bakwa,2025-2026,ENG-Premier League,Nottingham Forest,M S,Midfielder,14,556,0.0,0.7644,0.0,0.7644,2.0,1.2162,9.0,11.0,2.9364,1.6831,0.0,0.1237,0.3237,0.1969,1.4568,1.7806,0.4753,0.2724,understat
10764,Djed Spence,2025-2026,ENG-Premier League,Tottenham,D M S,Midfielder,30,2068,0.0,1.1351,0.0,1.1351,0.0,1.8603,13.0,10.0,5.7162,3.0847,0.0,0.0494,0.0,0.081,0.5658,0.4352,0.2488,0.1342,understat
6122,Douglas Luiz,2025-2026,ENG-Premier League,"Aston Villa,Nottingham Forest",M S,Midfielder,21,936,1.0,0.7025,1.0,0.7025,0.0,1.8229,11.0,19.0,4.0708,2.8109,0.0962,0.0675,0.0,0.1753,1.0577,1.8269,0.3914,0.2703,understat
13723,El Hadji Malick Diouf,2025-2026,ENG-Premier League,West Ham,D M S,Midfielder,32,2711,0.0,0.5593,0.0,0.5593,5.0,3.2538,18.0,29.0,6.9395,5.089,0.0,0.0186,0.166,0.108,0.5976,0.9627,0.2304,0.1689,understat
9154,Elliot Anderson,2025-2026,ENG-Premier League,Nottingham Forest,M S,Midfielder,38,3329,4.0,3.4443,3.0,2.6831,4.0,4.8426,44.0,55.0,16.2826,11.9579,0.1081,0.0931,0.1081,0.1309,1.1895,1.4869,0.4402,0.3233,understat
7230,Emile Smith-Rowe,2025-2026,ENG-Premier League,Fulham,M S,Midfielder,37,1933,3.0,4.2614,3.0,4.2614,0.0,1.4176,36.0,18.0,8.5913,4.1469,0.1397,0.1984,0.0,0.066,1.6762,0.8381,0.4,0.1931,understat
2203,Emiliano Buendía,2025-2026,ENG-Premier League,Aston Villa,M S,Midfielder,36,1778,6.0,3.7845,6.0,3.7845,2.0,3.6262,49.0,30.0,9.2062,3.6859,0.3037,0.1916,0.1012,0.1836,2.4803,1.5186,0.466,0.1866,understat
11356,Enzo Fernández,2025-2026,ENG-Premier League,Chelsea,M S,Midfielder,36,3149,10.0,11.9172,8.0,10.3949,4.0,8.8659,72.0,68.0,27.9024,16.1596,0.2858,0.3406,0.1143,0.2534,2.0578,1.9435,0.7975,0.4618,understat
6369,Ethan Ampadu,2025-2026,ENG-Premier League,Leeds,M,Midfielder,35,3130,1.0,1.9461,1.0,1.9461,1.0,1.1764,26.0,19.0,11.8664,10.6903,0.0288,0.056,0.0288,0.0338,0.7476,0.5463,0.3412,0.3074,understat
8006,Evann Guessand,2025-2026,ENG-Premier League,"Aston Villa,Crystal Palace",M S,Midfielder,21,920,1.0,1.8543,1.0,1.8543,2.0,1.2377,11.0,5.0,3.7794,1.3026,0.0978,0.1814,0.1957,0.1211,1.0761,0.4891,0.3697,0.1274,understat
13066,Ferdi Kadioglu,2025-2026,ENG-Premier League,Brighton,D M S,Midfielder,37,3145,1.0,2.0196,1.0,2.0196,0.0,2.2446,28.0,22.0,14.0088,11.6958,0.0286,0.0578,0.0,0.0642,0.8013,0.6296,0.4009,0.3347,understat
8969,Florentino Luís,2025-2026,ENG-Premier League,Burnley,M S,Midfielder,31,2146,0.0,1.0382,0.0,1.0382,2.0,0.5375,13.0,13.0,4.9118,4.1655,0.0,0.0435,0.0839,0.0225,0.5452,0.5452,0.206,0.1747,understat
13724,Freddie Potts,2025-2026,ENG-Premier League,West Ham,M S,Midfielder,22,1152,0.0,0.2126,0.0,0.2126,1.0,1.2075,3.0,8.0,3.1647,2.2647,0.0,0.0166,0.0781,0.0943,0.2344,0.625,0.2472,0.1769,understat
9944,Gabriel Gudmundsson,2025-2026,ENG-Premier League,Leeds,D M S,Midfielder,32,2657,0.0,0.8777,0.0,0.8777,0.0,3.1014,18.0,21.0,6.7656,4.2711,0.0,0.0297,0.0,0.1051,0.6097,0.7113,0.2292,0.1447,understat
204,Granit Xhaka,2025-2026,ENG-Premier League,Sunderland,M S,Midfielder,34,2896,1.0,0.8073,1.0,0.8073,6.0,3.705,21.0,34.0,10.4553,8.9814,0.0311,0.0251,0.1865,0.1151,0.6526,1.0566,0.3249,0.2791,understat
9767,Habib Diarra,2025-2026,ENG-Premier League,Sunderland,M S,Midfielder,20,1414,2.0,3.2529,1.0,2.4917,2.0,0.6448,26.0,7.0,4.1163,1.881,0.1273,0.207,0.1273,0.041,1.6549,0.4455,0.262,0.1197,understat
9558,Hannibal Mejbri,2025-2026,ENG-Premier League,Burnley,M S,Midfielder,27,1251,1.0,0.7498,1.0,0.7498,4.0,2.8382,19.0,21.0,5.9531,3.3756,0.0719,0.0539,0.2878,0.2042,1.3669,1.5108,0.4283,0.2428,understat
12757,Harrison Armstrong,2025-2026,ENG-Premier League,Everton,M S,Midfielder,13,520,0.0,0.4391,0.0,0.4391,0.0,0.1214,5.0,4.0,1.6013,1.3438,0.0,0.076,0.0,0.021,0.8654,0.6923,0.2771,0.2326,understat
5596,Harry Wilson,2025-2026,ENG-Premier League,Fulham,M S,Midfielder,36,2751,10.0,5.7597,10.0,5.7597,7.0,5.5037,78.0,37.0,11.0917,4.1327,0.3272,0.1884,0.229,0.1801,2.5518,1.2105,0.3629,0.1352,understat
10140,Hugo Bueno,2025-2026,ENG-Premier League,Wolverhampton Wanderers,D M S,Midfielder,35,2351,1.0,0.8962,1.0,0.8962,2.0,3.6833,16.0,38.0,5.5431,2.9293,0.0383,0.0343,0.0766,0.141,0.6125,1.4547,0.2122,0.1121,understat
5722,Ibrahim Sangare,2025-2026,ENG-Premier League,Nottingham Forest,M S,Midfielder,28,2111,2.0,1.5704,2.0,1.5704,2.0,1.4492,16.0,12.0,7.4223,5.2894,0.0853,0.067,0.0853,0.0618,0.6821,0.5116,0.3164,0.2255,understat
668,Idrissa Gueye,2025-2026,ENG-Premier League,Everton,M,Midfielder,25,2120,2.0,1.9142,2.0,1.9142,3.0,1.6937,29.0,13.0,9.1387,6.8963,0.0849,0.0813,0.1274,0.0719,1.2311,0.5519,0.388,0.2928,understat
8000,Ilia Gruev,2025-2026,ENG-Premier League,Leeds,M S,Midfielder,23,1310,0.0,0.7338,0.0,0.7338,3.0,1.4936,7.0,11.0,3.5844,2.2304,0.0,0.0504,0.2061,0.1026,0.4809,0.7557,0.2463,0.1532,understat
9307,Iliman Ndiaye,2025-2026,ENG-Premier League,Everton,M,Midfielder,32,2805,6.0,6.1438,4.0,4.6215,3.0,4.457,43.0,30.0,15.4638,6.8657,0.1925,0.1971,0.0963,0.143,1.3797,0.9626,0.4962,0.2203,understat
11269,Jack Hinshelwood,2025-2026,ENG-Premier League,Brighton,D M S,Midfielder,27,1773,4.0,4.762,4.0,4.762,3.0,2.3573,37.0,16.0,11.6158,5.9455,0.203,0.2417,0.1523,0.1197,1.8782,0.8122,0.5896,0.3018,understat
8941,Jacob Ramsey,2025-2026,ENG-Premier League,Newcastle United,M S,Midfielder,28,1421,2.0,1.2113,2.0,1.2113,3.0,1.5664,16.0,22.0,5.4876,4.252,0.1267,0.0767,0.19,0.0992,1.0134,1.3934,0.3476,0.2693,understat
6345,Jadon Sancho,2025-2026,ENG-Premier League,Aston Villa,M S,Midfielder,23,860,0.0,0.7689,0.0,0.7689,2.0,2.052,10.0,21.0,5.1694,3.2197,0.0,0.0805,0.2093,0.2147,1.0465,2.1977,0.541,0.3369,understat
7438,James Garner,2025-2026,ENG-Premier League,Everton,D M,Midfielder,38,3417,2.0,2.0756,2.0,2.0756,7.0,6.0666,45.0,56.0,11.2834,8.3334,0.0527,0.0547,0.1844,0.1598,1.1853,1.475,0.2972,0.2195,understat
7753,James Justin,2025-2026,ENG-Premier League,Leeds,D M S,Midfielder,29,1895,2.0,2.5628,2.0,2.5628,1.0,2.5728,24.0,13.0,5.1416,2.7561,0.095,0.1217,0.0475,0.1222,1.1398,0.6174,0.2442,0.1309,understat
489,James Milner,2025-2026,ENG-Premier League,Brighton,M S,Midfielder,20,773,1.0,0.9794,0.0,0.2183,1.0,0.6549,8.0,8.0,3.9791,3.7933,0.1164,0.114,0.1164,0.0763,0.9314,0.9314,0.4633,0.4417,understat
843,James Ward-Prowse,2025-2026,ENG-Premier League,"Burnley,West Ham",M S,Midfielder,18,1082,0.0,0.181,0.0,0.181,1.0,3.4295,5.0,23.0,3.5722,3.0758,0.0,0.0151,0.0832,0.2853,0.4159,1.9131,0.2971,0.2558,understat
10542,Jamie Bynoe-Gittens,2025-2026,ENG-Premier League,Chelsea,M S,Midfielder,16,455,0.0,0.8925,0.0,0.8925,2.0,0.9782,10.0,9.0,2.9362,1.3099,0.0,0.1765,0.3956,0.1935,1.978,1.7802,0.5808,0.2591,understat
9205,Jayden Bogle,2025-2026,ENG-Premier League,Leeds,D M S,Midfielder,34,2822,1.0,1.8921,1.0,1.8921,2.0,3.5252,18.0,21.0,11.0212,6.3671,0.0319,0.0603,0.0638,0.1124,0.5741,0.6697,0.3515,0.2031,understat
2182,Jefferson Lerma,2025-2026,ENG-Premier League,Crystal Palace,D M S,Midfielder,31,1693,0.0,2.2086,0.0,2.2086,2.0,1.7843,19.0,13.0,7.6161,6.0427,0.0,0.1174,0.1063,0.0949,1.01,0.6911,0.4049,0.3212,understat
9328,Jeremie Frimpong,2025-2026,ENG-Premier League,Liverpool,D M S,Midfielder,21,1027,0.0,0.5141,0.0,0.5141,1.0,2.6913,10.0,15.0,5.9554,4.0644,0.0,0.0451,0.0876,0.2359,0.8763,1.3145,0.5219,0.3562,understat
6630,Joe Willock,2025-2026,ENG-Premier League,Newcastle United,M S,Midfielder,24,979,0.0,1.3859,0.0,1.3859,2.0,2.0978,17.0,14.0,5.043,3.4057,0.0,0.1274,0.1839,0.1929,1.5628,1.287,0.4636,0.3131,understat
87,Joelinton,2025-2026,ENG-Premier League,Newcastle United,M S,Midfielder,27,1958,2.0,2.1787,2.0,2.1787,1.0,1.8614,32.0,17.0,10.0186,7.2502,0.0919,0.1001,0.046,0.0856,1.4709,0.7814,0.4605,0.3333,understat
7723,John McGinn,2025-2026,ENG-Premier League,Aston Villa,M S,Midfielder,30,2221,5.0,2.9994,5.0,2.9994,4.0,4.8625,28.0,39.0,10.9309,5.8922,0.2026,0.1215,0.1621,0.197,1.1346,1.5804,0.4429,0.2388,understat
605,Jordan Henderson,2025-2026,ENG-Premier League,Brentford,M S,Midfielder,32,1935,1.0,0.5514,1.0,0.5514,3.0,3.3205,6.0,19.0,8.7898,6.1316,0.0465,0.0256,0.1395,0.1544,0.2791,0.8837,0.4088,0.2852,understat
1018,Josh Cullen,2025-2026,ENG-Premier League,Burnley,M,Midfielder,18,1533,2.0,1.0142,2.0,1.0142,2.0,1.8169,11.0,13.0,6.1628,4.6256,0.1174,0.0595,0.1174,0.1067,0.6458,0.7632,0.3618,0.2716,understat
13728,Josh Laurent,2025-2026,ENG-Premier League,Burnley,D M S,Midfielder,33,1720,1.0,1.0437,1.0,1.0437,0.0,0.7355,15.0,12.0,3.1661,1.6837,0.0523,0.0546,0.0,0.0385,0.7849,0.6279,0.1657,0.0881,understat
11384,João Gomes,2025-2026,ENG-Premier League,Wolverhampton Wanderers,M S,Midfielder,35,2845,1.0,1.2463,1.0,1.2463,1.0,1.4418,18.0,16.0,6.2019,5.0791,0.0316,0.0394,0.0316,0.0456,0.5694,0.5062,0.1962,0.1607,understat
10715,João Palhinha,2025-2026,ENG-Premier League,Tottenham,D M S,Midfielder,33,2180,5.0,3.4074,5.0,3.4074,2.0,0.769,33.0,8.0,4.7798,3.3048,0.2064,0.1407,0.0826,0.0317,1.3624,0.3303,0.1973,0.1364,understat
6963,Justin Kluivert,2025-2026,ENG-Premier League,Bournemouth,M S,Midfielder,20,934,2.0,2.2934,2.0,2.2934,0.0,2.2948,17.0,22.0,5.3118,2.3176,0.1927,0.221,0.0,0.2211,1.6381,2.1199,0.5118,0.2233,understat
14030,Kevin,2025-2026,ENG-Premier League,Fulham,M S,Midfielder,26,1002,1.0,1.334,1.0,1.334,1.0,1.2404,25.0,14.0,4.82,2.8916,0.0898,0.1198,0.0898,0.1114,2.2455,1.2575,0.4329,0.2597,understat
9739,Kiernan Dewsbury-Hall,2025-2026,ENG-Premier League,Everton,M S,Midfielder,31,2649,8.0,4.3301,8.0,4.3301,4.0,6.5745,39.0,36.0,14.2781,8.1206,0.2718,0.1471,0.1359,0.2234,1.325,1.2231,0.4851,0.2759,understat
11174,Kobbie Mainoo,2025-2026,ENG-Premier League,Manchester United,M S,Midfielder,28,1623,1.0,0.5175,1.0,0.5175,2.0,1.1901,13.0,22.0,10.3526,9.7771,0.0555,0.0287,0.1109,0.066,0.7209,1.22,0.5741,0.5422,understat
638,Kyle Walker,2025-2026,ENG-Premier League,Burnley,D M S,Midfielder,36,3101,0.0,0.093,0.0,0.093,2.0,1.6654,4.0,13.0,9.2398,9.072,0.0,0.0027,0.058,0.0483,0.1161,0.3773,0.2682,0.2633,understat
12721,Ladislav Krejcí,2025-2026,ENG-Premier League,Wolverhampton Wanderers,D M S,Midfielder,28,2385,2.0,1.7245,2.0,1.7245,1.0,1.4909,21.0,9.0,4.1489,2.5917,0.0755,0.0651,0.0377,0.0563,0.7925,0.3396,0.1566,0.0978,understat
10025,Lamare Bogarde,2025-2026,ENG-Premier League,Aston Villa,D M S,Midfielder,28,1011,0.0,0.0,0.0,0.0,0.0,0.0412,0.0,2.0,1.9571,1.9159,0.0,0.0,0.0,0.0037,0.0,0.178,0.1742,0.1706,understat
1789,Lewis Cook,2025-2026,ENG-Premier League,Bournemouth,D M S,Midfielder,17,841,0.0,0.0596,0.0,0.0596,1.0,0.3469,3.0,11.0,2.539,2.3867,0.0,0.0064,0.107,0.0371,0.321,1.1772,0.2717,0.2554,understat
11386,Lewis Miley,2025-2026,ENG-Premier League,Newcastle United,D M S,Midfielder,23,1470,1.0,1.376,1.0,1.376,4.0,2.3213,12.0,15.0,7.0458,5.9182,0.0612,0.0842,0.2449,0.1421,0.7347,0.9184,0.4314,0.3623,understat
12912,Lucas Bergvall,2025-2026,ENG-Premier League,Tottenham,M S,Midfielder,23,956,1.0,1.4343,1.0,1.4343,3.0,0.2916,12.0,5.0,3.2742,1.6926,0.0941,0.135,0.2824,0.0275,1.1297,0.4707,0.3082,0.1593,understat
13064,Lutsharel Geertruida,2025-2026,ENG-Premier League,Sunderland,D M S,Midfielder,28,1659,0.0,0.8372,0.0,0.8372,0.0,0.7737,11.0,8.0,4.5341,3.2899,0.0,0.0454,0.0,0.042,0.5967,0.434,0.246,0.1785,understat
9017,Malo Gusto,2025-2026,ENG-Premier League,Chelsea,D M S,Midfielder,34,2306,2.0,1.9418,2.0,1.9418,3.0,3.8056,12.0,27.0,16.3379,13.5533,0.0781,0.0758,0.1171,0.1485,0.4683,1.0538,0.6376,0.529,understat
11766,Manuel Ugarte,2025-2026,ENG-Premier League,Manchester United,M S,Midfielder,22,850,0.0,0.8379,0.0,0.8379,0.0,0.1288,13.0,3.0,3.8527,3.1546,0.0,0.0887,0.0,0.0136,1.3765,0.3176,0.4079,0.334,understat
7134,Marc Cucurella,2025-2026,ENG-Premier League,Chelsea,D M S,Midfielder,34,2714,1.0,1.8861,1.0,1.8861,4.0,4.5417,20.0,39.0,15.1592,12.0035,0.0332,0.0625,0.1326,0.1506,0.6632,1.2933,0.5027,0.3981,understat
10741,Marcus Tavernier,2025-2026,ENG-Premier League,Bournemouth,M S,Midfielder,34,2779,7.0,9.3977,5.0,7.8754,4.0,6.1588,70.0,52.0,17.8285,8.1528,0.2267,0.3044,0.1295,0.1995,2.267,1.6841,0.5774,0.264,understat
2517,Martin Odegaard,2025-2026,ENG-Premier League,Arsenal,M S,Midfielder,24,1347,1.0,1.2191,1.0,1.2191,6.0,4.9784,22.0,38.0,11.734,7.5889,0.0668,0.0815,0.4009,0.3326,1.4699,2.539,0.784,0.5071,understat
7526,Martín Zubimendi,2025-2026,ENG-Premier League,Arsenal,D M S,Midfielder,38,3040,5.0,2.9443,5.0,2.9443,1.0,1.0878,27.0,19.0,13.4767,11.1757,0.148,0.0872,0.0296,0.0322,0.7993,0.5625,0.399,0.3309,understat
7768,Mason Mount,2025-2026,ENG-Premier League,Manchester United,M S,Midfielder,23,1021,3.0,1.7447,3.0,1.7447,0.0,1.3765,19.0,14.0,6.6083,4.6348,0.2644,0.1538,0.0,0.1213,1.6748,1.2341,0.5825,0.4086,understat
12948,Mateus Fernandes,2025-2026,ENG-Premier League,West Ham,M S,Midfielder,36,3044,3.0,1.8216,3.0,1.8216,4.0,3.336,28.0,37.0,10.3192,6.9893,0.0887,0.0539,0.1183,0.0986,0.8279,1.094,0.3051,0.2066,understat
13484,Mateus Mané,2025-2026,ENG-Premier League,Wolverhampton Wanderers,M S,Midfielder,27,1784,3.0,1.9724,3.0,1.9724,1.0,3.2817,41.0,30.0,5.2575,2.4832,0.1513,0.0995,0.0504,0.1656,2.0684,1.5135,0.2652,0.1253,understat
7166,Mathias Jensen,2025-2026,ENG-Premier League,Brentford,M S,Midfielder,36,2258,3.0,1.5882,3.0,1.5882,1.0,5.3332,29.0,33.0,10.3933,7.0059,0.1196,0.0633,0.0399,0.2126,1.1559,1.3153,0.4143,0.2792,understat
13711,Maxim De Cuyper,2025-2026,ENG-Premier League,Brighton,D M S,Midfielder,30,1412,2.0,1.7418,2.0,1.7418,3.0,4.6856,13.0,32.0,6.8402,3.4949,0.1275,0.111,0.1912,0.2987,0.8286,2.0397,0.436,0.2228,understat
11331,Merlin Röhl,2025-2026,ENG-Premier League,Everton,M S,Midfielder,16,650,1.0,0.5587,1.0,0.5587,0.0,0.361,11.0,6.0,1.4036,0.6961,0.1385,0.0774,0.0,0.05,1.5231,0.8308,0.1943,0.0964,understat
8859,Mikkel Damsgaard,2025-2026,ENG-Premier League,Brentford,M S,Midfielder,33,2085,4.0,2.9744,4.0,2.9744,4.0,6.4687,30.0,42.0,12.3475,6.4731,0.1727,0.1284,0.1727,0.2792,1.295,1.8129,0.533,0.2794,understat
9453,Moisés Caicedo,2025-2026,ENG-Premier League,Chelsea,M S,Midfielder,33,2811,3.0,1.531,3.0,1.531,1.0,2.6268,27.0,18.0,17.2092,15.3601,0.0961,0.049,0.032,0.0841,0.8645,0.5763,0.551,0.4918,understat
12272,Myles Lewis-Skelly,2025-2026,ENG-Premier League,Arsenal,D M S,Midfielder,20,666,0.0,0.1257,0.0,0.1257,0.0,0.1785,2.0,4.0,2.1259,1.967,0.0,0.017,0.0,0.0241,0.2703,0.5405,0.2873,0.2658,understat
9802,Nico González,2025-2026,ENG-Premier League,Manchester City,M S,Midfielder,25,1576,1.0,0.6088,1.0,0.6088,0.0,0.8885,14.0,11.0,14.795,14.1727,0.0571,0.0348,0.0,0.0507,0.7995,0.6282,0.8449,0.8094,understat
11592,Nico O&#039;Reilly,2025-2026,ENG-Premier League,Manchester City,D M S,Midfielder,34,2646,5.0,6.727,5.0,6.727,3.0,3.8474,41.0,23.0,21.2412,14.7978,0.1701,0.2288,0.102,0.1309,1.3946,0.7823,0.7225,0.5033,understat
8252,Nicolás Domínguez,2025-2026,ENG-Premier League,Nottingham Forest,M S,Midfielder,27,1210,1.0,1.0124,1.0,1.0124,1.0,1.2799,18.0,11.0,5.3953,4.2287,0.0744,0.0753,0.0744,0.0952,1.3388,0.8182,0.4013,0.3145,understat
13716,Noah Sadiki,2025-2026,ENG-Premier League,Sunderland,M,Midfielder,33,2914,0.0,1.6188,0.0,1.6188,1.0,0.9296,19.0,19.0,8.3447,6.268,0.0,0.05,0.0309,0.0287,0.5868,0.5868,0.2577,0.1936,understat
10348,Omari Hutchinson,2025-2026,ENG-Premier League,Nottingham Forest,M S,Midfielder,31,1664,1.0,2.1777,1.0,2.1777,5.0,4.9315,25.0,33.0,10.3286,5.619,0.0541,0.1178,0.2704,0.2667,1.3522,1.7849,0.5586,0.3039,understat
9021,Pape Sarr,2025-2026,ENG-Premier League,Tottenham,M S,Midfielder,26,1347,2.0,2.0474,2.0,2.0474,4.0,2.4336,17.0,11.0,7.0171,4.9592,0.1336,0.1368,0.2673,0.1626,1.1359,0.735,0.4688,0.3313,understat
239,Pascal Groß,2025-2026,ENG-Premier League,Brighton,M S,Midfielder,19,1635,1.0,1.253,1.0,1.253,3.0,3.2942,18.0,39.0,10.0125,8.2805,0.055,0.069,0.1651,0.1813,0.9908,2.1468,0.5511,0.4558,understat
11944,Patrick Dorgu,2025-2026,ENG-Premier League,Manchester United,D M S,Midfielder,26,1436,4.0,2.9873,4.0,2.9873,4.0,3.1113,25.0,27.0,6.9772,1.9963,0.2507,0.1872,0.2507,0.195,1.5669,1.6922,0.4373,0.1251,understat
6912,Pedro Porro,2025-2026,ENG-Premier League,Tottenham,D M S,Midfielder,34,2815,1.0,1.4029,1.0,1.4029,2.0,4.2477,32.0,53.0,10.605,8.7917,0.032,0.0449,0.0639,0.1358,1.0231,1.6945,0.3391,0.2811,understat
14395,Rayan,2025-2026,ENG-Premier League,Bournemouth,M S,Midfielder,15,1146,5.0,2.6684,5.0,2.6684,2.0,2.7789,28.0,14.0,6.3379,2.8229,0.3927,0.2096,0.1571,0.2182,2.199,1.0995,0.4977,0.2217,understat
6674,Rayan Ait Nouri,2025-2026,ENG-Premier League,Manchester City,D M S,Midfielder,17,981,0.0,0.4982,0.0,0.4982,2.0,1.733,9.0,12.0,7.3053,6.5874,0.0,0.0457,0.1835,0.159,0.8257,1.1009,0.6702,0.6044,understat
8067,Reece James,2025-2026,ENG-Premier League,Chelsea,D M S,Midfielder,29,1927,2.0,1.228,2.0,1.228,4.0,3.9933,22.0,27.0,11.5316,9.7548,0.0934,0.0574,0.1868,0.1865,1.0275,1.261,0.5386,0.4556,understat
13692,Rio Ngumoha,2025-2026,ENG-Premier League,Liverpool,M S,Midfielder,19,515,2.0,1.2214,2.0,1.2214,1.0,2.1261,16.0,16.0,4.7791,1.6543,0.3495,0.2135,0.1748,0.3716,2.7961,2.7961,0.8352,0.2891,understat
2496,Rodri,2025-2026,ENG-Premier League,Manchester City,M S,Midfielder,21,1500,1.0,1.1885,1.0,1.1885,0.0,2.2761,17.0,26.0,12.1379,10.7059,0.06,0.0713,0.0,0.1366,1.02,1.56,0.7283,0.6424,understat
6108,Rodrigo Bentancur,2025-2026,ENG-Premier League,Tottenham,M S,Midfielder,26,1931,1.0,0.9772,1.0,0.9772,1.0,0.8774,13.0,10.0,4.6692,4.176,0.0466,0.0455,0.0466,0.0409,0.6059,0.4661,0.2176,0.1946,understat
592,Ross Barkley,2025-2026,ENG-Premier League,Aston Villa,M S,Midfielder,21,818,3.0,1.913,3.0,1.913,1.0,2.0322,18.0,10.0,6.2514,4.0016,0.3301,0.2105,0.11,0.2236,1.9804,1.1002,0.6878,0.4403,understat
10744,Ryan Christie,2025-2026,ENG-Premier League,Bournemouth,M S,Midfielder,26,942,2.0,1.7907,2.0,1.7907,0.0,1.6196,25.0,11.0,7.692,4.5152,0.1911,0.1711,0.0,0.1547,2.3885,1.051,0.7349,0.4314,understat
10697,Ryan Gravenberch,2025-2026,ENG-Premier League,Liverpool,M S,Midfielder,36,3008,5.0,1.5315,5.0,1.5315,3.0,2.3689,38.0,29.0,13.0422,10.7188,0.1496,0.0458,0.0898,0.0709,1.137,0.8677,0.3902,0.3207,understat
6837,Ryan Sessegnon,2025-2026,ENG-Premier League,Fulham,D M S,Midfielder,27,1830,3.0,2.0483,3.0,2.0483,1.0,2.2284,16.0,14.0,8.2594,5.0883,0.1475,0.1007,0.0492,0.1096,0.7869,0.6885,0.4062,0.2502,understat
11003,Ryan Yates,2025-2026,ENG-Premier League,Nottingham Forest,M S,Midfielder,22,550,0.0,0.6748,0.0,0.6748,2.0,0.2275,9.0,5.0,3.2867,2.774,0.0,0.1104,0.3273,0.0372,1.4727,0.8182,0.5378,0.4539,understat
7208,Samuel Chukwueze,2025-2026,ENG-Premier League,Fulham,M S,Midfielder,23,1052,3.0,2.3333,3.0,2.3333,4.0,2.836,25.0,24.0,7.105,2.8523,0.2567,0.1996,0.3422,0.2426,2.1388,2.0532,0.6078,0.244,understat
8285,Sander Berge,2025-2026,ENG-Premier League,Fulham,M S,Midfielder,35,2935,0.0,1.3465,0.0,1.3465,1.0,1.9851,14.0,21.0,10.6218,8.999,0.0,0.0413,0.0307,0.0609,0.4293,0.644,0.3257,0.2759,understat
7958,Sandro Tonali,2025-2026,ENG-Premier League,Newcastle United,M S,Midfielder,35,2586,0.0,1.417,0.0,1.417,2.0,3.7606,37.0,32.0,10.7396,8.413,0.0,0.0493,0.0696,0.1309,1.2877,1.1137,0.3738,0.2928,understat
1537,Sasa Lukic,2025-2026,ENG-Premier League,Fulham,M S,Midfielder,26,1731,1.0,2.3392,1.0,2.3392,2.0,2.1633,18.0,27.0,6.2263,3.358,0.052,0.1216,0.104,0.1125,0.9359,1.4038,0.3237,0.1746,understat
7078,Sean Longstaff,2025-2026,ENG-Premier League,Leeds,M S,Midfielder,23,999,2.0,1.3777,2.0,1.3777,2.0,2.7682,16.0,25.0,3.4458,1.8182,0.1802,0.1241,0.1802,0.2494,1.4414,2.2523,0.3104,0.1638,understat
10770,Soungoutou Magassa,2025-2026,ENG-Premier League,West Ham,M S,Midfielder,22,976,1.0,0.6193,1.0,0.6193,0.0,0.7464,7.0,5.0,2.4186,1.5316,0.0922,0.0571,0.0,0.0688,0.6455,0.4611,0.223,0.1412,understat
11735,Sávio,2025-2026,ENG-Premier League,Manchester City,M S,Midfielder,24,792,1.0,3.2695,1.0,3.2695,1.0,0.9314,19.0,9.0,5.6242,2.6198,0.1136,0.3715,0.1136,0.1058,2.1591,1.0227,0.6391,0.2977,understat
9554,Tim Iroegbunam,2025-2026,ENG-Premier League,Everton,M S,Midfielder,29,1496,0.0,0.5109,0.0,0.5109,2.0,1.8477,12.0,8.0,4.4146,2.8447,0.0,0.0307,0.1203,0.1112,0.7219,0.4813,0.2656,0.1711,understat
6157,Timothy Castagne,2025-2026,ENG-Premier League,Fulham,D M S,Midfielder,30,1849,0.0,1.4702,0.0,1.4702,0.0,1.746,14.0,18.0,6.8321,5.5996,0.0,0.0716,0.0,0.085,0.6814,0.8761,0.3326,0.2726,understat
6835,Tom Cairney,2025-2026,ENG-Premier League,Fulham,M S,Midfielder,24,747,2.0,0.8125,2.0,0.8125,0.0,0.6888,17.0,11.0,4.3326,3.3756,0.241,0.0979,0.0,0.083,2.0482,1.3253,0.522,0.4067,understat
8288,Tomas Soucek,2025-2026,ENG-Premier League,West Ham,M S,Midfielder,35,2206,5.0,5.2142,5.0,5.2142,0.0,0.8218,25.0,11.0,7.2599,4.5387,0.204,0.2127,0.0,0.0335,1.0199,0.4488,0.2962,0.1852,understat
13713,Trai Hume,2025-2026,ENG-Premier League,Sunderland,D M S,Midfielder,38,3041,2.0,2.708,2.0,2.708,1.0,2.0842,34.0,27.0,8.2297,4.2025,0.0592,0.0801,0.0296,0.0617,1.0062,0.7991,0.2436,0.1244,understat
7352,Tyler Adams,2025-2026,ENG-Premier League,Bournemouth,M S,Midfielder,25,1805,2.0,0.929,2.0,0.929,2.0,1.2303,10.0,7.0,6.8699,5.8676,0.0997,0.0463,0.0997,0.0613,0.4986,0.349,0.3425,0.2926,understat
6080,Victor Lindelöf,2025-2026,ENG-Premier League,Aston Villa,D M S,Midfielder,17,938,0.0,0.1561,0.0,0.1561,1.0,0.5981,3.0,2.0,2.5446,2.5279,0.0,0.015,0.0959,0.0574,0.2878,0.1919,0.2442,0.2425,understat
9680,Vitaly Janelt,2025-2026,ENG-Premier League,Brentford,M S,Midfielder,25,1421,1.0,0.7499,1.0,0.7499,4.0,3.8111,12.0,21.0,6.326,3.6329,0.0633,0.0475,0.2533,0.2414,0.76,1.33,0.4007,0.2301,understat
6104,Will Hughes,2025-2026,ENG-Premier League,Crystal Palace,M S,Midfielder,31,1567,0.0,1.2813,0.0,1.2813,0.0,1.9266,17.0,21.0,7.0587,5.3827,0.0,0.0736,0.0,0.1107,0.9764,1.2061,0.4054,0.3092,understat
12759,Yankuba Minteh,2025-2026,ENG-Premier League,Brighton,M S,Midfielder,34,2410,3.0,4.7525,3.0,4.7525,4.0,5.8415,41.0,44.0,16.4112,8.5737,0.112,0.1775,0.1494,0.2181,1.5311,1.6432,0.6129,0.3202,understat
11385,Yasin Ayari,2025-2026,ENG-Premier League,Brighton,M S,Midfielder,29,1918,3.0,2.1179,3.0,2.1179,3.0,1.4008,41.0,15.0,7.9008,5.4767,0.1408,0.0994,0.1408,0.0657,1.9239,0.7039,0.3707,0.257,understat
11772,Yehor Yarmolyuk,2025-2026,ENG-Premier League,Brentford,M S,Midfielder,37,2679,1.0,1.3753,1.0,1.3753,2.0,1.2574,16.0,14.0,9.288,7.9193,0.0336,0.0462,0.0672,0.0422,0.5375,0.4703,0.312,0.266,understat
5956,Youri Tielemans,2025-2026,ENG-Premier League,Aston Villa,M S,Midfielder,25,1861,0.0,1.84,0.0,1.84,4.0,2.9823,24.0,32.0,9.827,7.4874,0.0,0.089,0.1934,0.1442,1.1607,1.5476,0.4752,0.3621,understat
5609,Yves Bissouma,2025-2026,ENG-Premier League,Tottenham,M S,Midfielder,11,619,0.0,0.2124,0.0,0.2124,0.0,0.0,5.0,0.0,1.0753,0.9329,0.0,0.0309,0.0,0.0,0.727,0.0,0.1563,0.1356,understat
4419,Adam Armstrong,2025-2026,ENG-Premier League,Wolverhampton Wanderers,F M,Winger,14,1170,2.0,2.8086,1.0,2.0474,2.0,1.5013,18.0,6.0,2.854,0.7164,0.1538,0.216,0.1538,0.1155,1.3846,0.4615,0.2195,0.0551,understat
10552,Alejandro Garnacho,2025-2026,ENG-Premier League,Chelsea,F M S,Winger,24,1285,1.0,4.1118,1.0,4.1118,4.0,4.219,33.0,29.0,12.9535,6.526,0.07,0.288,0.2802,0.2955,2.3113,2.0311,0.9072,0.4571,understat
9524,Anthony Elanga,2025-2026,ENG-Premier League,Newcastle United,F M S,Winger,32,1289,0.0,1.4534,0.0,1.4534,1.0,1.7495,17.0,15.0,4.2891,1.8434,0.0,0.1015,0.0698,0.1222,1.187,1.0473,0.2995,0.1287,understat
8150,Anthony Gordon,2025-2026,ENG-Premier League,Newcastle United,F M S,Winger,26,1888,6.0,8.7562,3.0,6.4727,2.0,3.7149,48.0,26.0,10.9769,4.0427,0.286,0.4174,0.0953,0.1771,2.2881,1.2394,0.5233,0.1927,understat
11363,Antoine Semenyo,2025-2026,ENG-Premier League,"Bournemouth,Manchester City",F M,Winger,37,3220,17.0,12.8368,16.0,11.3144,4.0,4.1302,83.0,38.0,20.8706,7.8937,0.4752,0.3588,0.1118,0.1154,2.3199,1.0621,0.5833,0.2206,understat
695,Bertrand Traoré,2025-2026,ENG-Premier League,Sunderland,F M S,Winger,12,675,1.0,0.6248,1.0,0.6248,0.0,0.9888,12.0,8.0,2.0169,1.2301,0.1333,0.0833,0.0,0.1318,1.6,1.0667,0.2689,0.164,understat
10751,Brenden Aaronson,2025-2026,ENG-Premier League,Leeds,F M S,Winger,37,2517,4.0,5.8813,4.0,5.8813,5.0,5.6627,46.0,34.0,13.2036,3.4882,0.143,0.2103,0.1788,0.2025,1.6448,1.2157,0.4721,0.1247,understat
10760,Brennan Johnson,2025-2026,ENG-Premier League,"Crystal Palace,Tottenham",D F M S,Winger,34,1709,2.0,2.5934,2.0,2.5934,1.0,1.281,23.0,19.0,5.2396,1.934,0.1053,0.1366,0.0527,0.0675,1.2112,1.0006,0.2759,0.1018,understat
6552,Bryan Mbeumo,2025-2026,ENG-Premier League,Manchester United,F M S,Winger,33,2676,11.0,13.3092,11.0,13.3092,3.0,5.091,73.0,45.0,22.3161,6.0682,0.37,0.4476,0.1009,0.1712,2.4552,1.5135,0.7505,0.2041,understat
7322,Bukayo Saka,2025-2026,ENG-Premier League,Arsenal,F M S,Winger,31,2239,7.0,8.7012,6.0,7.94,5.0,8.5528,71.0,62.0,19.1126,8.0378,0.2814,0.3498,0.201,0.3438,2.854,2.4922,0.7683,0.3231,understat
468,Callum Wilson,2025-2026,ENG-Premier League,West Ham,F M S,Winger,32,1229,7.0,7.6027,7.0,7.6027,1.0,1.0268,38.0,8.0,6.8964,0.6376,0.5126,0.5567,0.0732,0.0752,2.7828,0.5858,0.505,0.0467,understat
13717,Chemsdine Talbi,2025-2026,ENG-Premier League,Sunderland,F M S,Winger,28,1556,4.0,2.3238,4.0,2.3238,1.0,0.6004,25.0,12.0,3.2278,1.1889,0.2314,0.1344,0.0578,0.0347,1.446,0.6941,0.1867,0.0688,understat
11296,Cody Gakpo,2025-2026,ENG-Premier League,Liverpool,F M S,Winger,36,2758,7.0,9.8261,7.0,9.8261,5.0,6.5923,87.0,53.0,18.7316,5.8309,0.2284,0.3206,0.1632,0.2151,2.839,1.7295,0.6113,0.1903,understat
8497,Cole Palmer,2025-2026,ENG-Premier League,Chelsea,F M S,Winger,26,2007,10.0,10.2575,5.0,5.6905,1.0,2.1231,64.0,24.0,16.862,10.5382,0.4484,0.46,0.0448,0.0952,2.87,1.0762,0.7561,0.4726,understat
9492,Crysencio Summerville,2025-2026,ENG-Premier League,West Ham,F M S,Winger,31,2509,5.0,5.699,5.0,5.699,2.0,3.2357,54.0,28.0,11.0914,3.9627,0.1794,0.2044,0.0717,0.1161,1.937,1.0044,0.3979,0.1421,understat
8662,Dan Ndoye,2025-2026,ENG-Premier League,Nottingham Forest,F M S,Winger,24,1184,1.0,1.1724,1.0,1.1724,1.0,1.5529,15.0,14.0,4.0238,1.8127,0.076,0.0891,0.076,0.118,1.1402,1.0642,0.3059,0.1378,understat
9662,Dango Ouattara,2025-2026,ENG-Premier League,Brentford,F M S,Winger,32,2303,7.0,8.6943,7.0,8.6943,3.0,5.8632,56.0,27.0,13.2485,2.5258,0.2736,0.3398,0.1172,0.2291,2.1884,1.0551,0.5177,0.0987,understat
13364,Diego Gómez,2025-2026,ENG-Premier League,Brighton,F M S,Winger,32,2186,5.0,6.4177,5.0,6.4177,1.0,2.0924,42.0,20.0,14.4062,7.101,0.2059,0.2642,0.0412,0.0861,1.7292,0.8234,0.5931,0.2924,understat
9788,Dominik Szoboszlai,2025-2026,ENG-Premier League,Liverpool,D F M,Winger,36,3236,6.0,4.7242,6.0,3.963,7.0,8.8352,70.0,78.0,21.5432,15.0616,0.1669,0.1314,0.1947,0.2457,1.9468,2.1693,0.5992,0.4189,understat
9749,Donyell Malen,2025-2026,ENG-Premier League,Aston Villa,F M S,Winger,21,600,4.0,4.7389,4.0,4.7389,1.0,0.3694,26.0,7.0,6.3876,1.9171,0.6,0.7108,0.15,0.0554,3.9,1.05,0.9581,0.2876,understat
6756,Dwight McNeil,2025-2026,ENG-Premier League,Everton,F M S,Winger,22,1184,0.0,1.4633,0.0,1.4633,1.0,1.7391,24.0,15.0,4.6209,2.5291,0.0,0.1112,0.076,0.1322,1.8243,1.1402,0.3513,0.1922,understat
8706,Eberechi Eze,2025-2026,ENG-Premier League,"Arsenal,Crystal Palace",F M S,Winger,33,1928,7.0,4.8075,7.0,4.8075,2.0,2.6335,63.0,17.0,10.356,4.0741,0.3268,0.2244,0.0934,0.1229,2.9409,0.7936,0.4834,0.1902,understat
11504,Eli Junior Kroupi,2025-2026,ENG-Premier League,Bournemouth,F M S,Winger,33,1708,13.0,8.8491,11.0,7.3268,0.0,1.8158,52.0,22.0,11.6567,5.0831,0.685,0.4663,0.0,0.0957,2.74,1.1593,0.6142,0.2678,understat
13718,Eliezer Mayenda,2025-2026,ENG-Premier League,Sunderland,F M S,Winger,20,740,2.0,2.0109,2.0,2.0109,0.0,0.7425,13.0,4.0,2.4836,0.4882,0.2432,0.2446,0.0,0.0903,1.5811,0.4865,0.3021,0.0594,understat
8651,Enzo Le Fée,2025-2026,ENG-Premier League,Sunderland,F M S,Winger,36,2953,5.0,5.2687,2.0,2.224,6.0,7.5464,36.0,53.0,13.1799,7.1386,0.1524,0.1606,0.1829,0.23,1.0972,1.6153,0.4017,0.2176,understat
13775,Estêvão,2025-2026,ENG-Premier League,Chelsea,F M S,Winger,22,854,2.0,3.874,2.0,3.874,2.0,2.8163,28.0,16.0,9.2676,3.5823,0.2108,0.4083,0.2108,0.2968,2.9508,1.6862,0.9767,0.3775,understat
8397,Florian Wirtz,2025-2026,ENG-Premier League,Liverpool,F M S,Winger,33,2426,5.0,7.5768,5.0,7.5768,3.0,5.3843,51.0,60.0,20.6415,10.7431,0.1855,0.2811,0.1113,0.1997,1.892,2.2259,0.7658,0.3985,understat
7752,Gabriel Martinelli,2025-2026,ENG-Premier League,Arsenal,F M S,Winger,30,1025,1.0,5.3571,1.0,5.3571,4.0,2.5692,29.0,13.0,10.0233,3.6065,0.0878,0.4704,0.3512,0.2256,2.5463,1.1415,0.8801,0.3167,understat
6937,Georginio Rutter,2025-2026,ENG-Premier League,Brighton,F M S,Winger,32,1784,3.0,2.9333,3.0,2.9333,3.0,4.5986,42.0,25.0,10.8582,4.2141,0.1513,0.148,0.1513,0.232,2.1188,1.2612,0.5478,0.2126,understat
6681,Harvey Barnes,2025-2026,ENG-Premier League,Newcastle United,F M S,Winger,37,1947,7.0,8.0505,7.0,8.0505,1.0,3.1063,58.0,23.0,12.7536,4.1534,0.3236,0.3721,0.0462,0.1436,2.681,1.0632,0.5895,0.192,understat
8845,Hee-Chan Hwang,2025-2026,ENG-Premier League,Wolverhampton Wanderers,F M S,Winger,26,1469,2.0,2.6617,1.0,1.9006,2.0,1.8816,19.0,15.0,5.158,1.7469,0.1225,0.1631,0.1225,0.1153,1.1641,0.919,0.316,0.107,understat
13778,Igor Jesus,2025-2026,ENG-Premier League,Nottingham Forest,F M S,Winger,37,2379,6.0,7.1991,5.0,6.4379,4.0,2.2804,70.0,15.0,8.535,1.8484,0.227,0.2723,0.1513,0.0863,2.6482,0.5675,0.3229,0.0699,understat
5675,Ismaila Sarr,2025-2026,ENG-Premier League,Crystal Palace,F M S,Winger,28,2181,9.0,11.5433,6.0,9.2598,1.0,2.2005,48.0,19.0,12.6959,3.1827,0.3714,0.4763,0.0413,0.0908,1.9807,0.784,0.5239,0.1313,understat
675,Jack Grealish,2025-2026,ENG-Premier League,Everton,F M S,Winger,20,1645,2.0,3.0849,2.0,3.0849,6.0,4.5583,26.0,38.0,9.2906,3.2925,0.1094,0.1688,0.3283,0.2494,1.4225,2.079,0.5083,0.1801,understat
5355,Jacob Bruun Larsen,2025-2026,ENG-Premier League,Burnley,F M S,Winger,28,1003,0.0,1.4321,0.0,1.4321,1.0,1.3783,17.0,12.0,4.5286,2.2525,0.0,0.1285,0.0897,0.1237,1.5254,1.0768,0.4064,0.2021,understat
6063,Jacob Murphy,2025-2026,ENG-Premier League,Newcastle United,D F M S,Winger,33,1630,3.0,3.1199,3.0,3.1199,2.0,4.7856,42.0,23.0,8.43,2.7332,0.1656,0.1723,0.1104,0.2642,2.319,1.2699,0.4655,0.1509,understat
10746,Jaidon Anthony,2025-2026,ENG-Premier League,Burnley,F M S,Winger,37,2777,8.0,5.5645,8.0,5.5645,2.0,4.3744,55.0,37.0,12.4325,5.8338,0.2593,0.1803,0.0648,0.1418,1.7825,1.1991,0.4029,0.1891,understat
1776,Jarrod Bowen,2025-2026,ENG-Premier League,West Ham,F M,Winger,38,3416,9.0,8.2736,8.0,7.5124,11.0,8.432,79.0,44.0,14.3807,3.8775,0.2371,0.218,0.2898,0.2222,2.0814,1.1593,0.3789,0.1022,understat
7762,Jean-Ricner Bellegarde,2025-2026,ENG-Premier League,Wolverhampton Wanderers,F M S,Winger,26,1268,1.0,0.8698,1.0,0.8698,1.0,1.2166,21.0,13.0,5.2008,3.5015,0.071,0.0617,0.071,0.0863,1.4905,0.9227,0.3691,0.2485,understat
13741,Jhon Arias,2025-2026,ENG-Premier League,Wolverhampton Wanderers,F M S,Winger,23,1140,1.0,3.2931,1.0,3.2931,0.0,0.8962,16.0,11.0,4.8776,1.3451,0.0789,0.26,0.0,0.0708,1.2632,0.8684,0.3851,0.1062,understat
12410,Joshua King,2025-2026,ENG-Premier League,Fulham,F M S,Winger,32,1306,1.0,3.7996,1.0,3.7996,2.0,1.0396,26.0,15.0,6.1869,2.6015,0.0689,0.2618,0.1378,0.0716,1.7917,1.0337,0.4264,0.1793,understat
8044,Joshua Zirkzee,2025-2026,ENG-Premier League,Manchester United,F M S,Winger,24,573,2.0,3.8466,2.0,3.8466,1.0,1.2162,25.0,11.0,6.7102,2.6022,0.3141,0.6042,0.1571,0.191,3.9267,1.7277,1.054,0.4087,understat
8272,João Pedro,2025-2026,ENG-Premier League,Chelsea,F M S,Winger,35,2698,15.0,15.7237,15.0,15.7237,5.0,3.9836,73.0,29.0,19.2799,4.7959,0.5004,0.5245,0.1668,0.1329,2.4351,0.9674,0.6431,0.16,understat
13038,Justin Devenny,2025-2026,ENG-Premier League,Crystal Palace,D F M S,Winger,21,762,1.0,2.2453,0.0,1.4841,0.0,0.3325,13.0,7.0,3.6243,2.0766,0.1181,0.2652,0.0,0.0393,1.5354,0.8268,0.4281,0.2453,understat
8981,Jéremy Doku,2025-2026,ENG-Premier League,Manchester City,F M S,Winger,30,1783,5.0,3.9999,5.0,3.9999,5.0,7.5534,39.0,59.0,18.844,9.7022,0.2524,0.2019,0.2524,0.3813,1.9686,2.9781,0.9512,0.4897,understat
5220,Kai Havertz,2025-2026,ENG-Premier League,Arsenal,F M S,Winger,12,582,2.0,4.8955,2.0,4.8955,3.0,1.457,18.0,11.0,4.522,0.7516,0.3093,0.757,0.4639,0.2253,2.7835,1.701,0.6993,0.1162,understat
10806,Kaoru Mitoma,2025-2026,ENG-Premier League,Brighton,F M S,Winger,25,1723,3.0,4.7892,3.0,4.7892,1.0,3.5432,32.0,30.0,11.2866,4.6184,0.1567,0.2502,0.0522,0.1851,1.6715,1.567,0.5895,0.2412,understat
10809,Keane Lewis-Potter,2025-2026,ENG-Premier League,Brentford,D F M S,Winger,36,1949,3.0,3.2149,3.0,3.2149,3.0,2.7143,31.0,19.0,7.8429,3.1917,0.1385,0.1485,0.1385,0.1253,1.4315,0.8774,0.3622,0.1474,understat
9156,Kevin Schade,2025-2026,ENG-Premier League,Brentford,F M S,Winger,35,2781,8.0,11.8327,8.0,11.0715,3.0,4.5653,57.0,29.0,17.3752,3.947,0.2589,0.3829,0.0971,0.1477,1.8447,0.9385,0.5623,0.1277,understat
7698,Leandro Trossard,2025-2026,ENG-Premier League,Arsenal,F M S,Winger,31,2026,6.0,6.7532,6.0,6.7532,6.0,4.988,53.0,36.0,13.5726,4.9606,0.2665,0.3,0.2665,0.2216,2.3544,1.5992,0.6029,0.2204,understat
9977,Loum Tchaouna,2025-2026,ENG-Premier League,Burnley,F M S,Winger,29,1268,2.0,1.259,2.0,1.259,1.0,1.1996,23.0,13.0,4.2137,1.9741,0.142,0.0894,0.071,0.0851,1.6325,0.9227,0.2991,0.1401,understat
7365,Lucas Paquetá,2025-2026,ENG-Premier League,West Ham,F M,Winger,18,1544,4.0,2.4408,2.0,0.9185,1.0,3.012,23.0,23.0,4.2656,1.5287,0.2332,0.1423,0.0583,0.1756,1.3407,1.3407,0.2486,0.0891,understat
7498,Lyle Foster,2025-2026,ENG-Premier League,Burnley,F M S,Winger,26,1375,3.0,3.5922,3.0,3.5922,2.0,1.146,20.0,10.0,5.9751,2.1302,0.1964,0.2351,0.1309,0.075,1.3091,0.6545,0.3911,0.1394,understat
13730,Marcus Edwards,2025-2026,ENG-Premier League,Burnley,F M S,Winger,23,1054,1.0,2.2835,1.0,2.2835,3.0,2.546,23.0,20.0,6.093,3.1581,0.0854,0.195,0.2562,0.2174,1.9639,1.7078,0.5203,0.2697,understat
7908,Marshall Munetsi,2025-2026,ENG-Premier League,Wolverhampton Wanderers,F M S,Winger,13,863,1.0,1.839,1.0,1.839,1.0,0.3809,14.0,3.0,3.0972,1.0006,0.1043,0.1918,0.1043,0.0397,1.46,0.3129,0.323,0.1043,understat
7080,Matheus Cunha,2025-2026,ENG-Premier League,Manchester United,F M S,Winger,33,2506,10.0,7.0761,10.0,7.0761,2.0,3.6981,90.0,33.0,17.6015,10.0443,0.3591,0.2541,0.0718,0.1328,3.2322,1.1852,0.6321,0.3607,understat
8094,Mathis Cherki,2025-2026,ENG-Premier League,Manchester City,F M S,Winger,33,1792,4.0,4.6413,4.0,4.6413,12.0,10.7847,55.0,60.0,20.8102,11.1576,0.2009,0.2331,0.6027,0.5416,2.7623,3.0134,1.0452,0.5604,understat
9780,Mathys Tel,2025-2026,ENG-Premier League,Tottenham,F M S,Winger,31,1324,4.0,2.8263,4.0,2.8263,1.0,3.414,35.0,29.0,6.1857,2.6082,0.2719,0.1921,0.068,0.2321,2.3792,1.9713,0.4205,0.1773,understat
5304,Mikel Merino,2025-2026,ENG-Premier League,Arsenal,F M S,Winger,22,1002,4.0,5.2178,4.0,5.2178,3.0,2.2901,22.0,12.0,8.3689,3.8121,0.3593,0.4687,0.2695,0.2057,1.976,1.0778,0.7517,0.3424,understat
1250,Mohamed Salah,2025-2026,ENG-Premier League,Liverpool,F M S,Winger,27,2163,7.0,8.8377,6.0,8.0765,7.0,6.4282,67.0,49.0,17.3733,6.2977,0.2913,0.3677,0.2913,0.2675,2.7878,2.0388,0.7229,0.262,understat
12027,Mohammed Kudus,2025-2026,ENG-Premier League,Tottenham,F M,Winger,19,1577,2.0,2.3623,2.0,2.3623,5.0,2.5741,26.0,21.0,4.9626,1.4065,0.1141,0.1348,0.2854,0.1469,1.4838,1.1985,0.2832,0.0803,understat
6857,Morgan Gibbs-White,2025-2026,ENG-Premier League,Nottingham Forest,F M S,Winger,37,3142,15.0,11.6717,14.0,10.9105,4.0,4.5045,83.0,48.0,17.2654,5.4137,0.4297,0.3343,0.1146,0.129,2.3775,1.3749,0.4946,0.1551,understat
12412,Morgan Rogers,2025-2026,ENG-Premier League,Aston Villa,F M,Winger,37,3301,10.0,7.1458,10.0,7.1458,6.0,7.475,84.0,48.0,18.2049,7.1803,0.2726,0.1948,0.1636,0.2038,2.2902,1.3087,0.4963,0.1958,understat
8117,Nick Woltemade,2025-2026,ENG-Premier League,Newcastle United,F M S,Winger,33,1953,8.0,8.262,7.0,7.5009,3.0,2.9013,32.0,22.0,8.7923,2.301,0.3687,0.3807,0.1382,0.1337,1.4747,1.0138,0.4052,0.106,understat
11966,Noah Okafor,2025-2026,ENG-Premier League,Leeds,F M S,Winger,28,1592,8.0,6.2967,8.0,6.2967,1.0,2.2593,35.0,19.0,10.916,3.8219,0.4523,0.356,0.0565,0.1277,1.9786,1.0741,0.6171,0.2161,understat
11357,Noni Madueke,2025-2026,ENG-Premier League,Arsenal,F M S,Winger,26,1246,2.0,1.9964,2.0,1.9964,1.0,4.011,25.0,22.0,6.7281,3.2939,0.1445,0.1442,0.0722,0.2897,1.8058,1.5891,0.486,0.2379,understat
8393,Omar Marmoush,2025-2026,ENG-Premier League,Manchester City,F M S,Winger,21,693,3.0,3.7654,3.0,3.7654,3.0,2.1269,30.0,12.0,6.1928,0.7863,0.3896,0.489,0.3896,0.2762,3.8961,1.5584,0.8043,0.1021,understat
11903,Oscar Bobb,2025-2026,ENG-Premier League,"Fulham,Manchester City",F M S,Winger,23,1046,0.0,1.4291,0.0,1.4291,1.0,2.0171,12.0,22.0,5.7597,3.5445,0.0,0.123,0.086,0.1736,1.0325,1.8929,0.4956,0.305,understat
14290,Pablo,2025-2026,ENG-Premier League,West Ham,F M S,Winger,14,844,0.0,1.4235,0.0,1.4235,1.0,1.2928,12.0,13.0,3.4716,0.8118,0.0,0.1518,0.1066,0.1379,1.2796,1.3863,0.3702,0.0866,understat
6382,Pedro Neto,2025-2026,ENG-Premier League,Chelsea,F M S,Winger,34,2667,5.0,5.1497,5.0,5.1497,6.0,7.9338,46.0,53.0,19.2751,9.8269,0.1687,0.1738,0.2025,0.2677,1.5523,1.7885,0.6505,0.3316,understat
6055,Phil Foden,2025-2026,ENG-Premier League,Manchester City,F M S,Winger,33,2083,7.0,6.6886,7.0,6.6886,5.0,6.1071,55.0,53.0,19.914,11.2492,0.3024,0.289,0.216,0.2639,2.3764,2.29,0.8604,0.486,understat
5743,Randal Kolo Muani,2025-2026,ENG-Premier League,Tottenham,F M S,Winger,30,1704,1.0,2.7006,1.0,2.7006,1.0,1.8472,20.0,19.0,4.2461,0.7897,0.0528,0.1426,0.0528,0.0976,1.0563,1.0035,0.2243,0.0417,understat
6026,Richarlison,2025-2026,ENG-Premier League,Tottenham,F M S,Winger,32,1926,11.0,9.8663,11.0,9.8663,4.0,3.4082,61.0,19.0,11.1879,2.2565,0.514,0.461,0.1869,0.1593,2.8505,0.8879,0.5228,0.1054,understat
12756,Rodrigo Gomes,2025-2026,ENG-Premier League,Wolverhampton Wanderers,D F M S,Winger,22,951,3.0,2.2844,3.0,2.2844,0.0,0.1513,21.0,3.0,3.377,1.0081,0.2839,0.2162,0.0,0.0143,1.9874,0.2839,0.3196,0.0954,understat
11710,Simon Adingra,2025-2026,ENG-Premier League,Sunderland,F M S,Winger,14,665,1.0,0.3356,1.0,0.3356,0.0,0.7324,6.0,7.0,1.9754,1.0532,0.1353,0.0454,0.0,0.0991,0.812,0.9474,0.2674,0.1425,understat
11965,Tijjani Reijnders,2025-2026,ENG-Premier League,Manchester City,F M S,Winger,28,1642,5.0,4.8619,5.0,4.8619,2.0,3.0733,49.0,18.0,13.192,7.1736,0.2741,0.2665,0.1096,0.1685,2.6857,0.9866,0.7231,0.3932,understat
10822,Wilson Odobert,2025-2026,ENG-Premier League,Tottenham,F M S,Winger,24,946,0.0,2.4602,0.0,2.4602,2.0,1.9524,21.0,20.0,5.9682,2.8834,0.0,0.2341,0.1903,0.1857,1.9979,1.9027,0.5678,0.2743,understat
8700,Xavi Simons,2025-2026,ENG-Premier League,Tottenham,F M S,Winger,28,1768,2.0,2.7163,2.0,2.7163,5.0,4.6506,42.0,34.0,9.5299,5.2032,0.1018,0.1383,0.2545,0.2367,2.138,1.7308,0.4851,0.2649,understat
9024,Yeremi Pino,2025-2026,ENG-Premier League,Crystal Palace,F M S,Winger,34,2134,2.0,4.373,2.0,4.373,2.0,8.5021,45.0,48.0,13.4667,4.5874,0.0843,0.1844,0.0843,0.3586,1.8978,2.0244,0.5679,0.1935,understat
